-- phpMyAdmin SQL Dump
-- version 4.0.10deb1
-- http://www.phpmyadmin.net
--
-- Host: localhost
-- Generation Time: Sep 14, 2015 at 03:21 PM
-- Server version: 5.5.44-0ubuntu0.14.04.1
-- PHP Version: 5.5.9-1ubuntu4.11

SET SQL_MODE = "NO_AUTO_VALUE_ON_ZERO";
SET time_zone = "+00:00";


/*!40101 SET @OLD_CHARACTER_SET_CLIENT=@@CHARACTER_SET_CLIENT */;
/*!40101 SET @OLD_CHARACTER_SET_RESULTS=@@CHARACTER_SET_RESULTS */;
/*!40101 SET @OLD_COLLATION_CONNECTION=@@COLLATION_CONNECTION */;
/*!40101 SET NAMES utf8 */;

--
-- Database: `quiz_portal`
--
CREATE DATABASE IF NOT EXISTS `quiz_portal` DEFAULT CHARACTER SET latin1 COLLATE latin1_swedish_ci;
USE `quiz_portal`;

DELIMITER $$
--
-- Procedures
--
CREATE DEFINER=`root`@`localhost` PROCEDURE `move_question`(
v_direction varchar(4),
v_question_id int
)
BEGIN
declare id_up int;
declare priority_up int;
declare id_down int     ;
declare priority_down int;
declare priority_current int;
declare v_quiz_id int;
select priority,quiz_id into priority_current,v_quiz_id from questions where id=v_question_id and parent_id=0;
select id,priority into id_up,priority_up from questions where quiz_id=v_quiz_id and priority<priority_current and parent_id=0 order by priority desc limit 0,1;
select id,priority into id_down,priority_down from questions where quiz_id=v_quiz_id and priority>priority_current and parent_id=0 order by priority limit 0,1;
if v_direction = 'up' then
    if priority_up is not null then
update questions set priority=priority_up where id=v_question_id and parent_id=0;
update questions set priority=priority_current where id=id_up and parent_id=0;
    end if;
ELSEIF  v_direction = 'down' then
    if priority_down is not null then
update questions set priority=priority_down where id=v_question_id and parent_id=0;
update questions set priority=priority_current where id=id_down and parent_id=0;
    end if;
end if ;
END$$

CREATE DEFINER=`root`@`localhost` PROCEDURE `p_quiz_results`(IN `v_user_quiz_id` INT)
begin

select total_point,
	quiz_time,
	   total_perc,
	   user_quiz_id,
	   results_mode,
	   show_results,
	   pass_score,
	   (case results_mode when 1 then ( case when total_point >= pass_score then 1 else 0 end) 
						 when 2 then ( case when total_perc >= pass_score then 1 else 0 end) end ) as quiz_success
	   from (
select ifnull(round(sum((case when q_total < 0 then 0 else q_total end)),2),0) as total_point ,
	   ifnull(round(sum((case when q_perc < 0 then 0 else q_perc end)),2),0) as total_perc ,
	   uqz.id as user_quiz_id,
	   asg.results_mode,
	   asg.show_results,
	   asg.pass_score,
           asg.quiz_time
from user_quizzes uqz
left join (
select SUM(correct_answers_count) ca_total, 
	   COUNT(*) a_count,
	   question_id,
	   point ,	     
	   (point / (case when question_type_id in (0,1) then (case ca_count when 0 then 1 else ca_count end) else answer_count end ) ) * SUM(correct_answers_count) as q_total,
	   qst.answer_count,
	   question_type_id,
	   ca_count,
	   user_quiz_id,
	   ((100.00/cnts.q_count)/(case when question_type_id in (0,1) then (case ca_count when 0 then 1 else ca_count end) else answer_count end ) ) * SUM(correct_answers_count) as q_perc
	   from (
select (
			case when q.question_type_id in (0,1) then
				case when a.correct_answer=1 then
					1
				else -1 end
				when q.question_type_id in (3,4) then
				case when uq.user_answer_text = a.correct_answer_text then
					1
				else -1 end
			end
		) correct_answers_count ,
		q.point,
		uq.question_id,	
		q.question_type_id,
		q.quiz_id,
		uq.user_quiz_id 
from user_answers uq
left join answers a on a.id = uq.answer_id
left join questions q on q.id = uq.question_id

) total 
left join (

				select count(*) answer_count, SUM(correct_answer) ca_count , qs.id from answers av
				left join question_groups qg on qg.id = av.group_id
			    left join questions qs on qs.id=qg.question_id
			    where av.control_type=1

			    group by qs.id
	
			) qst
on qst.id = total.question_id
left join (
				select COUNT(*) q_count,quiz_id from questions 				

			    group by quiz_id 
			)	cnts on cnts.quiz_id = total.quiz_id
group by question_id ,
		 qst.answer_count,
		 cnts.q_count,
		 point ,question_type_id ,qst.ca_count,
		 user_quiz_id
) results 
on uqz.id=results.user_quiz_id
left join assignments asg on asg.id = uqz.assignment_id
where user_quiz_id=v_user_quiz_id
group by user_quiz_id,
		 asg.results_mode,
		  uqz.id,
	   asg.results_mode,
	   asg.show_results,
	   asg.pass_score,
           asg.quiz_time
	   ) res ;
	   
end$$

DELIMITER ;

-- --------------------------------------------------------

--
-- Table structure for table `answers`
--

CREATE TABLE IF NOT EXISTS `answers` (
  `id` int(11) NOT NULL AUTO_INCREMENT,
  `group_id` int(11) NOT NULL,
  `answer_text` varchar(800) DEFAULT NULL,
  `answer_image` varchar(450) DEFAULT NULL,
  `correct_answer` int(11) NOT NULL,
  `priority` int(11) DEFAULT NULL,
  `correct_answer_text` varchar(800) DEFAULT NULL,
  `answer_pos` int(11) NOT NULL DEFAULT '0',
  `parent_id` int(11) NOT NULL,
  `answer_text_eng` varchar(800) DEFAULT NULL,
  `control_type` int(11) DEFAULT NULL,
  `answer_parent_id` int(11) DEFAULT NULL,
  `text_unit` char(10) NOT NULL,
  PRIMARY KEY (`id`),
  KEY `group_id` (`group_id`)
) ENGINE=InnoDB  DEFAULT CHARSET=utf8 AUTO_INCREMENT=177242 ;

--
-- Dumping data for table `answers`
--

INSERT INTO `answers` (`id`, `group_id`, `answer_text`, `answer_image`, `correct_answer`, `priority`, `correct_answer_text`, `answer_pos`, `parent_id`, `answer_text_eng`, `control_type`, `answer_parent_id`, `text_unit`) VALUES
(175469, 210, 'Bill Gates', NULL, 1, 0, '', 1, 0, NULL, 1, 0, ''),
(175470, 210, 'Michael Dell', NULL, 0, 0, '', 1, 0, NULL, 1, 0, ''),
(175471, 210, 'Steve Jobs', NULL, 0, 0, '', 1, 0, NULL, 1, 0, ''),
(175472, 210, 'Bruce Lee', NULL, 0, 0, '', 1, 0, NULL, 1, 0, ''),
(175473, 211, '2 + 2 = 4', NULL, 1, 0, '', 1, 0, NULL, 1, 0, ''),
(175474, 211, '2 + 3 = 4', NULL, 0, 0, '', 1, 0, NULL, 1, 0, ''),
(175475, 211, '2 * 2 = 4', NULL, 1, 0, '', 1, 0, NULL, 1, 0, ''),
(175476, 211, '2 * 3 = 4', NULL, 0, 0, '', 1, 0, NULL, 1, 0, ''),
(175477, 212, '1 + 1 =', NULL, 0, 0, '2', 1, 0, NULL, 1, 0, ''),
(175478, 212, '2 + 1 =', NULL, 0, 0, '3', 1, 0, NULL, 1, 0, ''),
(175479, 212, '3 + 1 =', NULL, 0, 0, '4', 1, 0, NULL, 1, 0, ''),
(175480, 212, '4 + 1 =', NULL, 0, 0, '5', 1, 0, NULL, 1, 0, ''),
(175481, 213, '', NULL, 0, 0, 'Microsoft', 1, 0, NULL, 1, 0, ''),
(175691, 275, 'qw', NULL, 0, 0, '', 1, 0, NULL, 1, 0, ''),
(175692, 275, 'as', NULL, 1, 0, '', 1, 0, NULL, 1, 0, ''),
(175693, 275, 'zx', NULL, 0, 0, '', 1, 0, NULL, 1, 0, ''),
(175694, 275, 'er', NULL, 0, 0, '', 1, 0, NULL, 1, 0, ''),
(175695, 276, 'Bill Gates', NULL, 1, 0, '', 1, 175469, NULL, 1, 0, ''),
(175696, 276, 'Michael Dell', NULL, 0, 0, '', 1, 175470, NULL, 1, 0, ''),
(175697, 276, 'Steve Jobs', NULL, 0, 0, '', 1, 175471, NULL, 1, 0, ''),
(175698, 276, 'Bruce Lee', NULL, 0, 0, '', 1, 175472, NULL, 1, 0, ''),
(175699, 277, '2 + 2 = 4', NULL, 1, 0, '', 1, 175473, NULL, 1, 0, ''),
(175700, 277, '2 + 3 = 4', NULL, 0, 0, '', 1, 175474, NULL, 1, 0, ''),
(175701, 277, '2 * 2 = 4', NULL, 1, 0, '', 1, 175475, NULL, 1, 0, ''),
(175702, 277, '2 * 3 = 4', NULL, 0, 0, '', 1, 175476, NULL, 1, 0, ''),
(175703, 278, '1 + 1 =', NULL, 0, 0, '2', 1, 175477, NULL, 1, 0, ''),
(175704, 278, '2 + 1 =', NULL, 0, 0, '3', 1, 175478, NULL, 1, 0, ''),
(175705, 278, '3 + 1 =', NULL, 0, 0, '4', 1, 175479, NULL, 1, 0, ''),
(175706, 278, '4 + 1 =', NULL, 0, 0, '5', 1, 175480, NULL, 1, 0, ''),
(175707, 279, '', NULL, 0, 0, 'Microsoft', 1, 175481, NULL, 1, 0, ''),
(175708, 280, 'qw', NULL, 0, 0, '', 1, 175691, NULL, 1, 0, ''),
(175709, 280, 'as', NULL, 1, 0, '', 1, 175692, NULL, 1, 0, ''),
(175710, 280, 'zx', NULL, 0, 0, '', 1, 175693, NULL, 1, 0, ''),
(175711, 280, 'er', NULL, 0, 0, '', 1, 175694, NULL, 1, 0, ''),
(175712, 281, 'Bill Gates', NULL, 1, 0, '', 1, 175469, NULL, 1, 0, ''),
(175713, 281, 'Michael Dell', NULL, 0, 0, '', 1, 175470, NULL, 1, 0, ''),
(175714, 281, 'Steve Jobs', NULL, 0, 0, '', 1, 175471, NULL, 1, 0, ''),
(175715, 281, 'Bruce Lee', NULL, 0, 0, '', 1, 175472, NULL, 1, 0, ''),
(175716, 282, '2 + 2 = 4', NULL, 1, 0, '', 1, 175473, NULL, 1, 0, ''),
(175717, 282, '2 + 3 = 4', NULL, 0, 0, '', 1, 175474, NULL, 1, 0, ''),
(175718, 282, '2 * 2 = 4', NULL, 1, 0, '', 1, 175475, NULL, 1, 0, ''),
(175719, 282, '2 * 3 = 4', NULL, 0, 0, '', 1, 175476, NULL, 1, 0, ''),
(175720, 283, '1 + 1 =', NULL, 0, 0, '2', 1, 175477, NULL, 1, 0, ''),
(175721, 283, '2 + 1 =', NULL, 0, 0, '3', 1, 175478, NULL, 1, 0, ''),
(175722, 283, '3 + 1 =', NULL, 0, 0, '4', 1, 175479, NULL, 1, 0, ''),
(175723, 283, '4 + 1 =', NULL, 0, 0, '5', 1, 175480, NULL, 1, 0, ''),
(175724, 284, '', NULL, 0, 0, 'Microsoft', 1, 175481, NULL, 1, 0, ''),
(175725, 285, 'qw', NULL, 0, 0, '', 1, 175691, NULL, 1, 0, ''),
(175726, 285, 'as', NULL, 1, 0, '', 1, 175692, NULL, 1, 0, ''),
(175727, 285, 'zx', NULL, 0, 0, '', 1, 175693, NULL, 1, 0, ''),
(175728, 285, 'er', NULL, 0, 0, '', 1, 175694, NULL, 1, 0, ''),
(175729, 286, 'Bill Gates', NULL, 1, 0, '', 1, 175469, NULL, 1, 0, ''),
(175730, 286, 'Michael Dell', NULL, 0, 0, '', 1, 175470, NULL, 1, 0, ''),
(175731, 286, 'Steve Jobs', NULL, 0, 0, '', 1, 175471, NULL, 1, 0, ''),
(175732, 286, 'Bruce Lee', NULL, 0, 0, '', 1, 175472, NULL, 1, 0, ''),
(175733, 287, '2 + 2 = 4', NULL, 1, 0, '', 1, 175473, NULL, 1, 0, ''),
(175734, 287, '2 + 3 = 4', NULL, 0, 0, '', 1, 175474, NULL, 1, 0, ''),
(175735, 287, '2 * 2 = 4', NULL, 1, 0, '', 1, 175475, NULL, 1, 0, ''),
(175736, 287, '2 * 3 = 4', NULL, 0, 0, '', 1, 175476, NULL, 1, 0, ''),
(175737, 288, '1 + 1 =', NULL, 0, 0, '2', 1, 175477, NULL, 1, 0, ''),
(175738, 288, '2 + 1 =', NULL, 0, 0, '3', 1, 175478, NULL, 1, 0, ''),
(175739, 288, '3 + 1 =', NULL, 0, 0, '4', 1, 175479, NULL, 1, 0, ''),
(175740, 288, '4 + 1 =', NULL, 0, 0, '5', 1, 175480, NULL, 1, 0, ''),
(175741, 289, '', NULL, 0, 0, 'Microsoft', 1, 175481, NULL, 1, 0, ''),
(175742, 290, 'qw', NULL, 0, 0, '', 1, 175691, NULL, 1, 0, ''),
(175743, 290, 'as', NULL, 1, 0, '', 1, 175692, NULL, 1, 0, ''),
(175744, 290, 'zx', NULL, 0, 0, '', 1, 175693, NULL, 1, 0, ''),
(175745, 290, 'er', NULL, 0, 0, '', 1, 175694, NULL, 1, 0, ''),
(175746, 291, 'Bill Gates', NULL, 1, 0, '', 1, 175469, NULL, 1, 0, ''),
(175747, 291, 'Michael Dell', NULL, 0, 0, '', 1, 175470, NULL, 1, 0, ''),
(175748, 291, 'Steve Jobs', NULL, 0, 0, '', 1, 175471, NULL, 1, 0, ''),
(175749, 291, 'Bruce Lee', NULL, 0, 0, '', 1, 175472, NULL, 1, 0, ''),
(175750, 292, '2 + 2 = 4', NULL, 1, 0, '', 1, 175473, NULL, 1, 0, ''),
(175751, 292, '2 + 3 = 4', NULL, 0, 0, '', 1, 175474, NULL, 1, 0, ''),
(175752, 292, '2 * 2 = 4', NULL, 1, 0, '', 1, 175475, NULL, 1, 0, ''),
(175753, 292, '2 * 3 = 4', NULL, 0, 0, '', 1, 175476, NULL, 1, 0, ''),
(175754, 293, '1 + 1 =', NULL, 0, 0, '2', 1, 175477, NULL, 1, 0, ''),
(175755, 293, '2 + 1 =', NULL, 0, 0, '3', 1, 175478, NULL, 1, 0, ''),
(175756, 293, '3 + 1 =', NULL, 0, 0, '4', 1, 175479, NULL, 1, 0, ''),
(175757, 293, '4 + 1 =', NULL, 0, 0, '5', 1, 175480, NULL, 1, 0, ''),
(175758, 294, '', NULL, 0, 0, 'Microsoft', 1, 175481, NULL, 1, 0, ''),
(175759, 295, 'qw', NULL, 0, 0, '', 1, 175691, NULL, 1, 0, ''),
(175760, 295, 'as', NULL, 1, 0, '', 1, 175692, NULL, 1, 0, ''),
(175761, 295, 'zx', NULL, 0, 0, '', 1, 175693, NULL, 1, 0, ''),
(175762, 295, 'er', NULL, 0, 0, '', 1, 175694, NULL, 1, 0, ''),
(175763, 296, 'Bill Gates', NULL, 1, 0, '', 1, 175469, NULL, 1, 0, ''),
(175764, 296, 'Michael Dell', NULL, 0, 0, '', 1, 175470, NULL, 1, 0, ''),
(175765, 296, 'Steve Jobs', NULL, 0, 0, '', 1, 175471, NULL, 1, 0, ''),
(175766, 296, 'Bruce Lee', NULL, 0, 0, '', 1, 175472, NULL, 1, 0, ''),
(175767, 297, '2 + 2 = 4', NULL, 1, 0, '', 1, 175473, NULL, 1, 0, ''),
(175768, 297, '2 + 3 = 4', NULL, 0, 0, '', 1, 175474, NULL, 1, 0, ''),
(175769, 297, '2 * 2 = 4', NULL, 1, 0, '', 1, 175475, NULL, 1, 0, ''),
(175770, 297, '2 * 3 = 4', NULL, 0, 0, '', 1, 175476, NULL, 1, 0, ''),
(175771, 298, '1 + 1 =', NULL, 0, 0, '2', 1, 175477, NULL, 1, 0, ''),
(175772, 298, '2 + 1 =', NULL, 0, 0, '3', 1, 175478, NULL, 1, 0, ''),
(175773, 298, '3 + 1 =', NULL, 0, 0, '4', 1, 175479, NULL, 1, 0, ''),
(175774, 298, '4 + 1 =', NULL, 0, 0, '5', 1, 175480, NULL, 1, 0, ''),
(175775, 299, '', NULL, 0, 0, 'Microsoft', 1, 175481, NULL, 1, 0, ''),
(175776, 300, 'qw', NULL, 0, 0, '', 1, 175691, NULL, 1, 0, ''),
(175777, 300, 'as', NULL, 1, 0, '', 1, 175692, NULL, 1, 0, ''),
(175778, 300, 'zx', NULL, 0, 0, '', 1, 175693, NULL, 1, 0, ''),
(175779, 300, 'er', NULL, 0, 0, '', 1, 175694, NULL, 1, 0, ''),
(175780, 301, 'Bill Gates', NULL, 1, 0, '', 1, 175469, NULL, 1, 0, ''),
(175781, 301, 'Michael Dell', NULL, 0, 0, '', 1, 175470, NULL, 1, 0, ''),
(175782, 301, 'Steve Jobs', NULL, 0, 0, '', 1, 175471, NULL, 1, 0, ''),
(175783, 301, 'Bruce Lee', NULL, 0, 0, '', 1, 175472, NULL, 1, 0, ''),
(175784, 302, '2 + 2 = 4', NULL, 1, 0, '', 1, 175473, NULL, 1, 0, ''),
(175785, 302, '2 + 3 = 4', NULL, 0, 0, '', 1, 175474, NULL, 1, 0, ''),
(175786, 302, '2 * 2 = 4', NULL, 1, 0, '', 1, 175475, NULL, 1, 0, ''),
(175787, 302, '2 * 3 = 4', NULL, 0, 0, '', 1, 175476, NULL, 1, 0, ''),
(175788, 303, '1 + 1 =', NULL, 0, 0, '2', 1, 175477, NULL, 1, 0, ''),
(175789, 303, '2 + 1 =', NULL, 0, 0, '3', 1, 175478, NULL, 1, 0, ''),
(175790, 303, '3 + 1 =', NULL, 0, 0, '4', 1, 175479, NULL, 1, 0, ''),
(175791, 303, '4 + 1 =', NULL, 0, 0, '5', 1, 175480, NULL, 1, 0, ''),
(175792, 304, '', NULL, 0, 0, 'Microsoft', 1, 175481, NULL, 1, 0, ''),
(175793, 305, 'qw', NULL, 0, 0, '', 1, 175691, NULL, 1, 0, ''),
(175794, 305, 'as', NULL, 1, 0, '', 1, 175692, NULL, 1, 0, ''),
(175795, 305, 'zx', NULL, 0, 0, '', 1, 175693, NULL, 1, 0, ''),
(175796, 305, 'er', NULL, 0, 0, '', 1, 175694, NULL, 1, 0, ''),
(175797, 306, 'Bill Gates', NULL, 1, 0, '', 1, 175469, NULL, 1, 0, ''),
(175798, 306, 'Michael Dell', NULL, 0, 0, '', 1, 175470, NULL, 1, 0, ''),
(175799, 306, 'Steve Jobs', NULL, 0, 0, '', 1, 175471, NULL, 1, 0, ''),
(175800, 306, 'Bruce Lee', NULL, 0, 0, '', 1, 175472, NULL, 1, 0, ''),
(175801, 307, '2 + 2 = 4', NULL, 1, 0, '', 1, 175473, NULL, 1, 0, ''),
(175802, 307, '2 + 3 = 4', NULL, 0, 0, '', 1, 175474, NULL, 1, 0, ''),
(175803, 307, '2 * 2 = 4', NULL, 1, 0, '', 1, 175475, NULL, 1, 0, ''),
(175804, 307, '2 * 3 = 4', NULL, 0, 0, '', 1, 175476, NULL, 1, 0, ''),
(175805, 308, '1 + 1 =', NULL, 0, 0, '2', 1, 175477, NULL, 1, 0, ''),
(175806, 308, '2 + 1 =', NULL, 0, 0, '3', 1, 175478, NULL, 1, 0, ''),
(175807, 308, '3 + 1 =', NULL, 0, 0, '4', 1, 175479, NULL, 1, 0, ''),
(175808, 308, '4 + 1 =', NULL, 0, 0, '5', 1, 175480, NULL, 1, 0, ''),
(175809, 309, '', NULL, 0, 0, 'Microsoft', 1, 175481, NULL, 1, 0, ''),
(175810, 310, 'qw', NULL, 0, 0, '', 1, 175691, NULL, 1, 0, ''),
(175811, 310, 'as', NULL, 1, 0, '', 1, 175692, NULL, 1, 0, ''),
(175812, 310, 'zx', NULL, 0, 0, '', 1, 175693, NULL, 1, 0, ''),
(175813, 310, 'er', NULL, 0, 0, '', 1, 175694, NULL, 1, 0, ''),
(175814, 311, 'Bill Gates', NULL, 1, 0, '', 1, 175469, NULL, 1, 0, ''),
(175815, 311, 'Michael Dell', NULL, 0, 0, '', 1, 175470, NULL, 1, 0, ''),
(175816, 311, 'Steve Jobs', NULL, 0, 0, '', 1, 175471, NULL, 1, 0, ''),
(175817, 311, 'Bruce Lee', NULL, 0, 0, '', 1, 175472, NULL, 1, 0, ''),
(175818, 312, '2 + 2 = 4', NULL, 1, 0, '', 1, 175473, NULL, 1, 0, ''),
(175819, 312, '2 + 3 = 4', NULL, 0, 0, '', 1, 175474, NULL, 1, 0, ''),
(175820, 312, '2 * 2 = 4', NULL, 1, 0, '', 1, 175475, NULL, 1, 0, ''),
(175821, 312, '2 * 3 = 4', NULL, 0, 0, '', 1, 175476, NULL, 1, 0, ''),
(175822, 313, '1 + 1 =', NULL, 0, 0, '2', 1, 175477, NULL, 1, 0, ''),
(175823, 313, '2 + 1 =', NULL, 0, 0, '3', 1, 175478, NULL, 1, 0, ''),
(175824, 313, '3 + 1 =', NULL, 0, 0, '4', 1, 175479, NULL, 1, 0, ''),
(175825, 313, '4 + 1 =', NULL, 0, 0, '5', 1, 175480, NULL, 1, 0, ''),
(175826, 314, '', NULL, 0, 0, 'Microsoft', 1, 175481, NULL, 1, 0, ''),
(175827, 315, 'qw', NULL, 0, 0, '', 1, 175691, NULL, 1, 0, ''),
(175828, 315, 'as', NULL, 1, 0, '', 1, 175692, NULL, 1, 0, ''),
(175829, 315, 'zx', NULL, 0, 0, '', 1, 175693, NULL, 1, 0, ''),
(175830, 315, 'er', NULL, 0, 0, '', 1, 175694, NULL, 1, 0, ''),
(175831, 316, 'Bill Gates', NULL, 1, 0, '', 1, 175469, NULL, 1, 0, ''),
(175832, 316, 'Michael Dell', NULL, 0, 0, '', 1, 175470, NULL, 1, 0, ''),
(175833, 316, 'Steve Jobs', NULL, 0, 0, '', 1, 175471, NULL, 1, 0, ''),
(175834, 316, 'Bruce Lee', NULL, 0, 0, '', 1, 175472, NULL, 1, 0, ''),
(175835, 317, '2 + 2 = 4', NULL, 1, 0, '', 1, 175473, NULL, 1, 0, ''),
(175836, 317, '2 + 3 = 4', NULL, 0, 0, '', 1, 175474, NULL, 1, 0, ''),
(175837, 317, '2 * 2 = 4', NULL, 1, 0, '', 1, 175475, NULL, 1, 0, ''),
(175838, 317, '2 * 3 = 4', NULL, 0, 0, '', 1, 175476, NULL, 1, 0, ''),
(175839, 318, '1 + 1 =', NULL, 0, 0, '2', 1, 175477, NULL, 1, 0, ''),
(175840, 318, '2 + 1 =', NULL, 0, 0, '3', 1, 175478, NULL, 1, 0, ''),
(175841, 318, '3 + 1 =', NULL, 0, 0, '4', 1, 175479, NULL, 1, 0, ''),
(175842, 318, '4 + 1 =', NULL, 0, 0, '5', 1, 175480, NULL, 1, 0, ''),
(175843, 319, '', NULL, 0, 0, 'Microsoft', 1, 175481, NULL, 1, 0, ''),
(175844, 320, 'qw', NULL, 0, 0, '', 1, 175691, NULL, 1, 0, ''),
(175845, 320, 'as', NULL, 1, 0, '', 1, 175692, NULL, 1, 0, ''),
(175846, 320, 'zx', NULL, 0, 0, '', 1, 175693, NULL, 1, 0, ''),
(175847, 320, 'er', NULL, 0, 0, '', 1, 175694, NULL, 1, 0, ''),
(175848, 321, 'Bill Gates', NULL, 1, 0, '', 1, 175469, NULL, 1, 0, ''),
(175849, 321, 'Michael Dell', NULL, 0, 0, '', 1, 175470, NULL, 1, 0, ''),
(175850, 321, 'Steve Jobs', NULL, 0, 0, '', 1, 175471, NULL, 1, 0, ''),
(175851, 321, 'Bruce Lee', NULL, 0, 0, '', 1, 175472, NULL, 1, 0, ''),
(175852, 322, '2 + 2 = 4', NULL, 1, 0, '', 1, 175473, NULL, 1, 0, ''),
(175853, 322, '2 + 3 = 4', NULL, 0, 0, '', 1, 175474, NULL, 1, 0, ''),
(175854, 322, '2 * 2 = 4', NULL, 1, 0, '', 1, 175475, NULL, 1, 0, ''),
(175855, 322, '2 * 3 = 4', NULL, 0, 0, '', 1, 175476, NULL, 1, 0, ''),
(175856, 323, '1 + 1 =', NULL, 0, 0, '2', 1, 175477, NULL, 1, 0, ''),
(175857, 323, '2 + 1 =', NULL, 0, 0, '3', 1, 175478, NULL, 1, 0, ''),
(175858, 323, '3 + 1 =', NULL, 0, 0, '4', 1, 175479, NULL, 1, 0, ''),
(175859, 323, '4 + 1 =', NULL, 0, 0, '5', 1, 175480, NULL, 1, 0, ''),
(175860, 324, '', NULL, 0, 0, 'Microsoft', 1, 175481, NULL, 1, 0, ''),
(175861, 325, 'qw', NULL, 0, 0, '', 1, 175691, NULL, 1, 0, ''),
(175862, 325, 'as', NULL, 1, 0, '', 1, 175692, NULL, 1, 0, ''),
(175863, 325, 'zx', NULL, 0, 0, '', 1, 175693, NULL, 1, 0, ''),
(175864, 325, 'er', NULL, 0, 0, '', 1, 175694, NULL, 1, 0, ''),
(175865, 326, 'Bill Gates', NULL, 1, 0, '', 1, 175469, NULL, 1, 0, ''),
(175866, 326, 'Michael Dell', NULL, 0, 0, '', 1, 175470, NULL, 1, 0, ''),
(175867, 326, 'Steve Jobs', NULL, 0, 0, '', 1, 175471, NULL, 1, 0, ''),
(175868, 326, 'Bruce Lee', NULL, 0, 0, '', 1, 175472, NULL, 1, 0, ''),
(175869, 327, '2 + 2 = 4', NULL, 1, 0, '', 1, 175473, NULL, 1, 0, ''),
(175870, 327, '2 + 3 = 4', NULL, 0, 0, '', 1, 175474, NULL, 1, 0, ''),
(175871, 327, '2 * 2 = 4', NULL, 1, 0, '', 1, 175475, NULL, 1, 0, ''),
(175872, 327, '2 * 3 = 4', NULL, 0, 0, '', 1, 175476, NULL, 1, 0, ''),
(175873, 328, '1 + 1 =', NULL, 0, 0, '2', 1, 175477, NULL, 1, 0, ''),
(175874, 328, '2 + 1 =', NULL, 0, 0, '3', 1, 175478, NULL, 1, 0, ''),
(175875, 328, '3 + 1 =', NULL, 0, 0, '4', 1, 175479, NULL, 1, 0, ''),
(175876, 328, '4 + 1 =', NULL, 0, 0, '5', 1, 175480, NULL, 1, 0, ''),
(175877, 329, '', NULL, 0, 0, 'Microsoft', 1, 175481, NULL, 1, 0, ''),
(175878, 330, 'qw', NULL, 0, 0, '', 1, 175691, NULL, 1, 0, ''),
(175879, 330, 'as', NULL, 1, 0, '', 1, 175692, NULL, 1, 0, ''),
(175880, 330, 'zx', NULL, 0, 0, '', 1, 175693, NULL, 1, 0, ''),
(175881, 330, 'er', NULL, 0, 0, '', 1, 175694, NULL, 1, 0, ''),
(175882, 331, 'Bill Gates', NULL, 1, 0, '', 1, 175469, NULL, 1, 0, ''),
(175883, 331, 'Michael Dell', NULL, 0, 0, '', 1, 175470, NULL, 1, 0, ''),
(175884, 331, 'Steve Jobs', NULL, 0, 0, '', 1, 175471, NULL, 1, 0, ''),
(175885, 331, 'Bruce Lee', NULL, 0, 0, '', 1, 175472, NULL, 1, 0, ''),
(175886, 332, '2 + 2 = 4', NULL, 1, 0, '', 1, 175473, NULL, 1, 0, ''),
(175887, 332, '2 + 3 = 4', NULL, 0, 0, '', 1, 175474, NULL, 1, 0, ''),
(175888, 332, '2 * 2 = 4', NULL, 1, 0, '', 1, 175475, NULL, 1, 0, ''),
(175889, 332, '2 * 3 = 4', NULL, 0, 0, '', 1, 175476, NULL, 1, 0, ''),
(175890, 333, '1 + 1 =', NULL, 0, 0, '2', 1, 175477, NULL, 1, 0, ''),
(175891, 333, '2 + 1 =', NULL, 0, 0, '3', 1, 175478, NULL, 1, 0, ''),
(175892, 333, '3 + 1 =', NULL, 0, 0, '4', 1, 175479, NULL, 1, 0, ''),
(175893, 333, '4 + 1 =', NULL, 0, 0, '5', 1, 175480, NULL, 1, 0, ''),
(175894, 334, '', NULL, 0, 0, 'Microsoft', 1, 175481, NULL, 1, 0, ''),
(175895, 335, 'qw', NULL, 0, 0, '', 1, 175691, NULL, 1, 0, ''),
(175896, 335, 'as', NULL, 1, 0, '', 1, 175692, NULL, 1, 0, ''),
(175897, 335, 'zx', NULL, 0, 0, '', 1, 175693, NULL, 1, 0, ''),
(175898, 335, 'er', NULL, 0, 0, '', 1, 175694, NULL, 1, 0, ''),
(175899, 336, 'Bill Gates', NULL, 1, 0, '', 1, 175469, NULL, 1, 0, ''),
(175900, 336, 'Michael Dell', NULL, 0, 0, '', 1, 175470, NULL, 1, 0, ''),
(175901, 336, 'Steve Jobs', NULL, 0, 0, '', 1, 175471, NULL, 1, 0, ''),
(175902, 336, 'Bruce Lee', NULL, 0, 0, '', 1, 175472, NULL, 1, 0, ''),
(175903, 337, '2 + 2 = 4', NULL, 1, 0, '', 1, 175473, NULL, 1, 0, ''),
(175904, 337, '2 + 3 = 4', NULL, 0, 0, '', 1, 175474, NULL, 1, 0, ''),
(175905, 337, '2 * 2 = 4', NULL, 1, 0, '', 1, 175475, NULL, 1, 0, ''),
(175906, 337, '2 * 3 = 4', NULL, 0, 0, '', 1, 175476, NULL, 1, 0, ''),
(175907, 338, '1 + 1 =', NULL, 0, 0, '2', 1, 175477, NULL, 1, 0, ''),
(175908, 338, '2 + 1 =', NULL, 0, 0, '3', 1, 175478, NULL, 1, 0, ''),
(175909, 338, '3 + 1 =', NULL, 0, 0, '4', 1, 175479, NULL, 1, 0, ''),
(175910, 338, '4 + 1 =', NULL, 0, 0, '5', 1, 175480, NULL, 1, 0, ''),
(175911, 339, '', NULL, 0, 0, 'Microsoft', 1, 175481, NULL, 1, 0, ''),
(175912, 340, 'qw', NULL, 0, 0, '', 1, 175691, NULL, 1, 0, ''),
(175913, 340, 'as', NULL, 1, 0, '', 1, 175692, NULL, 1, 0, ''),
(175914, 340, 'zx', NULL, 0, 0, '', 1, 175693, NULL, 1, 0, ''),
(175915, 340, 'er', NULL, 0, 0, '', 1, 175694, NULL, 1, 0, ''),
(175916, 341, 'Bill Gates', NULL, 1, 0, '', 1, 175469, NULL, 1, 0, ''),
(175917, 341, 'Michael Dell', NULL, 0, 0, '', 1, 175470, NULL, 1, 0, ''),
(175918, 341, 'Steve Jobs', NULL, 0, 0, '', 1, 175471, NULL, 1, 0, ''),
(175919, 341, 'Bruce Lee', NULL, 0, 0, '', 1, 175472, NULL, 1, 0, ''),
(175920, 342, '2 + 2 = 4', NULL, 1, 0, '', 1, 175473, NULL, 1, 0, ''),
(175921, 342, '2 + 3 = 4', NULL, 0, 0, '', 1, 175474, NULL, 1, 0, ''),
(175922, 342, '2 * 2 = 4', NULL, 1, 0, '', 1, 175475, NULL, 1, 0, ''),
(175923, 342, '2 * 3 = 4', NULL, 0, 0, '', 1, 175476, NULL, 1, 0, ''),
(175924, 343, '1 + 1 =', NULL, 0, 0, '2', 1, 175477, NULL, 1, 0, ''),
(175925, 343, '2 + 1 =', NULL, 0, 0, '3', 1, 175478, NULL, 1, 0, ''),
(175926, 343, '3 + 1 =', NULL, 0, 0, '4', 1, 175479, NULL, 1, 0, ''),
(175927, 343, '4 + 1 =', NULL, 0, 0, '5', 1, 175480, NULL, 1, 0, ''),
(175928, 344, '', NULL, 0, 0, 'Microsoft', 1, 175481, NULL, 1, 0, ''),
(175929, 345, 'qw', NULL, 0, 0, '', 1, 175691, NULL, 1, 0, ''),
(175930, 345, 'as', NULL, 1, 0, '', 1, 175692, NULL, 1, 0, ''),
(175931, 345, 'zx', NULL, 0, 0, '', 1, 175693, NULL, 1, 0, ''),
(175932, 345, 'er', NULL, 0, 0, '', 1, 175694, NULL, 1, 0, ''),
(175933, 346, 'Bill Gates', NULL, 1, 0, '', 1, 175469, NULL, 1, 0, ''),
(175934, 346, 'Michael Dell', NULL, 0, 0, '', 1, 175470, NULL, 1, 0, ''),
(175935, 346, 'Steve Jobs', NULL, 0, 0, '', 1, 175471, NULL, 1, 0, ''),
(175936, 346, 'Bruce Lee', NULL, 0, 0, '', 1, 175472, NULL, 1, 0, ''),
(175937, 347, '2 + 2 = 4', NULL, 1, 0, '', 1, 175473, NULL, 1, 0, ''),
(175938, 347, '2 + 3 = 4', NULL, 0, 0, '', 1, 175474, NULL, 1, 0, ''),
(175939, 347, '2 * 2 = 4', NULL, 1, 0, '', 1, 175475, NULL, 1, 0, ''),
(175940, 347, '2 * 3 = 4', NULL, 0, 0, '', 1, 175476, NULL, 1, 0, ''),
(175941, 348, '1 + 1 =', NULL, 0, 0, '2', 1, 175477, NULL, 1, 0, ''),
(175942, 348, '2 + 1 =', NULL, 0, 0, '3', 1, 175478, NULL, 1, 0, ''),
(175943, 348, '3 + 1 =', NULL, 0, 0, '4', 1, 175479, NULL, 1, 0, ''),
(175944, 348, '4 + 1 =', NULL, 0, 0, '5', 1, 175480, NULL, 1, 0, ''),
(175945, 349, '', NULL, 0, 0, 'Microsoft', 1, 175481, NULL, 1, 0, ''),
(175946, 350, 'qw', NULL, 0, 0, '', 1, 175691, NULL, 1, 0, ''),
(175947, 350, 'as', NULL, 1, 0, '', 1, 175692, NULL, 1, 0, ''),
(175948, 350, 'zx', NULL, 0, 0, '', 1, 175693, NULL, 1, 0, ''),
(175949, 350, 'er', NULL, 0, 0, '', 1, 175694, NULL, 1, 0, ''),
(175950, 351, 'Bill Gates', NULL, 1, 0, '', 1, 175469, NULL, 1, 0, ''),
(175951, 351, 'Michael Dell', NULL, 0, 0, '', 1, 175470, NULL, 1, 0, ''),
(175952, 351, 'Steve Jobs', NULL, 0, 0, '', 1, 175471, NULL, 1, 0, ''),
(175953, 351, 'Bruce Lee', NULL, 0, 0, '', 1, 175472, NULL, 1, 0, ''),
(175954, 352, '2 + 2 = 4', NULL, 1, 0, '', 1, 175473, NULL, 1, 0, ''),
(175955, 352, '2 + 3 = 4', NULL, 0, 0, '', 1, 175474, NULL, 1, 0, ''),
(175956, 352, '2 * 2 = 4', NULL, 1, 0, '', 1, 175475, NULL, 1, 0, ''),
(175957, 352, '2 * 3 = 4', NULL, 0, 0, '', 1, 175476, NULL, 1, 0, ''),
(175958, 353, '1 + 1 =', NULL, 0, 0, '2', 1, 175477, NULL, 1, 0, ''),
(175959, 353, '2 + 1 =', NULL, 0, 0, '3', 1, 175478, NULL, 1, 0, ''),
(175960, 353, '3 + 1 =', NULL, 0, 0, '4', 1, 175479, NULL, 1, 0, ''),
(175961, 353, '4 + 1 =', NULL, 0, 0, '5', 1, 175480, NULL, 1, 0, ''),
(175962, 354, '', NULL, 0, 0, 'Microsoft', 1, 175481, NULL, 1, 0, ''),
(175963, 355, 'qw', NULL, 0, 0, '', 1, 175691, NULL, 1, 0, ''),
(175964, 355, 'as', NULL, 1, 0, '', 1, 175692, NULL, 1, 0, ''),
(175965, 355, 'zx', NULL, 0, 0, '', 1, 175693, NULL, 1, 0, ''),
(175966, 355, 'er', NULL, 0, 0, '', 1, 175694, NULL, 1, 0, ''),
(175967, 356, 'Bill Gates', NULL, 1, 0, '', 1, 175469, NULL, 1, 0, ''),
(175968, 356, 'Michael Dell', NULL, 0, 0, '', 1, 175470, NULL, 1, 0, ''),
(175969, 356, 'Steve Jobs', NULL, 0, 0, '', 1, 175471, NULL, 1, 0, ''),
(175970, 356, 'Bruce Lee', NULL, 0, 0, '', 1, 175472, NULL, 1, 0, ''),
(175971, 357, '2 + 2 = 4', NULL, 1, 0, '', 1, 175473, NULL, 1, 0, ''),
(175972, 357, '2 + 3 = 4', NULL, 0, 0, '', 1, 175474, NULL, 1, 0, ''),
(175973, 357, '2 * 2 = 4', NULL, 1, 0, '', 1, 175475, NULL, 1, 0, ''),
(175974, 357, '2 * 3 = 4', NULL, 0, 0, '', 1, 175476, NULL, 1, 0, ''),
(175975, 358, '1 + 1 =', NULL, 0, 0, '2', 1, 175477, NULL, 1, 0, ''),
(175976, 358, '2 + 1 =', NULL, 0, 0, '3', 1, 175478, NULL, 1, 0, ''),
(175977, 358, '3 + 1 =', NULL, 0, 0, '4', 1, 175479, NULL, 1, 0, ''),
(175978, 358, '4 + 1 =', NULL, 0, 0, '5', 1, 175480, NULL, 1, 0, ''),
(175979, 359, '', NULL, 0, 0, 'Microsoft', 1, 175481, NULL, 1, 0, ''),
(175980, 360, 'qw', NULL, 0, 0, '', 1, 175691, NULL, 1, 0, ''),
(175981, 360, 'as', NULL, 1, 0, '', 1, 175692, NULL, 1, 0, ''),
(175982, 360, 'zx', NULL, 0, 0, '', 1, 175693, NULL, 1, 0, ''),
(175983, 360, 'er', NULL, 0, 0, '', 1, 175694, NULL, 1, 0, ''),
(175984, 361, 'Bill Gates', NULL, 1, 0, '', 1, 175469, NULL, 1, 0, ''),
(175985, 361, 'Michael Dell', NULL, 0, 0, '', 1, 175470, NULL, 1, 0, ''),
(175986, 361, 'Steve Jobs', NULL, 0, 0, '', 1, 175471, NULL, 1, 0, ''),
(175987, 361, 'Bruce Lee', NULL, 0, 0, '', 1, 175472, NULL, 1, 0, ''),
(175988, 362, '2 + 2 = 4', NULL, 1, 0, '', 1, 175473, NULL, 1, 0, ''),
(175989, 362, '2 + 3 = 4', NULL, 0, 0, '', 1, 175474, NULL, 1, 0, ''),
(175990, 362, '2 * 2 = 4', NULL, 1, 0, '', 1, 175475, NULL, 1, 0, ''),
(175991, 362, '2 * 3 = 4', NULL, 0, 0, '', 1, 175476, NULL, 1, 0, ''),
(175992, 363, '1 + 1 =', NULL, 0, 0, '2', 1, 175477, NULL, 1, 0, ''),
(175993, 363, '2 + 1 =', NULL, 0, 0, '3', 1, 175478, NULL, 1, 0, ''),
(175994, 363, '3 + 1 =', NULL, 0, 0, '4', 1, 175479, NULL, 1, 0, ''),
(175995, 363, '4 + 1 =', NULL, 0, 0, '5', 1, 175480, NULL, 1, 0, ''),
(175996, 364, '', NULL, 0, 0, 'Microsoft', 1, 175481, NULL, 1, 0, ''),
(175997, 365, 'qw', NULL, 0, 0, '', 1, 175691, NULL, 1, 0, ''),
(175998, 365, 'as', NULL, 1, 0, '', 1, 175692, NULL, 1, 0, ''),
(175999, 365, 'zx', NULL, 0, 0, '', 1, 175693, NULL, 1, 0, ''),
(176000, 365, 'er', NULL, 0, 0, '', 1, 175694, NULL, 1, 0, ''),
(176001, 366, 'Bill Gates', NULL, 1, 0, '', 1, 175469, NULL, 1, 0, ''),
(176002, 366, 'Michael Dell', NULL, 0, 0, '', 1, 175470, NULL, 1, 0, ''),
(176003, 366, 'Steve Jobs', NULL, 0, 0, '', 1, 175471, NULL, 1, 0, ''),
(176004, 366, 'Bruce Lee', NULL, 0, 0, '', 1, 175472, NULL, 1, 0, ''),
(176005, 367, '2 + 2 = 4', NULL, 1, 0, '', 1, 175473, NULL, 1, 0, ''),
(176006, 367, '2 + 3 = 4', NULL, 0, 0, '', 1, 175474, NULL, 1, 0, ''),
(176007, 367, '2 * 2 = 4', NULL, 1, 0, '', 1, 175475, NULL, 1, 0, ''),
(176008, 367, '2 * 3 = 4', NULL, 0, 0, '', 1, 175476, NULL, 1, 0, ''),
(176009, 368, '1 + 1 =', NULL, 0, 0, '2', 1, 175477, NULL, 1, 0, ''),
(176010, 368, '2 + 1 =', NULL, 0, 0, '3', 1, 175478, NULL, 1, 0, ''),
(176011, 368, '3 + 1 =', NULL, 0, 0, '4', 1, 175479, NULL, 1, 0, ''),
(176012, 368, '4 + 1 =', NULL, 0, 0, '5', 1, 175480, NULL, 1, 0, ''),
(176013, 369, '', NULL, 0, 0, 'Microsoft', 1, 175481, NULL, 1, 0, ''),
(176014, 370, 'qw', NULL, 0, 0, '', 1, 175691, NULL, 1, 0, ''),
(176015, 370, 'as', NULL, 1, 0, '', 1, 175692, NULL, 1, 0, ''),
(176016, 370, 'zx', NULL, 0, 0, '', 1, 175693, NULL, 1, 0, ''),
(176017, 370, 'er', NULL, 0, 0, '', 1, 175694, NULL, 1, 0, ''),
(176018, 371, 'Bill Gates', NULL, 1, 0, '', 1, 175469, NULL, 1, 0, ''),
(176019, 371, 'Michael Dell', NULL, 0, 0, '', 1, 175470, NULL, 1, 0, ''),
(176020, 371, 'Steve Jobs', NULL, 0, 0, '', 1, 175471, NULL, 1, 0, ''),
(176021, 371, 'Bruce Lee', NULL, 0, 0, '', 1, 175472, NULL, 1, 0, ''),
(176022, 372, '2 + 2 = 4', NULL, 1, 0, '', 1, 175473, NULL, 1, 0, ''),
(176023, 372, '2 + 3 = 4', NULL, 0, 0, '', 1, 175474, NULL, 1, 0, ''),
(176024, 372, '2 * 2 = 4', NULL, 1, 0, '', 1, 175475, NULL, 1, 0, ''),
(176025, 372, '2 * 3 = 4', NULL, 0, 0, '', 1, 175476, NULL, 1, 0, ''),
(176026, 373, '1 + 1 =', NULL, 0, 0, '2', 1, 175477, NULL, 1, 0, ''),
(176027, 373, '2 + 1 =', NULL, 0, 0, '3', 1, 175478, NULL, 1, 0, ''),
(176028, 373, '3 + 1 =', NULL, 0, 0, '4', 1, 175479, NULL, 1, 0, ''),
(176029, 373, '4 + 1 =', NULL, 0, 0, '5', 1, 175480, NULL, 1, 0, ''),
(176030, 374, '', NULL, 0, 0, 'Microsoft', 1, 175481, NULL, 1, 0, ''),
(176031, 375, 'qw', NULL, 0, 0, '', 1, 175691, NULL, 1, 0, ''),
(176032, 375, 'as', NULL, 1, 0, '', 1, 175692, NULL, 1, 0, ''),
(176033, 375, 'zx', NULL, 0, 0, '', 1, 175693, NULL, 1, 0, ''),
(176034, 375, 'er', NULL, 0, 0, '', 1, 175694, NULL, 1, 0, ''),
(176035, 376, 'Bill Gates', NULL, 1, 0, '', 1, 175469, NULL, 1, 0, ''),
(176036, 376, 'Michael Dell', NULL, 0, 0, '', 1, 175470, NULL, 1, 0, ''),
(176037, 376, 'Steve Jobs', NULL, 0, 0, '', 1, 175471, NULL, 1, 0, ''),
(176038, 376, 'Bruce Lee', NULL, 0, 0, '', 1, 175472, NULL, 1, 0, ''),
(176039, 377, '2 + 2 = 4', NULL, 1, 0, '', 1, 175473, NULL, 1, 0, ''),
(176040, 377, '2 + 3 = 4', NULL, 0, 0, '', 1, 175474, NULL, 1, 0, ''),
(176041, 377, '2 * 2 = 4', NULL, 1, 0, '', 1, 175475, NULL, 1, 0, ''),
(176042, 377, '2 * 3 = 4', NULL, 0, 0, '', 1, 175476, NULL, 1, 0, ''),
(176043, 378, '1 + 1 =', NULL, 0, 0, '2', 1, 175477, NULL, 1, 0, ''),
(176044, 378, '2 + 1 =', NULL, 0, 0, '3', 1, 175478, NULL, 1, 0, ''),
(176045, 378, '3 + 1 =', NULL, 0, 0, '4', 1, 175479, NULL, 1, 0, ''),
(176046, 378, '4 + 1 =', NULL, 0, 0, '5', 1, 175480, NULL, 1, 0, ''),
(176047, 379, '', NULL, 0, 0, 'Microsoft', 1, 175481, NULL, 1, 0, ''),
(176048, 380, 'qw', NULL, 0, 0, '', 1, 175691, NULL, 1, 0, ''),
(176049, 380, 'as', NULL, 1, 0, '', 1, 175692, NULL, 1, 0, ''),
(176050, 380, 'zx', NULL, 0, 0, '', 1, 175693, NULL, 1, 0, ''),
(176051, 380, 'er', NULL, 0, 0, '', 1, 175694, NULL, 1, 0, ''),
(176052, 381, 'Bill Gates', NULL, 1, 0, '', 1, 175469, NULL, 1, 0, ''),
(176053, 381, 'Michael Dell', NULL, 0, 0, '', 1, 175470, NULL, 1, 0, ''),
(176054, 381, 'Steve Jobs', NULL, 0, 0, '', 1, 175471, NULL, 1, 0, ''),
(176055, 381, 'Bruce Lee', NULL, 0, 0, '', 1, 175472, NULL, 1, 0, ''),
(176056, 382, '2 + 2 = 4', NULL, 1, 0, '', 1, 175473, NULL, 1, 0, ''),
(176057, 382, '2 + 3 = 4', NULL, 0, 0, '', 1, 175474, NULL, 1, 0, ''),
(176058, 382, '2 * 2 = 4', NULL, 1, 0, '', 1, 175475, NULL, 1, 0, ''),
(176059, 382, '2 * 3 = 4', NULL, 0, 0, '', 1, 175476, NULL, 1, 0, ''),
(176060, 383, '1 + 1 =', NULL, 0, 0, '2', 1, 175477, NULL, 1, 0, ''),
(176061, 383, '2 + 1 =', NULL, 0, 0, '3', 1, 175478, NULL, 1, 0, ''),
(176062, 383, '3 + 1 =', NULL, 0, 0, '4', 1, 175479, NULL, 1, 0, ''),
(176063, 383, '4 + 1 =', NULL, 0, 0, '5', 1, 175480, NULL, 1, 0, ''),
(176064, 384, '', NULL, 0, 0, 'Microsoft', 1, 175481, NULL, 1, 0, ''),
(176065, 385, 'qw', NULL, 0, 0, '', 1, 175691, NULL, 1, 0, ''),
(176066, 385, 'as', NULL, 1, 0, '', 1, 175692, NULL, 1, 0, ''),
(176067, 385, 'zx', NULL, 0, 0, '', 1, 175693, NULL, 1, 0, ''),
(176068, 385, 'er', NULL, 0, 0, '', 1, 175694, NULL, 1, 0, ''),
(176069, 386, 'Bill Gates', NULL, 1, 0, '', 1, 175469, NULL, 1, 0, ''),
(176070, 386, 'Michael Dell', NULL, 0, 0, '', 1, 175470, NULL, 1, 0, ''),
(176071, 386, 'Steve Jobs', NULL, 0, 0, '', 1, 175471, NULL, 1, 0, ''),
(176072, 386, 'Bruce Lee', NULL, 0, 0, '', 1, 175472, NULL, 1, 0, ''),
(176073, 387, '2 + 2 = 4', NULL, 1, 0, '', 1, 175473, NULL, 1, 0, ''),
(176074, 387, '2 + 3 = 4', NULL, 0, 0, '', 1, 175474, NULL, 1, 0, ''),
(176075, 387, '2 * 2 = 4', NULL, 1, 0, '', 1, 175475, NULL, 1, 0, ''),
(176076, 387, '2 * 3 = 4', NULL, 0, 0, '', 1, 175476, NULL, 1, 0, ''),
(176077, 388, '1 + 1 =', NULL, 0, 0, '2', 1, 175477, NULL, 1, 0, ''),
(176078, 388, '2 + 1 =', NULL, 0, 0, '3', 1, 175478, NULL, 1, 0, ''),
(176079, 388, '3 + 1 =', NULL, 0, 0, '4', 1, 175479, NULL, 1, 0, ''),
(176080, 388, '4 + 1 =', NULL, 0, 0, '5', 1, 175480, NULL, 1, 0, ''),
(176081, 389, '', NULL, 0, 0, 'Microsoft', 1, 175481, NULL, 1, 0, ''),
(176082, 390, 'qw', NULL, 0, 0, '', 1, 175691, NULL, 1, 0, ''),
(176083, 390, 'as', NULL, 1, 0, '', 1, 175692, NULL, 1, 0, ''),
(176084, 390, 'zx', NULL, 0, 0, '', 1, 175693, NULL, 1, 0, ''),
(176085, 390, 'er', NULL, 0, 0, '', 1, 175694, NULL, 1, 0, ''),
(176086, 391, 'Bill Gates', NULL, 1, 0, '', 1, 175469, NULL, 1, 0, ''),
(176087, 391, 'Michael Dell', NULL, 0, 0, '', 1, 175470, NULL, 1, 0, ''),
(176088, 391, 'Steve Jobs', NULL, 0, 0, '', 1, 175471, NULL, 1, 0, ''),
(176089, 391, 'Bruce Lee', NULL, 0, 0, '', 1, 175472, NULL, 1, 0, ''),
(176090, 392, '2 + 2 = 4', NULL, 1, 0, '', 1, 175473, NULL, 1, 0, ''),
(176091, 392, '2 + 3 = 4', NULL, 0, 0, '', 1, 175474, NULL, 1, 0, ''),
(176092, 392, '2 * 2 = 4', NULL, 1, 0, '', 1, 175475, NULL, 1, 0, ''),
(176093, 392, '2 * 3 = 4', NULL, 0, 0, '', 1, 175476, NULL, 1, 0, ''),
(176094, 393, '1 + 1 =', NULL, 0, 0, '2', 1, 175477, NULL, 1, 0, ''),
(176095, 393, '2 + 1 =', NULL, 0, 0, '3', 1, 175478, NULL, 1, 0, ''),
(176096, 393, '3 + 1 =', NULL, 0, 0, '4', 1, 175479, NULL, 1, 0, ''),
(176097, 393, '4 + 1 =', NULL, 0, 0, '5', 1, 175480, NULL, 1, 0, ''),
(176098, 394, '', NULL, 0, 0, 'Microsoft', 1, 175481, NULL, 1, 0, ''),
(176099, 395, 'qw', NULL, 0, 0, '', 1, 175691, NULL, 1, 0, ''),
(176100, 395, 'as', NULL, 1, 0, '', 1, 175692, NULL, 1, 0, ''),
(176101, 395, 'zx', NULL, 0, 0, '', 1, 175693, NULL, 1, 0, ''),
(176102, 395, 'er', NULL, 0, 0, '', 1, 175694, NULL, 1, 0, ''),
(176103, 396, 'Bill Gates', NULL, 1, 0, '', 1, 175469, NULL, 1, 0, ''),
(176104, 396, 'Michael Dell', NULL, 0, 0, '', 1, 175470, NULL, 1, 0, ''),
(176105, 396, 'Steve Jobs', NULL, 0, 0, '', 1, 175471, NULL, 1, 0, ''),
(176106, 396, 'Bruce Lee', NULL, 0, 0, '', 1, 175472, NULL, 1, 0, ''),
(176107, 397, '2 + 2 = 4', NULL, 1, 0, '', 1, 175473, NULL, 1, 0, ''),
(176108, 397, '2 + 3 = 4', NULL, 0, 0, '', 1, 175474, NULL, 1, 0, ''),
(176109, 397, '2 * 2 = 4', NULL, 1, 0, '', 1, 175475, NULL, 1, 0, ''),
(176110, 397, '2 * 3 = 4', NULL, 0, 0, '', 1, 175476, NULL, 1, 0, ''),
(176111, 398, '1 + 1 =', NULL, 0, 0, '2', 1, 175477, NULL, 1, 0, ''),
(176112, 398, '2 + 1 =', NULL, 0, 0, '3', 1, 175478, NULL, 1, 0, ''),
(176113, 398, '3 + 1 =', NULL, 0, 0, '4', 1, 175479, NULL, 1, 0, ''),
(176114, 398, '4 + 1 =', NULL, 0, 0, '5', 1, 175480, NULL, 1, 0, ''),
(176115, 399, '', NULL, 0, 0, 'Microsoft', 1, 175481, NULL, 1, 0, ''),
(176116, 400, 'qw', NULL, 0, 0, '', 1, 175691, NULL, 1, 0, ''),
(176117, 400, 'as', NULL, 1, 0, '', 1, 175692, NULL, 1, 0, ''),
(176118, 400, 'zx', NULL, 0, 0, '', 1, 175693, NULL, 1, 0, ''),
(176119, 400, 'er', NULL, 0, 0, '', 1, 175694, NULL, 1, 0, ''),
(176120, 401, 'Bill Gates', NULL, 1, 0, '', 1, 175469, NULL, 1, 0, ''),
(176121, 401, 'Michael Dell', NULL, 0, 0, '', 1, 175470, NULL, 1, 0, ''),
(176122, 401, 'Steve Jobs', NULL, 0, 0, '', 1, 175471, NULL, 1, 0, ''),
(176123, 401, 'Bruce Lee', NULL, 0, 0, '', 1, 175472, NULL, 1, 0, ''),
(176124, 402, '2 + 2 = 4', NULL, 1, 0, '', 1, 175473, NULL, 1, 0, ''),
(176125, 402, '2 + 3 = 4', NULL, 0, 0, '', 1, 175474, NULL, 1, 0, ''),
(176126, 402, '2 * 2 = 4', NULL, 1, 0, '', 1, 175475, NULL, 1, 0, ''),
(176127, 402, '2 * 3 = 4', NULL, 0, 0, '', 1, 175476, NULL, 1, 0, ''),
(176128, 403, '1 + 1 =', NULL, 0, 0, '2', 1, 175477, NULL, 1, 0, ''),
(176129, 403, '2 + 1 =', NULL, 0, 0, '3', 1, 175478, NULL, 1, 0, ''),
(176130, 403, '3 + 1 =', NULL, 0, 0, '4', 1, 175479, NULL, 1, 0, ''),
(176131, 403, '4 + 1 =', NULL, 0, 0, '5', 1, 175480, NULL, 1, 0, ''),
(176132, 404, '', NULL, 0, 0, 'Microsoft', 1, 175481, NULL, 1, 0, ''),
(176133, 405, 'qw', NULL, 0, 0, '', 1, 175691, NULL, 1, 0, ''),
(176134, 405, 'as', NULL, 1, 0, '', 1, 175692, NULL, 1, 0, ''),
(176135, 405, 'zx', NULL, 0, 0, '', 1, 175693, NULL, 1, 0, ''),
(176136, 405, 'er', NULL, 0, 0, '', 1, 175694, NULL, 1, 0, ''),
(176137, 406, 'Bill Gates', NULL, 1, 0, '', 1, 175469, NULL, 1, 0, ''),
(176138, 406, 'Michael Dell', NULL, 0, 0, '', 1, 175470, NULL, 1, 0, ''),
(176139, 406, 'Steve Jobs', NULL, 0, 0, '', 1, 175471, NULL, 1, 0, ''),
(176140, 406, 'Bruce Lee', NULL, 0, 0, '', 1, 175472, NULL, 1, 0, ''),
(176141, 407, '2 + 2 = 4', NULL, 1, 0, '', 1, 175473, NULL, 1, 0, ''),
(176142, 407, '2 + 3 = 4', NULL, 0, 0, '', 1, 175474, NULL, 1, 0, ''),
(176143, 407, '2 * 2 = 4', NULL, 1, 0, '', 1, 175475, NULL, 1, 0, ''),
(176144, 407, '2 * 3 = 4', NULL, 0, 0, '', 1, 175476, NULL, 1, 0, ''),
(176145, 408, '1 + 1 =', NULL, 0, 0, '2', 1, 175477, NULL, 1, 0, ''),
(176146, 408, '2 + 1 =', NULL, 0, 0, '3', 1, 175478, NULL, 1, 0, ''),
(176147, 408, '3 + 1 =', NULL, 0, 0, '4', 1, 175479, NULL, 1, 0, ''),
(176148, 408, '4 + 1 =', NULL, 0, 0, '5', 1, 175480, NULL, 1, 0, ''),
(176149, 409, '', NULL, 0, 0, 'Microsoft', 1, 175481, NULL, 1, 0, ''),
(176150, 410, 'qw', NULL, 0, 0, '', 1, 175691, NULL, 1, 0, ''),
(176151, 410, 'as', NULL, 1, 0, '', 1, 175692, NULL, 1, 0, ''),
(176152, 410, 'zx', NULL, 0, 0, '', 1, 175693, NULL, 1, 0, ''),
(176153, 410, 'er', NULL, 0, 0, '', 1, 175694, NULL, 1, 0, ''),
(176154, 411, 'CFDABE', NULL, 1, 0, '', 1, 0, NULL, 1, 0, ''),
(176155, 411, 'CFDBEA', NULL, 0, 0, '', 1, 0, NULL, 1, 0, ''),
(176156, 411, 'FDCEBA', NULL, 0, 0, '', 1, 0, NULL, 1, 0, ''),
(176157, 411, 'CFDAEB', NULL, 0, 0, '', 1, 0, NULL, 1, 0, ''),
(176158, 412, '8.2deg', NULL, 0, 0, '', 1, 0, NULL, 1, 0, ''),
(176159, 412, '6.35deg', NULL, 0, 0, '', 1, 0, NULL, 1, 0, ''),
(176160, 412, '7.5deg', NULL, 1, 0, '', 1, 0, NULL, 1, 0, ''),
(176161, 412, '7.8deg', NULL, 0, 0, '', 1, 0, NULL, 1, 0, ''),
(176162, 413, 'O=2,N=8,E=1,T=7', NULL, 0, 0, '', 1, 0, NULL, 1, 0, ''),
(176163, 413, 'O=1,N=8,E=2,T=7', NULL, 1, 0, '', 1, 0, NULL, 1, 0, ''),
(176164, 413, 'O=1,N=3,E=5,T=6', NULL, 0, 0, '', 1, 0, NULL, 1, 0, ''),
(176165, 413, 'O=1,N=8,E=2,T=6', NULL, 0, 0, '', 1, 0, NULL, 1, 0, ''),
(176166, 414, 'SeptEMbEr', NULL, 0, 0, '', 1, 0, NULL, 1, 0, ''),
(176167, 414, 'SEpTeMBEr', NULL, 0, 0, '', 1, 0, NULL, 1, 0, ''),
(176168, 414, 'SeptembeR', NULL, 0, 0, '', 1, 0, NULL, 1, 0, ''),
(176169, 414, 'SepteMber', NULL, 0, 0, '', 1, 0, NULL, 1, 0, ''),
(176170, 414, 'None of the above', NULL, 1, 0, '', 1, 0, NULL, 1, 0, ''),
(176171, 415, '101', NULL, 1, 0, '', 1, 0, NULL, 1, 0, ''),
(176172, 415, '100', NULL, 0, 0, '', 1, 0, NULL, 1, 0, ''),
(176173, 415, '150', NULL, 0, 0, '', 1, 0, NULL, 1, 0, ''),
(176174, 415, '98', NULL, 0, 0, '', 1, 0, NULL, 1, 0, ''),
(176175, 416, '70, 72, 74, 80 inches', NULL, 1, 0, '', 1, 0, NULL, 1, 0, ''),
(176176, 416, '80, 84, 91, 102 inches', NULL, 0, 0, '', 1, 0, NULL, 1, 0, ''),
(176177, 416, '60, 82, 90, 100 inches', NULL, 0, 0, '', 1, 0, NULL, 1, 0, ''),
(176178, 416, '80, 82, 84, 90 inches', NULL, 0, 0, '', 1, 0, NULL, 1, 0, ''),
(176179, 417, 'gorbltusl', NULL, 0, 0, '', 1, 0, NULL, 1, 0, ''),
(176180, 417, 'flurgorbl', NULL, 0, 0, '', 1, 0, NULL, 1, 0, ''),
(176181, 417, 'arthflur', NULL, 0, 0, '', 1, 0, NULL, 1, 0, ''),
(176182, 417, 'pixnarth', NULL, 1, 0, '', 1, 0, NULL, 1, 0, ''),
(176183, 418, 'CFDABE', NULL, 1, 0, '', 1, 176154, NULL, 1, 0, ''),
(176184, 418, 'CFDBEA', NULL, 0, 0, '', 1, 176155, NULL, 1, 0, ''),
(176185, 418, 'FDCEBA', NULL, 0, 0, '', 1, 176156, NULL, 1, 0, ''),
(176186, 418, 'CFDAEB', NULL, 0, 0, '', 1, 176157, NULL, 1, 0, ''),
(176187, 419, '8.2deg', NULL, 0, 0, '', 1, 176158, NULL, 1, 0, ''),
(176188, 419, '6.35deg', NULL, 0, 0, '', 1, 176159, NULL, 1, 0, ''),
(176189, 419, '7.5deg', NULL, 1, 0, '', 1, 176160, NULL, 1, 0, ''),
(176190, 419, '7.8deg', NULL, 0, 0, '', 1, 176161, NULL, 1, 0, ''),
(176191, 420, 'O=2,N=8,E=1,T=7', NULL, 0, 0, '', 1, 176162, NULL, 1, 0, ''),
(176192, 420, 'O=1,N=8,E=2,T=7', NULL, 1, 0, '', 1, 176163, NULL, 1, 0, ''),
(176193, 420, 'O=1,N=3,E=5,T=6', NULL, 0, 0, '', 1, 176164, NULL, 1, 0, ''),
(176194, 420, 'O=1,N=8,E=2,T=6', NULL, 0, 0, '', 1, 176165, NULL, 1, 0, ''),
(176195, 421, 'SeptEMbEr', NULL, 0, 0, '', 1, 176166, NULL, 1, 0, ''),
(176196, 421, 'SEpTeMBEr', NULL, 0, 0, '', 1, 176167, NULL, 1, 0, ''),
(176197, 421, 'SeptembeR', NULL, 0, 0, '', 1, 176168, NULL, 1, 0, ''),
(176198, 421, 'SepteMber', NULL, 0, 0, '', 1, 176169, NULL, 1, 0, ''),
(176199, 421, 'None of the above', NULL, 1, 0, '', 1, 176170, NULL, 1, 0, ''),
(176200, 422, '101', NULL, 1, 0, '', 1, 176171, NULL, 1, 0, ''),
(176201, 422, '100', NULL, 0, 0, '', 1, 176172, NULL, 1, 0, ''),
(176202, 422, '150', NULL, 0, 0, '', 1, 176173, NULL, 1, 0, ''),
(176203, 422, '98', NULL, 0, 0, '', 1, 176174, NULL, 1, 0, ''),
(176204, 423, '70, 72, 74, 80 inches', NULL, 1, 0, '', 1, 176175, NULL, 1, 0, ''),
(176205, 423, '80, 84, 91, 102 inches', NULL, 0, 0, '', 1, 176176, NULL, 1, 0, ''),
(176206, 423, '60, 82, 90, 100 inches', NULL, 0, 0, '', 1, 176177, NULL, 1, 0, ''),
(176207, 423, '80, 82, 84, 90 inches', NULL, 0, 0, '', 1, 176178, NULL, 1, 0, ''),
(176208, 424, 'gorbltusl', NULL, 0, 0, '', 1, 176179, NULL, 1, 0, ''),
(176209, 424, 'flurgorbl', NULL, 0, 0, '', 1, 176180, NULL, 1, 0, ''),
(176210, 424, 'arthflur', NULL, 0, 0, '', 1, 176181, NULL, 1, 0, ''),
(176211, 424, 'pixnarth', NULL, 1, 0, '', 1, 176182, NULL, 1, 0, ''),
(176212, 425, 'CFDABE', NULL, 1, 0, '', 1, 176154, NULL, 1, 0, ''),
(176213, 425, 'CFDBEA', NULL, 0, 0, '', 1, 176155, NULL, 1, 0, ''),
(176214, 425, 'FDCEBA', NULL, 0, 0, '', 1, 176156, NULL, 1, 0, ''),
(176215, 425, 'CFDAEB', NULL, 0, 0, '', 1, 176157, NULL, 1, 0, ''),
(176216, 426, '8.2deg', NULL, 0, 0, '', 1, 176158, NULL, 1, 0, ''),
(176217, 426, '6.35deg', NULL, 0, 0, '', 1, 176159, NULL, 1, 0, ''),
(176218, 426, '7.5deg', NULL, 1, 0, '', 1, 176160, NULL, 1, 0, ''),
(176219, 426, '7.8deg', NULL, 0, 0, '', 1, 176161, NULL, 1, 0, ''),
(176220, 427, 'O=2,N=8,E=1,T=7', NULL, 0, 0, '', 1, 176162, NULL, 1, 0, ''),
(176221, 427, 'O=1,N=8,E=2,T=7', NULL, 1, 0, '', 1, 176163, NULL, 1, 0, ''),
(176222, 427, 'O=1,N=3,E=5,T=6', NULL, 0, 0, '', 1, 176164, NULL, 1, 0, ''),
(176223, 427, 'O=1,N=8,E=2,T=6', NULL, 0, 0, '', 1, 176165, NULL, 1, 0, ''),
(176224, 428, 'SeptEMbEr', NULL, 0, 0, '', 1, 176166, NULL, 1, 0, ''),
(176225, 428, 'SEpTeMBEr', NULL, 0, 0, '', 1, 176167, NULL, 1, 0, ''),
(176226, 428, 'SeptembeR', NULL, 0, 0, '', 1, 176168, NULL, 1, 0, ''),
(176227, 428, 'SepteMber', NULL, 0, 0, '', 1, 176169, NULL, 1, 0, ''),
(176228, 428, 'None of the above', NULL, 1, 0, '', 1, 176170, NULL, 1, 0, ''),
(176229, 429, '101', NULL, 1, 0, '', 1, 176171, NULL, 1, 0, ''),
(176230, 429, '100', NULL, 0, 0, '', 1, 176172, NULL, 1, 0, ''),
(176231, 429, '150', NULL, 0, 0, '', 1, 176173, NULL, 1, 0, ''),
(176232, 429, '98', NULL, 0, 0, '', 1, 176174, NULL, 1, 0, ''),
(176233, 430, '70, 72, 74, 80 inches', NULL, 1, 0, '', 1, 176175, NULL, 1, 0, ''),
(176234, 430, '80, 84, 91, 102 inches', NULL, 0, 0, '', 1, 176176, NULL, 1, 0, ''),
(176235, 430, '60, 82, 90, 100 inches', NULL, 0, 0, '', 1, 176177, NULL, 1, 0, ''),
(176236, 430, '80, 82, 84, 90 inches', NULL, 0, 0, '', 1, 176178, NULL, 1, 0, ''),
(176237, 431, 'gorbltusl', NULL, 0, 0, '', 1, 176179, NULL, 1, 0, ''),
(176238, 431, 'flurgorbl', NULL, 0, 0, '', 1, 176180, NULL, 1, 0, ''),
(176239, 431, 'arthflur', NULL, 0, 0, '', 1, 176181, NULL, 1, 0, ''),
(176240, 431, 'pixnarth', NULL, 1, 0, '', 1, 176182, NULL, 1, 0, ''),
(176241, 432, 'CFDABE', NULL, 1, 0, '', 1, 176154, NULL, 1, 0, ''),
(176242, 432, 'CFDBEA', NULL, 0, 0, '', 1, 176155, NULL, 1, 0, ''),
(176243, 432, 'FDCEBA', NULL, 0, 0, '', 1, 176156, NULL, 1, 0, ''),
(176244, 432, 'CFDAEB', NULL, 0, 0, '', 1, 176157, NULL, 1, 0, ''),
(176245, 433, '8.2deg', NULL, 0, 0, '', 1, 176158, NULL, 1, 0, ''),
(176246, 433, '6.35deg', NULL, 0, 0, '', 1, 176159, NULL, 1, 0, ''),
(176247, 433, '7.5deg', NULL, 1, 0, '', 1, 176160, NULL, 1, 0, ''),
(176248, 433, '7.8deg', NULL, 0, 0, '', 1, 176161, NULL, 1, 0, ''),
(176249, 434, 'O=2,N=8,E=1,T=7', NULL, 0, 0, '', 1, 176162, NULL, 1, 0, ''),
(176250, 434, 'O=1,N=8,E=2,T=7', NULL, 1, 0, '', 1, 176163, NULL, 1, 0, ''),
(176251, 434, 'O=1,N=3,E=5,T=6', NULL, 0, 0, '', 1, 176164, NULL, 1, 0, ''),
(176252, 434, 'O=1,N=8,E=2,T=6', NULL, 0, 0, '', 1, 176165, NULL, 1, 0, ''),
(176253, 435, 'SeptEMbEr', NULL, 0, 0, '', 1, 176166, NULL, 1, 0, ''),
(176254, 435, 'SEpTeMBEr', NULL, 0, 0, '', 1, 176167, NULL, 1, 0, ''),
(176255, 435, 'SeptembeR', NULL, 0, 0, '', 1, 176168, NULL, 1, 0, ''),
(176256, 435, 'SepteMber', NULL, 0, 0, '', 1, 176169, NULL, 1, 0, ''),
(176257, 435, 'None of the above', NULL, 1, 0, '', 1, 176170, NULL, 1, 0, ''),
(176258, 436, '101', NULL, 1, 0, '', 1, 176171, NULL, 1, 0, ''),
(176259, 436, '100', NULL, 0, 0, '', 1, 176172, NULL, 1, 0, ''),
(176260, 436, '150', NULL, 0, 0, '', 1, 176173, NULL, 1, 0, ''),
(176261, 436, '98', NULL, 0, 0, '', 1, 176174, NULL, 1, 0, ''),
(176262, 437, '70, 72, 74, 80 inches', NULL, 1, 0, '', 1, 176175, NULL, 1, 0, ''),
(176263, 437, '80, 84, 91, 102 inches', NULL, 0, 0, '', 1, 176176, NULL, 1, 0, ''),
(176264, 437, '60, 82, 90, 100 inches', NULL, 0, 0, '', 1, 176177, NULL, 1, 0, ''),
(176265, 437, '80, 82, 84, 90 inches', NULL, 0, 0, '', 1, 176178, NULL, 1, 0, ''),
(176266, 438, 'gorbltusl', NULL, 0, 0, '', 1, 176179, NULL, 1, 0, ''),
(176267, 438, 'flurgorbl', NULL, 0, 0, '', 1, 176180, NULL, 1, 0, ''),
(176268, 438, 'arthflur', NULL, 0, 0, '', 1, 176181, NULL, 1, 0, ''),
(176269, 438, 'pixnarth', NULL, 1, 0, '', 1, 176182, NULL, 1, 0, ''),
(176270, 439, 'Bill Gates', NULL, 1, 0, '', 1, 175469, NULL, 1, 0, ''),
(176271, 439, 'Michael Dell', NULL, 0, 0, '', 1, 175470, NULL, 1, 0, ''),
(176272, 439, 'Steve Jobs', NULL, 0, 0, '', 1, 175471, NULL, 1, 0, ''),
(176273, 439, 'Bruce Lee', NULL, 0, 0, '', 1, 175472, NULL, 1, 0, ''),
(176274, 440, '2 + 2 = 4', NULL, 1, 0, '', 1, 175473, NULL, 1, 0, ''),
(176275, 440, '2 + 3 = 4', NULL, 0, 0, '', 1, 175474, NULL, 1, 0, ''),
(176276, 440, '2 * 2 = 4', NULL, 1, 0, '', 1, 175475, NULL, 1, 0, ''),
(176277, 440, '2 * 3 = 4', NULL, 0, 0, '', 1, 175476, NULL, 1, 0, ''),
(176278, 441, '1 + 1 =', NULL, 0, 0, '2', 1, 175477, NULL, 1, 0, ''),
(176279, 441, '2 + 1 =', NULL, 0, 0, '3', 1, 175478, NULL, 1, 0, ''),
(176280, 441, '3 + 1 =', NULL, 0, 0, '4', 1, 175479, NULL, 1, 0, ''),
(176281, 441, '4 + 1 =', NULL, 0, 0, '5', 1, 175480, NULL, 1, 0, ''),
(176282, 442, '', NULL, 0, 0, 'Microsoft', 1, 175481, NULL, 1, 0, ''),
(176283, 443, 'qw', NULL, 0, 0, '', 1, 175691, NULL, 1, 0, ''),
(176284, 443, 'as', NULL, 1, 0, '', 1, 175692, NULL, 1, 0, ''),
(176285, 443, 'zx', NULL, 0, 0, '', 1, 175693, NULL, 1, 0, ''),
(176286, 443, 'er', NULL, 0, 0, '', 1, 175694, NULL, 1, 0, ''),
(176287, 444, '', NULL, 0, 0, '', 1, 0, NULL, 1, 0, ''),
(176288, 444, '', NULL, 0, 0, '', 1, 0, NULL, 1, 0, ''),
(176289, 444, '', NULL, 0, 0, '', 1, 0, NULL, 1, 0, ''),
(176290, 444, '', NULL, 0, 0, '', 1, 0, NULL, 1, 0, ''),
(176291, 445, 'Bill Gates', NULL, 1, 0, '', 1, 175469, NULL, 1, 0, ''),
(176292, 445, 'Michael Dell', NULL, 0, 0, '', 1, 175470, NULL, 1, 0, ''),
(176293, 445, 'Steve Jobs', NULL, 0, 0, '', 1, 175471, NULL, 1, 0, ''),
(176294, 445, 'Bruce Lee', NULL, 0, 0, '', 1, 175472, NULL, 1, 0, ''),
(176295, 446, '2 + 2 = 4', NULL, 1, 0, '', 1, 175473, NULL, 1, 0, ''),
(176296, 446, '2 + 3 = 4', NULL, 0, 0, '', 1, 175474, NULL, 1, 0, ''),
(176297, 446, '2 * 2 = 4', NULL, 1, 0, '', 1, 175475, NULL, 1, 0, ''),
(176298, 446, '2 * 3 = 4', NULL, 0, 0, '', 1, 175476, NULL, 1, 0, ''),
(176299, 447, '1 + 1 =', NULL, 0, 0, '2', 1, 175477, NULL, 1, 0, ''),
(176300, 447, '2 + 1 =', NULL, 0, 0, '3', 1, 175478, NULL, 1, 0, ''),
(176301, 447, '3 + 1 =', NULL, 0, 0, '4', 1, 175479, NULL, 1, 0, ''),
(176302, 447, '4 + 1 =', NULL, 0, 0, '5', 1, 175480, NULL, 1, 0, ''),
(176303, 448, '', NULL, 0, 0, 'Microsoft', 1, 175481, NULL, 1, 0, ''),
(176304, 449, 'qw', NULL, 0, 0, '', 1, 175691, NULL, 1, 0, ''),
(176305, 449, 'as', NULL, 1, 0, '', 1, 175692, NULL, 1, 0, ''),
(176306, 449, 'zx', NULL, 0, 0, '', 1, 175693, NULL, 1, 0, ''),
(176307, 449, 'er', NULL, 0, 0, '', 1, 175694, NULL, 1, 0, ''),
(176308, 450, '', NULL, 0, 0, '', 1, 176287, NULL, 1, 0, ''),
(176309, 450, '', NULL, 0, 0, '', 1, 176288, NULL, 1, 0, ''),
(176310, 450, '', NULL, 0, 0, '', 1, 176289, NULL, 1, 0, ''),
(176311, 450, '', NULL, 0, 0, '', 1, 176290, NULL, 1, 0, ''),
(176411, 477, '', NULL, 0, 0, '20 40', 1, 0, NULL, 1, 0, ''),
(176412, 478, '2', NULL, 0, 0, '', 1, 0, NULL, 1, 0, ''),
(176413, 478, '4', NULL, 0, 0, '', 1, 0, NULL, 1, 0, ''),
(176414, 478, 'Would vary from compiler to compiler', NULL, 0, 0, '', 1, 0, NULL, 1, 0, ''),
(176415, 478, 'Error', NULL, 1, 0, '', 1, 0, NULL, 1, 0, ''),
(176416, 479, '20', NULL, 1, 0, '', 1, 0, NULL, 1, 0, ''),
(176417, 479, '0', NULL, 0, 0, '', 1, 0, NULL, 1, 0, ''),
(176418, 479, 'Garbage Value', NULL, 0, 0, '', 1, 0, NULL, 1, 0, ''),
(176419, 479, 'Error', NULL, 0, 0, '', 1, 0, NULL, 1, 0, ''),
(176424, 481, 'Hello\\nHi\\n', NULL, 0, 0, '', 1, 0, NULL, 1, 0, ''),
(176425, 481, 'Hello\\nBye\\n', NULL, 0, 0, '', 1, 0, NULL, 1, 0, ''),
(176426, 481, 'Hi\\n', NULL, 1, 0, '', 1, 0, NULL, 1, 0, ''),
(176427, 481, 'Bye\\n', NULL, 0, 0, '', 1, 0, NULL, 1, 0, ''),
(176428, 481, 'Hello\\nHi\\nBy\\ne', NULL, 0, 0, '', 1, 0, NULL, 1, 0, ''),
(176441, 485, 'Variables cannot be checked using a switch as in ''case a''', NULL, 1, 0, '', 1, 0, NULL, 1, 0, ''),
(176442, 485, 'Expressions as in case ''case 3 + 5'' are not allowed', NULL, 0, 0, '', 1, 0, NULL, 1, 0, ''),
(176443, 485, 'There is no break statement in each case', NULL, 0, 0, '', 1, 0, NULL, 1, 0, ''),
(176444, 485, 'There is not default case in the switch', NULL, 0, 0, '', 1, 0, NULL, 1, 0, ''),
(176445, 486, '4 3 2 1 0 -1\\n4 3 2 1 0 -1\\n\\n', NULL, 1, 0, '', 1, 0, NULL, 1, 0, ''),
(176446, 486, '5 4 3 2 1 0 \\n5 4 3 2 1 0\\n\\n', NULL, 0, 0, '', 1, 0, NULL, 1, 0, ''),
(176447, 486, 'Error', NULL, 0, 0, '', 1, 0, NULL, 1, 0, ''),
(176448, 486, '5 4 3 2 1 0\\n5 4 3 2 1 0\\n5 4 3 2 1 0\\n', NULL, 0, 0, '', 1, 0, NULL, 1, 0, ''),
(176449, 487, 'Error Rvalue required', NULL, 0, 0, '', 1, 0, NULL, 1, 0, ''),
(176450, 487, 'Error Lvalue required', NULL, 1, 0, '', 1, 0, NULL, 1, 0, ''),
(176451, 487, '100', NULL, 0, 0, '', 1, 0, NULL, 1, 0, ''),
(176452, 487, '200', NULL, 0, 0, '', 1, 0, NULL, 1, 0, ''),
(176457, 489, 'x is equal to y', NULL, 0, 0, '', 1, 0, NULL, 1, 0, ''),
(176458, 489, 'x is greater than y', NULL, 0, 0, '', 1, 0, NULL, 1, 0, ''),
(176459, 489, 'The output depends upon Compiler', NULL, 0, 0, '', 1, 0, NULL, 1, 0, ''),
(176460, 489, 'Error', NULL, 1, 0, '', 1, 0, NULL, 1, 0, ''),
(176461, 490, '2 1 1', NULL, 1, 0, '', 1, 0, NULL, 1, 0, ''),
(176462, 490, '2 2 1', NULL, 0, 0, '', 1, 0, NULL, 1, 0, ''),
(176463, 490, '2 2 2', NULL, 0, 0, '', 1, 0, NULL, 1, 0, ''),
(176464, 490, '1 1 1', NULL, 0, 0, '', 1, 0, NULL, 1, 0, ''),
(176465, 491, 'for loop works faster than a while loop', NULL, 0, 0, '', 1, 0, NULL, 1, 0, ''),
(176466, 491, 'All things that can be done using a for loop can also be done using a while loop', NULL, 1, 0, '', 1, 0, NULL, 1, 0, ''),
(176467, 491, 'for(;;) implements an infinite loop', NULL, 1, 0, '', 1, 0, NULL, 1, 0, ''),
(176468, 491, 'for loop can be used if we want statements in a loop to get executed atleast once.', NULL, 1, 0, '', 1, 0, NULL, 1, 0, ''),
(176469, 491, 'for loop works faster than a do-while loop', NULL, 0, 0, '', 1, 0, NULL, 1, 0, ''),
(176470, 492, 'switch is useful when we wish to check the value of a variable against a particuler set of values.', NULL, 1, 0, '', 1, 0, NULL, 1, 0, ''),
(176471, 492, 'switch is useful when we wish to check whether a value falls in different ranges.', NULL, 0, 0, '', 1, 0, NULL, 1, 0, ''),
(176472, 492, 'Compiler implements a jump table for cases used in a switch.', NULL, 1, 0, '', 1, 0, NULL, 1, 0, ''),
(176473, 492, 'It is not necessary to use a break in every switch statement.', NULL, 1, 0, '', 1, 0, NULL, 1, 0, ''),
(176474, 492, 'Same constants can be used in more than one cases.', NULL, 0, 0, '', 1, 0, NULL, 1, 0, ''),
(176480, 494, '~', NULL, 1, 0, '', 1, 0, NULL, 1, 0, ''),
(176481, 494, '&&', NULL, 0, 0, '', 1, 0, NULL, 1, 0, ''),
(176482, 494, '=', NULL, 0, 0, '', 1, 0, NULL, 1, 0, ''),
(176483, 494, '!', NULL, 1, 0, '', 1, 0, NULL, 1, 0, ''),
(176484, 494, 'sizeof', NULL, 1, 0, '', 1, 0, NULL, 1, 0, ''),
(176485, 495, '3 4', NULL, 0, 0, '', 1, 0, NULL, 1, 0, ''),
(176486, 495, '4 3', NULL, 0, 0, '', 1, 0, NULL, 1, 0, ''),
(176487, 495, '4 4', NULL, 0, 0, '', 1, 0, NULL, 1, 0, ''),
(176488, 495, 'Output may vary from compiler to compiler', NULL, 1, 0, '', 1, 0, NULL, 1, 0, ''),
(176493, 497, 'Vivek', NULL, 1, 0, '', 1, 0, NULL, 1, 0, ''),
(176494, 497, 'Gupta', NULL, 0, 0, '', 1, 0, NULL, 1, 0, ''),
(176495, 497, 'Compiler reports an error saying a float cannot be compared with a double', NULL, 0, 0, '', 1, 0, NULL, 1, 0, ''),
(176496, 497, 'None of the above', NULL, 0, 0, '', 1, 0, NULL, 1, 0, ''),
(176497, 498, '2.2 2.50 2.50 2.5', NULL, 0, 0, '', 1, 0, NULL, 1, 0, ''),
(176498, 498, '2.2e 2.25f 2.00 2.25', NULL, 0, 0, '', 1, 0, NULL, 1, 0, ''),
(176499, 498, '2.250000e000 2.250000 2.25 2.250000', NULL, 1, 0, '', 1, 0, NULL, 1, 0, ''),
(176500, 498, 'Error', NULL, 0, 0, '', 1, 0, NULL, 1, 0, ''),
(176505, 500, 'Missing parantheses in return statement', NULL, 0, 0, '', 1, 0, NULL, 1, 0, ''),
(176506, 500, 'The function should be defined as int f(int a, int b)', NULL, 0, 0, '', 1, 0, NULL, 1, 0, ''),
(176507, 500, 'Redeclaration of a', NULL, 1, 0, '', 1, 0, NULL, 1, 0, ''),
(176508, 500, 'None of the above', NULL, 0, 0, '', 1, 0, NULL, 1, 0, ''),
(176509, 501, '10', NULL, 0, 0, '', 1, 0, NULL, 1, 0, ''),
(176510, 501, '20', NULL, 0, 0, '', 1, 0, NULL, 1, 0, ''),
(176511, 501, 'Garbage Value', NULL, 0, 0, '', 1, 0, NULL, 1, 0, ''),
(176512, 501, 'Error', NULL, 1, 0, '', 1, 0, NULL, 1, 0, ''),
(176513, 502, '35', NULL, 0, 0, '', 1, 0, NULL, 1, 0, ''),
(176514, 502, '36', NULL, 0, 0, '', 1, 0, NULL, 1, 0, ''),
(176515, 502, '37', NULL, 0, 0, '', 1, 0, NULL, 1, 0, ''),
(176516, 502, '38', NULL, 1, 0, '', 1, 0, NULL, 1, 0, ''),
(176517, 502, '39', NULL, 0, 0, '', 1, 0, NULL, 1, 0, ''),
(176527, 505, 'Compiler reports an error since we used ; in the definition of addmult()', NULL, 1, 0, '', 1, 0, NULL, 1, 0, ''),
(176528, 505, 'Compiler reports an error since we are attempting to return two values from the function addmult()', NULL, 0, 0, '', 1, 0, NULL, 1, 0, ''),
(176529, 505, 'The function addmult return 7 and 12', NULL, 0, 0, '', 1, 0, NULL, 1, 0, ''),
(176530, 505, 'The code runs successfully', NULL, 0, 0, '', 1, 0, NULL, 1, 0, ''),
(176531, 506, '#ifdef', NULL, 1, 0, '', 1, 0, NULL, 1, 0, ''),
(176532, 506, '#if', NULL, 1, 0, '', 1, 0, NULL, 1, 0, ''),
(176533, 506, '#elif', NULL, 1, 0, '', 1, 0, NULL, 1, 0, ''),
(176534, 506, '#pragma', NULL, 1, 0, '', 1, 0, NULL, 1, 0, ''),
(176535, 506, '#undef', NULL, 1, 0, '', 1, 0, NULL, 1, 0, ''),
(176536, 507, '2', NULL, 0, 0, '', 1, 0, NULL, 1, 0, ''),
(176537, 507, '8', NULL, 1, 0, '', 1, 0, NULL, 1, 0, ''),
(176538, 507, '2, 8', NULL, 0, 0, '', 1, 0, NULL, 1, 0, ''),
(176539, 507, '6', NULL, 0, 0, '', 1, 0, NULL, 1, 0, ''),
(176540, 507, 'No error', NULL, 0, 0, '', 1, 0, NULL, 1, 0, ''),
(176541, 508, '', NULL, 0, 0, 'str1=Vivek str2=Gupta', 1, 0, NULL, 1, 0, ''),
(176542, 509, '5', NULL, 0, 0, '', 1, 0, NULL, 1, 0, ''),
(176543, 509, '9', NULL, 0, 0, '', 1, 0, NULL, 1, 0, ''),
(176544, 509, '10', NULL, 1, 0, '', 1, 0, NULL, 1, 0, ''),
(176545, 509, '3+7', NULL, 0, 0, '', 1, 0, NULL, 1, 0, '');
INSERT INTO `answers` (`id`, `group_id`, `answer_text`, `answer_image`, `correct_answer`, `priority`, `correct_answer_text`, `answer_pos`, `parent_id`, `answer_text_eng`, `control_type`, `answer_parent_id`, `text_unit`) VALUES
(176546, 510, '', NULL, 0, 0, '20 40', 1, 176411, NULL, 1, 0, ''),
(176547, 511, '2', NULL, 0, 0, '', 1, 176412, NULL, 1, 0, ''),
(176548, 511, '4', NULL, 0, 0, '', 1, 176413, NULL, 1, 0, ''),
(176549, 511, 'Would vary from compiler to compiler', NULL, 0, 0, '', 1, 176414, NULL, 1, 0, ''),
(176550, 511, 'Error', NULL, 1, 0, '', 1, 176415, NULL, 1, 0, ''),
(176551, 512, '20', NULL, 1, 0, '', 1, 176416, NULL, 1, 0, ''),
(176552, 512, '0', NULL, 0, 0, '', 1, 176417, NULL, 1, 0, ''),
(176553, 512, 'Garbage Value', NULL, 0, 0, '', 1, 176418, NULL, 1, 0, ''),
(176554, 512, 'Error', NULL, 0, 0, '', 1, 176419, NULL, 1, 0, ''),
(176555, 513, 'There should be a condition in the for loop', NULL, 0, 0, '', 1, 176420, NULL, 1, 0, ''),
(176556, 513, 'The two semicolons should be dropped.', NULL, 0, 0, '', 1, 176421, NULL, 1, 0, ''),
(176557, 513, 'The for loop should be replaced by a while loop.', NULL, 0, 0, '', 1, 176422, NULL, 1, 0, ''),
(176558, 513, 'No error', NULL, 1, 0, '', 1, 176423, NULL, 1, 0, ''),
(176559, 514, 'Hello\\nHi\\n', NULL, 0, 0, '', 1, 176424, NULL, 1, 0, ''),
(176560, 514, 'Hello\\nBye\\n', NULL, 0, 0, '', 1, 176425, NULL, 1, 0, ''),
(176561, 514, 'Hi\\n', NULL, 1, 0, '', 1, 176426, NULL, 1, 0, ''),
(176562, 514, 'Bye\\n', NULL, 0, 0, '', 1, 176427, NULL, 1, 0, ''),
(176563, 514, 'Hello\\nHi\\nBy\\ne', NULL, 0, 0, '', 1, 176428, NULL, 1, 0, ''),
(176564, 515, 'Variables cannot be checked using a switch as in ''case a''', NULL, 1, 0, '', 1, 176441, NULL, 1, 0, ''),
(176565, 515, 'Expressions as in case ''case 3 + 5'' are not allowed', NULL, 0, 0, '', 1, 176442, NULL, 1, 0, ''),
(176566, 515, 'There is no break statement in each case', NULL, 0, 0, '', 1, 176443, NULL, 1, 0, ''),
(176567, 515, 'There is not default case in the switch', NULL, 0, 0, '', 1, 176444, NULL, 1, 0, ''),
(176568, 516, '4 3 2 1 0 -1\\n4 3 2 1 0 -1\\n\\n', NULL, 1, 0, '', 1, 176445, NULL, 1, 0, ''),
(176569, 516, '5 4 3 2 1 0 \\n5 4 3 2 1 0\\n\\n', NULL, 0, 0, '', 1, 176446, NULL, 1, 0, ''),
(176570, 516, 'Error', NULL, 0, 0, '', 1, 176447, NULL, 1, 0, ''),
(176571, 516, '5 4 3 2 1 0\\n5 4 3 2 1 0\\n5 4 3 2 1 0\\n', NULL, 0, 0, '', 1, 176448, NULL, 1, 0, ''),
(176572, 517, 'Error Rvalue required', NULL, 0, 0, '', 1, 176449, NULL, 1, 0, ''),
(176573, 517, 'Error Lvalue required', NULL, 1, 0, '', 1, 176450, NULL, 1, 0, ''),
(176574, 517, '100', NULL, 0, 0, '', 1, 176451, NULL, 1, 0, ''),
(176575, 517, '200', NULL, 0, 0, '', 1, 176452, NULL, 1, 0, ''),
(176576, 518, 'Infinite Loop', NULL, 1, 0, '', 1, 176453, NULL, 1, 0, ''),
(176577, 518, '0 1 2 ... 65535', NULL, 0, 0, '', 1, 176454, NULL, 1, 0, ''),
(176578, 518, '1 2 ... 32767 -32766 -32765 ... -1 0', NULL, 0, 0, '', 1, 176455, NULL, 1, 0, ''),
(176579, 518, 'No output', NULL, 0, 0, '', 1, 176456, NULL, 1, 0, ''),
(176580, 519, 'x is equal to y', NULL, 0, 0, '', 1, 176457, NULL, 1, 0, ''),
(176581, 519, 'x is greater than y', NULL, 0, 0, '', 1, 176458, NULL, 1, 0, ''),
(176582, 519, 'The output depends upon Compiler', NULL, 0, 0, '', 1, 176459, NULL, 1, 0, ''),
(176583, 519, 'Error', NULL, 1, 0, '', 1, 176460, NULL, 1, 0, ''),
(176584, 520, '2 1 1', NULL, 1, 0, '', 1, 176461, NULL, 1, 0, ''),
(176585, 520, '2 2 1', NULL, 0, 0, '', 1, 176462, NULL, 1, 0, ''),
(176586, 520, '2 2 2', NULL, 0, 0, '', 1, 176463, NULL, 1, 0, ''),
(176587, 520, '1 1 1', NULL, 0, 0, '', 1, 176464, NULL, 1, 0, ''),
(176588, 521, 'for loop works faster than a while loop', NULL, 0, 0, '', 1, 176465, NULL, 1, 0, ''),
(176589, 521, 'All things that can be done using a for loop can also be done using a while loop', NULL, 1, 0, '', 1, 176466, NULL, 1, 0, ''),
(176590, 521, 'for(;;) implements an infinite loop', NULL, 1, 0, '', 1, 176467, NULL, 1, 0, ''),
(176591, 521, 'for loop can be used if we want statements in a loop to get executed atleast once.', NULL, 1, 0, '', 1, 176468, NULL, 1, 0, ''),
(176592, 521, 'for loop works faster than a do-while loop', NULL, 0, 0, '', 1, 176469, NULL, 1, 0, ''),
(176593, 522, 'switch is useful when we wish to check the value of a variable against a particuler set of values.', NULL, 1, 0, '', 1, 176470, NULL, 1, 0, ''),
(176594, 522, 'switch is useful when we wish to check whether a value falls in different ranges.', NULL, 0, 0, '', 1, 176471, NULL, 1, 0, ''),
(176595, 522, 'Compiler implements a jump table for cases used in a switch.', NULL, 1, 0, '', 1, 176472, NULL, 1, 0, ''),
(176596, 522, 'It is not necessary to use a break in every switch statement.', NULL, 1, 0, '', 1, 176473, NULL, 1, 0, ''),
(176597, 522, 'Same constants can be used in more than one cases.', NULL, 0, 0, '', 1, 176474, NULL, 1, 0, ''),
(176598, 523, '~', NULL, 1, 0, '', 1, 176480, NULL, 1, 0, ''),
(176599, 523, '&&', NULL, 0, 0, '', 1, 176481, NULL, 1, 0, ''),
(176600, 523, '=', NULL, 0, 0, '', 1, 176482, NULL, 1, 0, ''),
(176601, 523, '!', NULL, 1, 0, '', 1, 176483, NULL, 1, 0, ''),
(176602, 523, 'sizeof', NULL, 1, 0, '', 1, 176484, NULL, 1, 0, ''),
(176603, 524, '3 4', NULL, 0, 0, '', 1, 176485, NULL, 1, 0, ''),
(176604, 524, '4 3', NULL, 0, 0, '', 1, 176486, NULL, 1, 0, ''),
(176605, 524, '4 4', NULL, 0, 0, '', 1, 176487, NULL, 1, 0, ''),
(176606, 524, 'Output may vary from compiler to compiler', NULL, 1, 0, '', 1, 176488, NULL, 1, 0, ''),
(176607, 525, '2.2 2.50 2.50 2.5', NULL, 0, 0, '', 1, 176497, NULL, 1, 0, ''),
(176608, 525, '2.2e 2.25f 2.00 2.25', NULL, 0, 0, '', 1, 176498, NULL, 1, 0, ''),
(176609, 525, '2.250000e000 2.250000 2.25 2.250000', NULL, 1, 0, '', 1, 176499, NULL, 1, 0, ''),
(176610, 525, 'Error', NULL, 0, 0, '', 1, 176500, NULL, 1, 0, ''),
(176611, 526, 'Vivek', NULL, 1, 0, '', 1, 176493, NULL, 1, 0, ''),
(176612, 526, 'Gupta', NULL, 0, 0, '', 1, 176494, NULL, 1, 0, ''),
(176613, 526, 'Compiler reports an error saying a float cannot be compared with a double', NULL, 0, 0, '', 1, 176495, NULL, 1, 0, ''),
(176614, 526, 'None of the above', NULL, 0, 0, '', 1, 176496, NULL, 1, 0, ''),
(176615, 527, 'Missing parantheses in return statement', NULL, 0, 0, '', 1, 176505, NULL, 1, 0, ''),
(176616, 527, 'The function should be defined as int f(int a, int b)', NULL, 0, 0, '', 1, 176506, NULL, 1, 0, ''),
(176617, 527, 'Redeclaration of a', NULL, 1, 0, '', 1, 176507, NULL, 1, 0, ''),
(176618, 527, 'None of the above', NULL, 0, 0, '', 1, 176508, NULL, 1, 0, ''),
(176619, 528, '10', NULL, 0, 0, '', 1, 176509, NULL, 1, 0, ''),
(176620, 528, '20', NULL, 0, 0, '', 1, 176510, NULL, 1, 0, ''),
(176621, 528, 'Garbage Value', NULL, 0, 0, '', 1, 176511, NULL, 1, 0, ''),
(176622, 528, 'Error', NULL, 1, 0, '', 1, 176512, NULL, 1, 0, ''),
(176623, 529, '35', NULL, 0, 0, '', 1, 176513, NULL, 1, 0, ''),
(176624, 529, '36', NULL, 0, 0, '', 1, 176514, NULL, 1, 0, ''),
(176625, 529, '37', NULL, 0, 0, '', 1, 176515, NULL, 1, 0, ''),
(176626, 529, '38', NULL, 1, 0, '', 1, 176516, NULL, 1, 0, ''),
(176627, 529, '39', NULL, 0, 0, '', 1, 176517, NULL, 1, 0, ''),
(176628, 530, 'Compiler reports an error since we used ; in the definition of addmult()', NULL, 1, 0, '', 1, 176527, NULL, 1, 0, ''),
(176629, 530, 'Compiler reports an error since we are attempting to return two values from the function addmult()', NULL, 0, 0, '', 1, 176528, NULL, 1, 0, ''),
(176630, 530, 'The function addmult return 7 and 12', NULL, 0, 0, '', 1, 176529, NULL, 1, 0, ''),
(176631, 530, 'The code runs successfully', NULL, 0, 0, '', 1, 176530, NULL, 1, 0, ''),
(176632, 531, '#ifdef', NULL, 1, 0, '', 1, 176531, NULL, 1, 0, ''),
(176633, 531, '#if', NULL, 1, 0, '', 1, 176532, NULL, 1, 0, ''),
(176634, 531, '#elif', NULL, 1, 0, '', 1, 176533, NULL, 1, 0, ''),
(176635, 531, '#pragma', NULL, 1, 0, '', 1, 176534, NULL, 1, 0, ''),
(176636, 531, '#undef', NULL, 1, 0, '', 1, 176535, NULL, 1, 0, ''),
(176637, 532, '2', NULL, 0, 0, '', 1, 176536, NULL, 1, 0, ''),
(176638, 532, '8', NULL, 1, 0, '', 1, 176537, NULL, 1, 0, ''),
(176639, 532, '2, 8', NULL, 0, 0, '', 1, 176538, NULL, 1, 0, ''),
(176640, 532, '6', NULL, 0, 0, '', 1, 176539, NULL, 1, 0, ''),
(176641, 532, 'No error', NULL, 0, 0, '', 1, 176540, NULL, 1, 0, ''),
(176642, 533, '', NULL, 0, 0, 'str1=Vivek str2=Gupta', 1, 176541, NULL, 1, 0, ''),
(176643, 534, '5', NULL, 0, 0, '', 1, 176542, NULL, 1, 0, ''),
(176644, 534, '9', NULL, 0, 0, '', 1, 176543, NULL, 1, 0, ''),
(176645, 534, '10', NULL, 1, 0, '', 1, 176544, NULL, 1, 0, ''),
(176646, 534, '3+7', NULL, 0, 0, '', 1, 176545, NULL, 1, 0, ''),
(176647, 535, 'There should be a condition in the for loop', NULL, 0, 0, '', 1, 0, NULL, 1, 0, ''),
(176648, 535, 'The two semicolons should be dropped.', NULL, 0, 0, '', 1, 0, NULL, 1, 0, ''),
(176649, 535, 'The for loop should be replaced by a while loop.', NULL, 0, 0, '', 1, 0, NULL, 1, 0, ''),
(176650, 535, 'No error', NULL, 1, 0, '', 1, 0, NULL, 1, 0, ''),
(176651, 536, 'Infinite Loop', NULL, 1, 0, '', 1, 0, NULL, 1, 0, ''),
(176652, 536, '0 1 2 ... 65535', NULL, 0, 0, '', 1, 0, NULL, 1, 0, ''),
(176653, 536, '1 2 ... 32767 -32766 -32765 ... -1 0', NULL, 0, 0, '', 1, 0, NULL, 1, 0, ''),
(176654, 536, 'No output', NULL, 0, 0, '', 1, 0, NULL, 1, 0, ''),
(176655, 537, '', NULL, 0, 0, '20 40', 1, 176411, NULL, 1, 0, ''),
(176656, 538, '2', NULL, 0, 0, '', 1, 176412, NULL, 1, 0, ''),
(176657, 538, '4', NULL, 0, 0, '', 1, 176413, NULL, 1, 0, ''),
(176658, 538, 'Would vary from compiler to compiler', NULL, 0, 0, '', 1, 176414, NULL, 1, 0, ''),
(176659, 538, 'Error', NULL, 1, 0, '', 1, 176415, NULL, 1, 0, ''),
(176660, 539, '20', NULL, 1, 0, '', 1, 176416, NULL, 1, 0, ''),
(176661, 539, '0', NULL, 0, 0, '', 1, 176417, NULL, 1, 0, ''),
(176662, 539, 'Garbage Value', NULL, 0, 0, '', 1, 176418, NULL, 1, 0, ''),
(176663, 539, 'Error', NULL, 0, 0, '', 1, 176419, NULL, 1, 0, ''),
(176664, 540, 'There should be a condition in the for loop', NULL, 0, 0, '', 1, 176647, NULL, 1, 0, ''),
(176665, 540, 'The two semicolons should be dropped.', NULL, 0, 0, '', 1, 176648, NULL, 1, 0, ''),
(176666, 540, 'The for loop should be replaced by a while loop.', NULL, 0, 0, '', 1, 176649, NULL, 1, 0, ''),
(176667, 540, 'No error', NULL, 1, 0, '', 1, 176650, NULL, 1, 0, ''),
(176668, 541, 'Hello\\nHi\\n', NULL, 0, 0, '', 1, 176424, NULL, 1, 0, ''),
(176669, 541, 'Hello\\nBye\\n', NULL, 0, 0, '', 1, 176425, NULL, 1, 0, ''),
(176670, 541, 'Hi\\n', NULL, 1, 0, '', 1, 176426, NULL, 1, 0, ''),
(176671, 541, 'Bye\\n', NULL, 0, 0, '', 1, 176427, NULL, 1, 0, ''),
(176672, 541, 'Hello\\nHi\\nBy\\ne', NULL, 0, 0, '', 1, 176428, NULL, 1, 0, ''),
(176673, 542, 'Variables cannot be checked using a switch as in ''case a''', NULL, 1, 0, '', 1, 176441, NULL, 1, 0, ''),
(176674, 542, 'Expressions as in case ''case 3 + 5'' are not allowed', NULL, 0, 0, '', 1, 176442, NULL, 1, 0, ''),
(176675, 542, 'There is no break statement in each case', NULL, 0, 0, '', 1, 176443, NULL, 1, 0, ''),
(176676, 542, 'There is not default case in the switch', NULL, 0, 0, '', 1, 176444, NULL, 1, 0, ''),
(176677, 543, '4 3 2 1 0 -1\\n4 3 2 1 0 -1\\n\\n', NULL, 1, 0, '', 1, 176445, NULL, 1, 0, ''),
(176678, 543, '5 4 3 2 1 0 \\n5 4 3 2 1 0\\n\\n', NULL, 0, 0, '', 1, 176446, NULL, 1, 0, ''),
(176679, 543, 'Error', NULL, 0, 0, '', 1, 176447, NULL, 1, 0, ''),
(176680, 543, '5 4 3 2 1 0\\n5 4 3 2 1 0\\n5 4 3 2 1 0\\n', NULL, 0, 0, '', 1, 176448, NULL, 1, 0, ''),
(176681, 544, 'Error Rvalue required', NULL, 0, 0, '', 1, 176449, NULL, 1, 0, ''),
(176682, 544, 'Error Lvalue required', NULL, 1, 0, '', 1, 176450, NULL, 1, 0, ''),
(176683, 544, '100', NULL, 0, 0, '', 1, 176451, NULL, 1, 0, ''),
(176684, 544, '200', NULL, 0, 0, '', 1, 176452, NULL, 1, 0, ''),
(176685, 545, 'Infinite Loop', NULL, 1, 0, '', 1, 176651, NULL, 1, 0, ''),
(176686, 545, '0 1 2 ... 65535', NULL, 0, 0, '', 1, 176652, NULL, 1, 0, ''),
(176687, 545, '1 2 ... 32767 -32766 -32765 ... -1 0', NULL, 0, 0, '', 1, 176653, NULL, 1, 0, ''),
(176688, 545, 'No output', NULL, 0, 0, '', 1, 176654, NULL, 1, 0, ''),
(176689, 546, 'x is equal to y', NULL, 0, 0, '', 1, 176457, NULL, 1, 0, ''),
(176690, 546, 'x is greater than y', NULL, 0, 0, '', 1, 176458, NULL, 1, 0, ''),
(176691, 546, 'The output depends upon Compiler', NULL, 0, 0, '', 1, 176459, NULL, 1, 0, ''),
(176692, 546, 'Error', NULL, 1, 0, '', 1, 176460, NULL, 1, 0, ''),
(176693, 547, '2 1 1', NULL, 1, 0, '', 1, 176461, NULL, 1, 0, ''),
(176694, 547, '2 2 1', NULL, 0, 0, '', 1, 176462, NULL, 1, 0, ''),
(176695, 547, '2 2 2', NULL, 0, 0, '', 1, 176463, NULL, 1, 0, ''),
(176696, 547, '1 1 1', NULL, 0, 0, '', 1, 176464, NULL, 1, 0, ''),
(176697, 548, 'for loop works faster than a while loop', NULL, 0, 0, '', 1, 176465, NULL, 1, 0, ''),
(176698, 548, 'All things that can be done using a for loop can also be done using a while loop', NULL, 1, 0, '', 1, 176466, NULL, 1, 0, ''),
(176699, 548, 'for(;;) implements an infinite loop', NULL, 1, 0, '', 1, 176467, NULL, 1, 0, ''),
(176700, 548, 'for loop can be used if we want statements in a loop to get executed atleast once.', NULL, 1, 0, '', 1, 176468, NULL, 1, 0, ''),
(176701, 548, 'for loop works faster than a do-while loop', NULL, 0, 0, '', 1, 176469, NULL, 1, 0, ''),
(176702, 549, 'switch is useful when we wish to check the value of a variable against a particuler set of values.', NULL, 1, 0, '', 1, 176470, NULL, 1, 0, ''),
(176703, 549, 'switch is useful when we wish to check whether a value falls in different ranges.', NULL, 0, 0, '', 1, 176471, NULL, 1, 0, ''),
(176704, 549, 'Compiler implements a jump table for cases used in a switch.', NULL, 1, 0, '', 1, 176472, NULL, 1, 0, ''),
(176705, 549, 'It is not necessary to use a break in every switch statement.', NULL, 1, 0, '', 1, 176473, NULL, 1, 0, ''),
(176706, 549, 'Same constants can be used in more than one cases.', NULL, 0, 0, '', 1, 176474, NULL, 1, 0, ''),
(176707, 550, '~', NULL, 1, 0, '', 1, 176480, NULL, 1, 0, ''),
(176708, 550, '&&', NULL, 0, 0, '', 1, 176481, NULL, 1, 0, ''),
(176709, 550, '=', NULL, 0, 0, '', 1, 176482, NULL, 1, 0, ''),
(176710, 550, '!', NULL, 1, 0, '', 1, 176483, NULL, 1, 0, ''),
(176711, 550, 'sizeof', NULL, 1, 0, '', 1, 176484, NULL, 1, 0, ''),
(176712, 551, '3 4', NULL, 0, 0, '', 1, 176485, NULL, 1, 0, ''),
(176713, 551, '4 3', NULL, 0, 0, '', 1, 176486, NULL, 1, 0, ''),
(176714, 551, '4 4', NULL, 0, 0, '', 1, 176487, NULL, 1, 0, ''),
(176715, 551, 'Output may vary from compiler to compiler', NULL, 1, 0, '', 1, 176488, NULL, 1, 0, ''),
(176716, 552, '2.2 2.50 2.50 2.5', NULL, 0, 0, '', 1, 176497, NULL, 1, 0, ''),
(176717, 552, '2.2e 2.25f 2.00 2.25', NULL, 0, 0, '', 1, 176498, NULL, 1, 0, ''),
(176718, 552, '2.250000e000 2.250000 2.25 2.250000', NULL, 1, 0, '', 1, 176499, NULL, 1, 0, ''),
(176719, 552, 'Error', NULL, 0, 0, '', 1, 176500, NULL, 1, 0, ''),
(176720, 553, 'Vivek', NULL, 1, 0, '', 1, 176493, NULL, 1, 0, ''),
(176721, 553, 'Gupta', NULL, 0, 0, '', 1, 176494, NULL, 1, 0, ''),
(176722, 553, 'Compiler reports an error saying a float cannot be compared with a double', NULL, 0, 0, '', 1, 176495, NULL, 1, 0, ''),
(176723, 553, 'None of the above', NULL, 0, 0, '', 1, 176496, NULL, 1, 0, ''),
(176724, 554, 'Missing parantheses in return statement', NULL, 0, 0, '', 1, 176505, NULL, 1, 0, ''),
(176725, 554, 'The function should be defined as int f(int a, int b)', NULL, 0, 0, '', 1, 176506, NULL, 1, 0, ''),
(176726, 554, 'Redeclaration of a', NULL, 1, 0, '', 1, 176507, NULL, 1, 0, ''),
(176727, 554, 'None of the above', NULL, 0, 0, '', 1, 176508, NULL, 1, 0, ''),
(176728, 555, '10', NULL, 0, 0, '', 1, 176509, NULL, 1, 0, ''),
(176729, 555, '20', NULL, 0, 0, '', 1, 176510, NULL, 1, 0, ''),
(176730, 555, 'Garbage Value', NULL, 0, 0, '', 1, 176511, NULL, 1, 0, ''),
(176731, 555, 'Error', NULL, 1, 0, '', 1, 176512, NULL, 1, 0, ''),
(176732, 556, '35', NULL, 0, 0, '', 1, 176513, NULL, 1, 0, ''),
(176733, 556, '36', NULL, 0, 0, '', 1, 176514, NULL, 1, 0, ''),
(176734, 556, '37', NULL, 0, 0, '', 1, 176515, NULL, 1, 0, ''),
(176735, 556, '38', NULL, 1, 0, '', 1, 176516, NULL, 1, 0, ''),
(176736, 556, '39', NULL, 0, 0, '', 1, 176517, NULL, 1, 0, ''),
(176737, 557, 'Compiler reports an error since we used ; in the definition of addmult()', NULL, 1, 0, '', 1, 176527, NULL, 1, 0, ''),
(176738, 557, 'Compiler reports an error since we are attempting to return two values from the function addmult()', NULL, 0, 0, '', 1, 176528, NULL, 1, 0, ''),
(176739, 557, 'The function addmult return 7 and 12', NULL, 0, 0, '', 1, 176529, NULL, 1, 0, ''),
(176740, 557, 'The code runs successfully', NULL, 0, 0, '', 1, 176530, NULL, 1, 0, ''),
(176741, 558, '#ifdef', NULL, 1, 0, '', 1, 176531, NULL, 1, 0, ''),
(176742, 558, '#if', NULL, 1, 0, '', 1, 176532, NULL, 1, 0, ''),
(176743, 558, '#elif', NULL, 1, 0, '', 1, 176533, NULL, 1, 0, ''),
(176744, 558, '#pragma', NULL, 1, 0, '', 1, 176534, NULL, 1, 0, ''),
(176745, 558, '#undef', NULL, 1, 0, '', 1, 176535, NULL, 1, 0, ''),
(176746, 559, '2', NULL, 0, 0, '', 1, 176536, NULL, 1, 0, ''),
(176747, 559, '8', NULL, 1, 0, '', 1, 176537, NULL, 1, 0, ''),
(176748, 559, '2, 8', NULL, 0, 0, '', 1, 176538, NULL, 1, 0, ''),
(176749, 559, '6', NULL, 0, 0, '', 1, 176539, NULL, 1, 0, ''),
(176750, 559, 'No error', NULL, 0, 0, '', 1, 176540, NULL, 1, 0, ''),
(176751, 560, '', NULL, 0, 0, 'str1=Vivek str2=Gupta', 1, 176541, NULL, 1, 0, ''),
(176752, 561, '5', NULL, 0, 0, '', 1, 176542, NULL, 1, 0, ''),
(176753, 561, '9', NULL, 0, 0, '', 1, 176543, NULL, 1, 0, ''),
(176754, 561, '10', NULL, 1, 0, '', 1, 176544, NULL, 1, 0, ''),
(176755, 561, '3+7', NULL, 0, 0, '', 1, 176545, NULL, 1, 0, ''),
(176756, 562, 'Bill Gates', NULL, 1, 0, '', 1, 175469, NULL, 1, 0, ''),
(176757, 562, 'Michael Dell', NULL, 0, 0, '', 1, 175470, NULL, 1, 0, ''),
(176758, 562, 'Steve Jobs', NULL, 0, 0, '', 1, 175471, NULL, 1, 0, ''),
(176759, 562, 'Bruce Lee', NULL, 0, 0, '', 1, 175472, NULL, 1, 0, ''),
(176760, 563, '2 + 2 = 4', NULL, 1, 0, '', 1, 175473, NULL, 1, 0, ''),
(176761, 563, '2 + 3 = 4', NULL, 0, 0, '', 1, 175474, NULL, 1, 0, ''),
(176762, 563, '2 * 2 = 4', NULL, 1, 0, '', 1, 175475, NULL, 1, 0, ''),
(176763, 563, '2 * 3 = 4', NULL, 0, 0, '', 1, 175476, NULL, 1, 0, ''),
(176764, 564, '1 + 1 =', NULL, 0, 0, '2', 1, 175477, NULL, 1, 0, ''),
(176765, 564, '2 + 1 =', NULL, 0, 0, '3', 1, 175478, NULL, 1, 0, ''),
(176766, 564, '3 + 1 =', NULL, 0, 0, '4', 1, 175479, NULL, 1, 0, ''),
(176767, 564, '4 + 1 =', NULL, 0, 0, '5', 1, 175480, NULL, 1, 0, ''),
(176768, 565, '', NULL, 0, 0, 'Microsoft', 1, 175481, NULL, 1, 0, ''),
(176769, 566, 'qw', NULL, 0, 0, '', 1, 175691, NULL, 1, 0, ''),
(176770, 566, 'as', NULL, 1, 0, '', 1, 175692, NULL, 1, 0, ''),
(176771, 566, 'zx', NULL, 0, 0, '', 1, 175693, NULL, 1, 0, ''),
(176772, 566, 'er', NULL, 0, 0, '', 1, 175694, NULL, 1, 0, ''),
(176773, 567, '', NULL, 0, 0, '', 1, 176287, NULL, 1, 0, ''),
(176774, 567, '', NULL, 0, 0, '', 1, 176288, NULL, 1, 0, ''),
(176775, 567, '', NULL, 0, 0, '', 1, 176289, NULL, 1, 0, ''),
(176776, 567, '', NULL, 0, 0, '', 1, 176290, NULL, 1, 0, ''),
(176777, 568, '', NULL, 0, 0, '20 40', 1, 176411, NULL, 1, 0, ''),
(176778, 569, '2', NULL, 0, 0, '', 1, 176412, NULL, 1, 0, ''),
(176779, 569, '4', NULL, 0, 0, '', 1, 176413, NULL, 1, 0, ''),
(176780, 569, 'Would vary from compiler to compiler', NULL, 0, 0, '', 1, 176414, NULL, 1, 0, ''),
(176781, 569, 'Error', NULL, 1, 0, '', 1, 176415, NULL, 1, 0, ''),
(176782, 570, '20', NULL, 1, 0, '', 1, 176416, NULL, 1, 0, ''),
(176783, 570, '0', NULL, 0, 0, '', 1, 176417, NULL, 1, 0, ''),
(176784, 570, 'Garbage Value', NULL, 0, 0, '', 1, 176418, NULL, 1, 0, ''),
(176785, 570, 'Error', NULL, 0, 0, '', 1, 176419, NULL, 1, 0, ''),
(176786, 571, 'There should be a condition in the for loop', NULL, 0, 0, '', 1, 176647, NULL, 1, 0, ''),
(176787, 571, 'The two semicolons should be dropped.', NULL, 0, 0, '', 1, 176648, NULL, 1, 0, ''),
(176788, 571, 'The for loop should be replaced by a while loop.', NULL, 0, 0, '', 1, 176649, NULL, 1, 0, ''),
(176789, 571, 'No error', NULL, 1, 0, '', 1, 176650, NULL, 1, 0, ''),
(176790, 572, 'Hello\\nHi\\n', NULL, 0, 0, '', 1, 176424, NULL, 1, 0, ''),
(176791, 572, 'Hello\\nBye\\n', NULL, 0, 0, '', 1, 176425, NULL, 1, 0, ''),
(176792, 572, 'Hi\\n', NULL, 1, 0, '', 1, 176426, NULL, 1, 0, ''),
(176793, 572, 'Bye\\n', NULL, 0, 0, '', 1, 176427, NULL, 1, 0, ''),
(176794, 572, 'Hello\\nHi\\nBy\\ne', NULL, 0, 0, '', 1, 176428, NULL, 1, 0, ''),
(176795, 573, 'Variables cannot be checked using a switch as in ''case a''', NULL, 1, 0, '', 1, 176441, NULL, 1, 0, ''),
(176796, 573, 'Expressions as in case ''case 3 + 5'' are not allowed', NULL, 0, 0, '', 1, 176442, NULL, 1, 0, ''),
(176797, 573, 'There is no break statement in each case', NULL, 0, 0, '', 1, 176443, NULL, 1, 0, ''),
(176798, 573, 'There is not default case in the switch', NULL, 0, 0, '', 1, 176444, NULL, 1, 0, ''),
(176799, 574, '4 3 2 1 0 -1\\n4 3 2 1 0 -1\\n\\n', NULL, 1, 0, '', 1, 176445, NULL, 1, 0, ''),
(176800, 574, '5 4 3 2 1 0 \\n5 4 3 2 1 0\\n\\n', NULL, 0, 0, '', 1, 176446, NULL, 1, 0, ''),
(176801, 574, 'Error', NULL, 0, 0, '', 1, 176447, NULL, 1, 0, ''),
(176802, 574, '5 4 3 2 1 0\\n5 4 3 2 1 0\\n5 4 3 2 1 0\\n', NULL, 0, 0, '', 1, 176448, NULL, 1, 0, ''),
(176803, 575, 'Error Rvalue required', NULL, 0, 0, '', 1, 176449, NULL, 1, 0, ''),
(176804, 575, 'Error Lvalue required', NULL, 1, 0, '', 1, 176450, NULL, 1, 0, ''),
(176805, 575, '100', NULL, 0, 0, '', 1, 176451, NULL, 1, 0, ''),
(176806, 575, '200', NULL, 0, 0, '', 1, 176452, NULL, 1, 0, ''),
(176807, 576, 'Infinite Loop', NULL, 1, 0, '', 1, 176651, NULL, 1, 0, ''),
(176808, 576, '0 1 2 ... 65535', NULL, 0, 0, '', 1, 176652, NULL, 1, 0, ''),
(176809, 576, '1 2 ... 32767 -32766 -32765 ... -1 0', NULL, 0, 0, '', 1, 176653, NULL, 1, 0, ''),
(176810, 576, 'No output', NULL, 0, 0, '', 1, 176654, NULL, 1, 0, ''),
(176811, 577, 'x is equal to y', NULL, 0, 0, '', 1, 176457, NULL, 1, 0, ''),
(176812, 577, 'x is greater than y', NULL, 0, 0, '', 1, 176458, NULL, 1, 0, ''),
(176813, 577, 'The output depends upon Compiler', NULL, 0, 0, '', 1, 176459, NULL, 1, 0, ''),
(176814, 577, 'Error', NULL, 1, 0, '', 1, 176460, NULL, 1, 0, ''),
(176815, 578, '2 1 1', NULL, 1, 0, '', 1, 176461, NULL, 1, 0, ''),
(176816, 578, '2 2 1', NULL, 0, 0, '', 1, 176462, NULL, 1, 0, ''),
(176817, 578, '2 2 2', NULL, 0, 0, '', 1, 176463, NULL, 1, 0, ''),
(176818, 578, '1 1 1', NULL, 0, 0, '', 1, 176464, NULL, 1, 0, ''),
(176819, 579, 'for loop works faster than a while loop', NULL, 0, 0, '', 1, 176465, NULL, 1, 0, ''),
(176820, 579, 'All things that can be done using a for loop can also be done using a while loop', NULL, 1, 0, '', 1, 176466, NULL, 1, 0, ''),
(176821, 579, 'for(;;) implements an infinite loop', NULL, 1, 0, '', 1, 176467, NULL, 1, 0, ''),
(176822, 579, 'for loop can be used if we want statements in a loop to get executed atleast once.', NULL, 1, 0, '', 1, 176468, NULL, 1, 0, ''),
(176823, 579, 'for loop works faster than a do-while loop', NULL, 0, 0, '', 1, 176469, NULL, 1, 0, ''),
(176824, 580, 'switch is useful when we wish to check the value of a variable against a particuler set of values.', NULL, 1, 0, '', 1, 176470, NULL, 1, 0, ''),
(176825, 580, 'switch is useful when we wish to check whether a value falls in different ranges.', NULL, 0, 0, '', 1, 176471, NULL, 1, 0, ''),
(176826, 580, 'Compiler implements a jump table for cases used in a switch.', NULL, 1, 0, '', 1, 176472, NULL, 1, 0, ''),
(176827, 580, 'It is not necessary to use a break in every switch statement.', NULL, 1, 0, '', 1, 176473, NULL, 1, 0, ''),
(176828, 580, 'Same constants can be used in more than one cases.', NULL, 0, 0, '', 1, 176474, NULL, 1, 0, ''),
(176829, 581, '~', NULL, 1, 0, '', 1, 176480, NULL, 1, 0, ''),
(176830, 581, '&&', NULL, 0, 0, '', 1, 176481, NULL, 1, 0, ''),
(176831, 581, '=', NULL, 0, 0, '', 1, 176482, NULL, 1, 0, ''),
(176832, 581, '!', NULL, 1, 0, '', 1, 176483, NULL, 1, 0, ''),
(176833, 581, 'sizeof', NULL, 1, 0, '', 1, 176484, NULL, 1, 0, ''),
(176834, 582, '3 4', NULL, 0, 0, '', 1, 176485, NULL, 1, 0, ''),
(176835, 582, '4 3', NULL, 0, 0, '', 1, 176486, NULL, 1, 0, ''),
(176836, 582, '4 4', NULL, 0, 0, '', 1, 176487, NULL, 1, 0, ''),
(176837, 582, 'Output may vary from compiler to compiler', NULL, 1, 0, '', 1, 176488, NULL, 1, 0, ''),
(176838, 583, '2.2 2.50 2.50 2.5', NULL, 0, 0, '', 1, 176497, NULL, 1, 0, ''),
(176839, 583, '2.2e 2.25f 2.00 2.25', NULL, 0, 0, '', 1, 176498, NULL, 1, 0, ''),
(176840, 583, '2.250000e000 2.250000 2.25 2.250000', NULL, 1, 0, '', 1, 176499, NULL, 1, 0, ''),
(176841, 583, 'Error', NULL, 0, 0, '', 1, 176500, NULL, 1, 0, ''),
(176842, 584, 'Vivek', NULL, 1, 0, '', 1, 176493, NULL, 1, 0, ''),
(176843, 584, 'Gupta', NULL, 0, 0, '', 1, 176494, NULL, 1, 0, ''),
(176844, 584, 'Compiler reports an error saying a float cannot be compared with a double', NULL, 0, 0, '', 1, 176495, NULL, 1, 0, ''),
(176845, 584, 'None of the above', NULL, 0, 0, '', 1, 176496, NULL, 1, 0, ''),
(176846, 585, 'Missing parantheses in return statement', NULL, 0, 0, '', 1, 176505, NULL, 1, 0, ''),
(176847, 585, 'The function should be defined as int f(int a, int b)', NULL, 0, 0, '', 1, 176506, NULL, 1, 0, ''),
(176848, 585, 'Redeclaration of a', NULL, 1, 0, '', 1, 176507, NULL, 1, 0, ''),
(176849, 585, 'None of the above', NULL, 0, 0, '', 1, 176508, NULL, 1, 0, ''),
(176850, 586, '10', NULL, 0, 0, '', 1, 176509, NULL, 1, 0, ''),
(176851, 586, '20', NULL, 0, 0, '', 1, 176510, NULL, 1, 0, ''),
(176852, 586, 'Garbage Value', NULL, 0, 0, '', 1, 176511, NULL, 1, 0, ''),
(176853, 586, 'Error', NULL, 1, 0, '', 1, 176512, NULL, 1, 0, ''),
(176854, 587, '35', NULL, 0, 0, '', 1, 176513, NULL, 1, 0, ''),
(176855, 587, '36', NULL, 0, 0, '', 1, 176514, NULL, 1, 0, ''),
(176856, 587, '37', NULL, 0, 0, '', 1, 176515, NULL, 1, 0, ''),
(176857, 587, '38', NULL, 1, 0, '', 1, 176516, NULL, 1, 0, ''),
(176858, 587, '39', NULL, 0, 0, '', 1, 176517, NULL, 1, 0, ''),
(176859, 588, 'Compiler reports an error since we used ; in the definition of addmult()', NULL, 1, 0, '', 1, 176527, NULL, 1, 0, ''),
(176860, 588, 'Compiler reports an error since we are attempting to return two values from the function addmult()', NULL, 0, 0, '', 1, 176528, NULL, 1, 0, ''),
(176861, 588, 'The function addmult return 7 and 12', NULL, 0, 0, '', 1, 176529, NULL, 1, 0, ''),
(176862, 588, 'The code runs successfully', NULL, 0, 0, '', 1, 176530, NULL, 1, 0, ''),
(176863, 589, '#ifdef', NULL, 1, 0, '', 1, 176531, NULL, 1, 0, ''),
(176864, 589, '#if', NULL, 1, 0, '', 1, 176532, NULL, 1, 0, ''),
(176865, 589, '#elif', NULL, 1, 0, '', 1, 176533, NULL, 1, 0, ''),
(176866, 589, '#pragma', NULL, 1, 0, '', 1, 176534, NULL, 1, 0, ''),
(176867, 589, '#undef', NULL, 1, 0, '', 1, 176535, NULL, 1, 0, ''),
(176868, 590, '2', NULL, 0, 0, '', 1, 176536, NULL, 1, 0, ''),
(176869, 590, '8', NULL, 1, 0, '', 1, 176537, NULL, 1, 0, ''),
(176870, 590, '2, 8', NULL, 0, 0, '', 1, 176538, NULL, 1, 0, ''),
(176871, 590, '6', NULL, 0, 0, '', 1, 176539, NULL, 1, 0, ''),
(176872, 590, 'No error', NULL, 0, 0, '', 1, 176540, NULL, 1, 0, ''),
(176873, 591, '', NULL, 0, 0, 'str1=Vivek str2=Gupta', 1, 176541, NULL, 1, 0, ''),
(176874, 592, '5', NULL, 0, 0, '', 1, 176542, NULL, 1, 0, ''),
(176875, 592, '9', NULL, 0, 0, '', 1, 176543, NULL, 1, 0, ''),
(176876, 592, '10', NULL, 1, 0, '', 1, 176544, NULL, 1, 0, ''),
(176877, 592, '3+7', NULL, 0, 0, '', 1, 176545, NULL, 1, 0, ''),
(176882, 594, 'French', NULL, 1, 0, '', 1, 0, NULL, 1, 0, ''),
(176883, 594, 'Greek', NULL, 0, 0, '', 1, 0, NULL, 1, 0, ''),
(176884, 594, 'Spanish', NULL, 0, 0, '', 1, 0, NULL, 1, 0, ''),
(176885, 594, 'Brazilian', NULL, 0, 0, '', 1, 0, NULL, 1, 0, ''),
(176886, 594, 'English', NULL, 0, 0, '', 1, 0, NULL, 1, 0, ''),
(176887, 595, 'French', NULL, 0, 0, '', 1, 0, NULL, 1, 0, ''),
(176888, 595, 'Greek', NULL, 0, 0, '', 1, 0, NULL, 1, 0, ''),
(176889, 595, 'Spanish', NULL, 0, 0, '', 1, 0, NULL, 1, 0, ''),
(176890, 595, 'Brazilian', NULL, 1, 0, '', 1, 0, NULL, 1, 0, ''),
(176891, 595, 'English', NULL, 0, 0, '', 1, 0, NULL, 1, 0, ''),
(176892, 596, 'Tea', NULL, 0, 0, '', 1, 0, NULL, 1, 0, ''),
(176893, 596, 'Corn', NULL, 0, 0, '', 1, 0, NULL, 1, 0, ''),
(176894, 596, 'Rice', NULL, 1, 0, '', 1, 0, NULL, 1, 0, ''),
(176895, 596, 'Cocoa', NULL, 0, 0, '', 1, 0, NULL, 1, 0, ''),
(176896, 596, 'Coffee', NULL, 0, 0, '', 1, 0, NULL, 1, 0, ''),
(176897, 597, 'five', NULL, 0, 0, '', 1, 0, NULL, 1, 0, ''),
(176898, 597, 'six', NULL, 0, 0, '', 1, 0, NULL, 1, 0, ''),
(176899, 597, 'seven', NULL, 0, 0, '', 1, 0, NULL, 1, 0, ''),
(176900, 597, 'eight', NULL, 1, 0, '', 1, 0, NULL, 1, 0, ''),
(176901, 597, 'nine', NULL, 0, 0, '', 1, 0, NULL, 1, 0, ''),
(176902, 598, 'French', NULL, 0, 0, '', 1, 0, NULL, 1, 0, ''),
(176903, 598, 'Greek', NULL, 1, 0, '', 1, 0, NULL, 1, 0, ''),
(176904, 598, 'Spanish', NULL, 0, 0, '', 1, 0, NULL, 1, 0, ''),
(176905, 598, 'Brazilian', NULL, 0, 0, '', 1, 0, NULL, 1, 0, ''),
(176906, 598, 'English', NULL, 0, 0, '', 1, 0, NULL, 1, 0, ''),
(176907, 599, '12 days', NULL, 0, 0, '', 1, 0, NULL, 1, 0, ''),
(176908, 599, '15 days', NULL, 1, 0, '', 1, 0, NULL, 1, 0, ''),
(176909, 599, '16 days', NULL, 0, 0, '', 1, 0, NULL, 1, 0, ''),
(176910, 599, '18 days', NULL, 0, 0, '', 1, 0, NULL, 1, 0, ''),
(176911, 600, '10/21', NULL, 1, 0, '', 1, 0, NULL, 1, 0, ''),
(176912, 600, '11/21', NULL, 0, 0, '', 1, 0, NULL, 1, 0, ''),
(176913, 600, '2/7', NULL, 0, 0, '', 1, 0, NULL, 1, 0, ''),
(176914, 600, '5/7', NULL, 0, 0, '', 1, 0, NULL, 1, 0, ''),
(176933, 606, 'godaromz', NULL, 0, 0, '', 1, 0, NULL, 1, 0, ''),
(176934, 606, 'lazbim', NULL, 0, 0, '', 1, 0, NULL, 1, 0, ''),
(176935, 606, 'wasibako', NULL, 1, 0, '', 1, 0, NULL, 1, 0, ''),
(176936, 606, 'romzpeo', NULL, 0, 0, '', 1, 0, NULL, 1, 0, ''),
(176937, 607, '10', NULL, 0, 0, '', 1, 0, NULL, 1, 0, ''),
(176938, 607, '12', NULL, 0, 0, '', 1, 0, NULL, 1, 0, ''),
(176939, 607, '14', NULL, 0, 0, '', 1, 0, NULL, 1, 0, ''),
(176940, 607, '16', NULL, 1, 0, '', 1, 0, NULL, 1, 0, ''),
(176941, 608, '23', NULL, 0, 0, '', 1, 0, NULL, 1, 0, ''),
(176942, 608, '33', NULL, 1, 0, '', 1, 0, NULL, 1, 0, ''),
(176943, 608, '90', NULL, 0, 0, '', 1, 0, NULL, 1, 0, ''),
(176944, 608, 'Cannot be determined', NULL, 0, 0, '', 1, 0, NULL, 1, 0, ''),
(176945, 609, '197', NULL, 1, 0, '', 1, 0, NULL, 1, 0, ''),
(176946, 609, '239', NULL, 0, 0, '', 1, 0, NULL, 1, 0, ''),
(176947, 609, '97', NULL, 0, 0, '', 1, 0, NULL, 1, 0, ''),
(176948, 609, '251', NULL, 0, 0, '', 1, 0, NULL, 1, 0, ''),
(176956, 611, '128', NULL, 0, 0, '', 1, 0, NULL, 1, 0, ''),
(176957, 611, '226', NULL, 0, 0, '', 1, 0, NULL, 1, 0, ''),
(176958, 611, '324', NULL, 0, 0, '', 1, 0, NULL, 1, 0, ''),
(176959, 611, '429', NULL, 1, 0, '', 1, 0, NULL, 1, 0, ''),
(176965, 613, 'I only', NULL, 0, 0, '', 1, 0, NULL, 1, 0, ''),
(176966, 613, 'II only', NULL, 0, 0, '', 1, 0, NULL, 1, 0, ''),
(176967, 613, 'III only', NULL, 0, 0, '', 1, 0, NULL, 1, 0, ''),
(176968, 613, 'II and III only', NULL, 1, 0, '', 1, 0, NULL, 1, 0, ''),
(176969, 613, 'All I, II and III are required.', NULL, 0, 0, '', 1, 0, NULL, 1, 0, ''),
(176970, 614, '', NULL, 0, 0, '312211', 1, 0, NULL, 1, 0, ''),
(176971, 615, 'Monday', NULL, 0, 0, '', 1, 0, NULL, 1, 0, ''),
(176972, 615, 'Tuesday', NULL, 0, 0, '', 1, 0, NULL, 1, 0, ''),
(176973, 615, 'Wednesday', NULL, 0, 0, '', 1, 0, NULL, 1, 0, ''),
(176974, 615, 'Thursday', NULL, 0, 0, '', 1, 0, NULL, 1, 0, ''),
(176975, 615, 'Friday', NULL, 0, 0, '', 1, 0, NULL, 1, 0, ''),
(176976, 615, 'Saturday', NULL, 1, 0, '', 1, 0, NULL, 1, 0, ''),
(176977, 615, 'Sunday', NULL, 0, 0, '', 1, 0, NULL, 1, 0, ''),
(177110, 646, '128', NULL, 0, 0, '', 1, 176956, NULL, 1, 0, ''),
(177111, 646, '226', NULL, 0, 0, '', 1, 176957, NULL, 1, 0, ''),
(177112, 646, '324', NULL, 0, 0, '', 1, 176958, NULL, 1, 0, ''),
(177113, 646, '429', NULL, 1, 0, '', 1, 176959, NULL, 1, 0, ''),
(177114, 647, 'French', NULL, 1, 0, '', 1, 176882, NULL, 1, 0, ''),
(177115, 647, 'Greek', NULL, 0, 0, '', 1, 176883, NULL, 1, 0, ''),
(177116, 647, 'Spanish', NULL, 0, 0, '', 1, 176884, NULL, 1, 0, ''),
(177117, 647, 'Brazilian', NULL, 0, 0, '', 1, 176885, NULL, 1, 0, ''),
(177118, 647, 'English', NULL, 0, 0, '', 1, 176886, NULL, 1, 0, ''),
(177119, 648, 'French', NULL, 0, 0, '', 1, 176887, NULL, 1, 0, ''),
(177120, 648, 'Greek', NULL, 0, 0, '', 1, 176888, NULL, 1, 0, ''),
(177121, 648, 'Spanish', NULL, 0, 0, '', 1, 176889, NULL, 1, 0, ''),
(177122, 648, 'Brazilian', NULL, 1, 0, '', 1, 176890, NULL, 1, 0, ''),
(177123, 648, 'English', NULL, 0, 0, '', 1, 176891, NULL, 1, 0, ''),
(177124, 649, 'Tea', NULL, 0, 0, '', 1, 176892, NULL, 1, 0, ''),
(177125, 649, 'Corn', NULL, 0, 0, '', 1, 176893, NULL, 1, 0, ''),
(177126, 649, 'Rice', NULL, 1, 0, '', 1, 176894, NULL, 1, 0, ''),
(177127, 649, 'Cocoa', NULL, 0, 0, '', 1, 176895, NULL, 1, 0, ''),
(177128, 649, 'Coffee', NULL, 0, 0, '', 1, 176896, NULL, 1, 0, ''),
(177129, 650, 'five', NULL, 0, 0, '', 1, 176897, NULL, 1, 0, ''),
(177130, 650, 'six', NULL, 0, 0, '', 1, 176898, NULL, 1, 0, ''),
(177131, 650, 'seven', NULL, 0, 0, '', 1, 176899, NULL, 1, 0, ''),
(177132, 650, 'eight', NULL, 1, 0, '', 1, 176900, NULL, 1, 0, ''),
(177133, 650, 'nine', NULL, 0, 0, '', 1, 176901, NULL, 1, 0, ''),
(177134, 651, 'French', NULL, 0, 0, '', 1, 176902, NULL, 1, 0, ''),
(177135, 651, 'Greek', NULL, 1, 0, '', 1, 176903, NULL, 1, 0, ''),
(177136, 651, 'Spanish', NULL, 0, 0, '', 1, 176904, NULL, 1, 0, ''),
(177137, 651, 'Brazilian', NULL, 0, 0, '', 1, 176905, NULL, 1, 0, ''),
(177138, 651, 'English', NULL, 0, 0, '', 1, 176906, NULL, 1, 0, ''),
(177139, 652, '12 days', NULL, 0, 0, '', 1, 176907, NULL, 1, 0, ''),
(177140, 652, '15 days', NULL, 1, 0, '', 1, 176908, NULL, 1, 0, ''),
(177141, 652, '16 days', NULL, 0, 0, '', 1, 176909, NULL, 1, 0, ''),
(177142, 652, '18 days', NULL, 0, 0, '', 1, 176910, NULL, 1, 0, ''),
(177143, 653, '10/21', NULL, 1, 0, '', 1, 176911, NULL, 1, 0, ''),
(177144, 653, '11/21', NULL, 0, 0, '', 1, 176912, NULL, 1, 0, ''),
(177145, 653, '2/7', NULL, 0, 0, '', 1, 176913, NULL, 1, 0, ''),
(177146, 653, '5/7', NULL, 0, 0, '', 1, 176914, NULL, 1, 0, ''),
(177147, 654, 'I only', NULL, 0, 0, '', 1, 176965, NULL, 1, 0, ''),
(177148, 654, 'II only', NULL, 0, 0, '', 1, 176966, NULL, 1, 0, ''),
(177149, 654, 'III only', NULL, 0, 0, '', 1, 176967, NULL, 1, 0, ''),
(177150, 654, 'II and III only', NULL, 1, 0, '', 1, 176968, NULL, 1, 0, ''),
(177151, 654, 'All I, II and III are required.', NULL, 0, 0, '', 1, 176969, NULL, 1, 0, ''),
(177152, 655, '', NULL, 0, 0, '312211', 1, 176970, NULL, 1, 0, ''),
(177153, 656, 'godaromz', NULL, 0, 0, '', 1, 176933, NULL, 1, 0, ''),
(177154, 656, 'lazbim', NULL, 0, 0, '', 1, 176934, NULL, 1, 0, ''),
(177155, 656, 'wasibako', NULL, 1, 0, '', 1, 176935, NULL, 1, 0, ''),
(177156, 656, 'romzpeo', NULL, 0, 0, '', 1, 176936, NULL, 1, 0, ''),
(177157, 657, '10', NULL, 0, 0, '', 1, 176937, NULL, 1, 0, ''),
(177158, 657, '12', NULL, 0, 0, '', 1, 176938, NULL, 1, 0, ''),
(177159, 657, '14', NULL, 0, 0, '', 1, 176939, NULL, 1, 0, ''),
(177160, 657, '16', NULL, 1, 0, '', 1, 176940, NULL, 1, 0, ''),
(177161, 658, '23', NULL, 0, 0, '', 1, 176941, NULL, 1, 0, ''),
(177162, 658, '33', NULL, 1, 0, '', 1, 176942, NULL, 1, 0, ''),
(177163, 658, '90', NULL, 0, 0, '', 1, 176943, NULL, 1, 0, ''),
(177164, 658, 'Cannot be determined', NULL, 0, 0, '', 1, 176944, NULL, 1, 0, ''),
(177165, 659, '197', NULL, 1, 0, '', 1, 176945, NULL, 1, 0, ''),
(177166, 659, '239', NULL, 0, 0, '', 1, 176946, NULL, 1, 0, ''),
(177167, 659, '97', NULL, 0, 0, '', 1, 176947, NULL, 1, 0, ''),
(177168, 659, '251', NULL, 0, 0, '', 1, 176948, NULL, 1, 0, ''),
(177169, 660, 'Monday', NULL, 0, 0, '', 1, 176971, NULL, 1, 0, ''),
(177170, 660, 'Tuesday', NULL, 0, 0, '', 1, 176972, NULL, 1, 0, ''),
(177171, 660, 'Wednesday', NULL, 0, 0, '', 1, 176973, NULL, 1, 0, ''),
(177172, 660, 'Thursday', NULL, 0, 0, '', 1, 176974, NULL, 1, 0, ''),
(177173, 660, 'Friday', NULL, 0, 0, '', 1, 176975, NULL, 1, 0, ''),
(177174, 660, 'Saturday', NULL, 1, 0, '', 1, 176976, NULL, 1, 0, ''),
(177175, 660, 'Sunday', NULL, 0, 0, '', 1, 176977, NULL, 1, 0, ''),
(177176, 661, '128', NULL, 0, 0, '', 1, 176956, NULL, 1, 0, ''),
(177177, 661, '226', NULL, 0, 0, '', 1, 176957, NULL, 1, 0, ''),
(177178, 661, '324', NULL, 0, 0, '', 1, 176958, NULL, 1, 0, ''),
(177179, 661, '429', NULL, 1, 0, '', 1, 176959, NULL, 1, 0, ''),
(177180, 662, 'French', NULL, 1, 0, '', 1, 176882, NULL, 1, 0, ''),
(177181, 662, 'Greek', NULL, 0, 0, '', 1, 176883, NULL, 1, 0, ''),
(177182, 662, 'Spanish', NULL, 0, 0, '', 1, 176884, NULL, 1, 0, ''),
(177183, 662, 'Brazilian', NULL, 0, 0, '', 1, 176885, NULL, 1, 0, ''),
(177184, 662, 'English', NULL, 0, 0, '', 1, 176886, NULL, 1, 0, ''),
(177185, 663, 'French', NULL, 0, 0, '', 1, 176887, NULL, 1, 0, ''),
(177186, 663, 'Greek', NULL, 0, 0, '', 1, 176888, NULL, 1, 0, ''),
(177187, 663, 'Spanish', NULL, 0, 0, '', 1, 176889, NULL, 1, 0, ''),
(177188, 663, 'Brazilian', NULL, 1, 0, '', 1, 176890, NULL, 1, 0, ''),
(177189, 663, 'English', NULL, 0, 0, '', 1, 176891, NULL, 1, 0, ''),
(177190, 664, 'Tea', NULL, 0, 0, '', 1, 176892, NULL, 1, 0, ''),
(177191, 664, 'Corn', NULL, 0, 0, '', 1, 176893, NULL, 1, 0, ''),
(177192, 664, 'Rice', NULL, 1, 0, '', 1, 176894, NULL, 1, 0, ''),
(177193, 664, 'Cocoa', NULL, 0, 0, '', 1, 176895, NULL, 1, 0, ''),
(177194, 664, 'Coffee', NULL, 0, 0, '', 1, 176896, NULL, 1, 0, ''),
(177195, 665, 'five', NULL, 0, 0, '', 1, 176897, NULL, 1, 0, ''),
(177196, 665, 'six', NULL, 0, 0, '', 1, 176898, NULL, 1, 0, ''),
(177197, 665, 'seven', NULL, 0, 0, '', 1, 176899, NULL, 1, 0, ''),
(177198, 665, 'eight', NULL, 1, 0, '', 1, 176900, NULL, 1, 0, ''),
(177199, 665, 'nine', NULL, 0, 0, '', 1, 176901, NULL, 1, 0, ''),
(177200, 666, 'French', NULL, 0, 0, '', 1, 176902, NULL, 1, 0, ''),
(177201, 666, 'Greek', NULL, 1, 0, '', 1, 176903, NULL, 1, 0, ''),
(177202, 666, 'Spanish', NULL, 0, 0, '', 1, 176904, NULL, 1, 0, ''),
(177203, 666, 'Brazilian', NULL, 0, 0, '', 1, 176905, NULL, 1, 0, ''),
(177204, 666, 'English', NULL, 0, 0, '', 1, 176906, NULL, 1, 0, ''),
(177205, 667, '12 days', NULL, 0, 0, '', 1, 176907, NULL, 1, 0, ''),
(177206, 667, '15 days', NULL, 1, 0, '', 1, 176908, NULL, 1, 0, ''),
(177207, 667, '16 days', NULL, 0, 0, '', 1, 176909, NULL, 1, 0, ''),
(177208, 667, '18 days', NULL, 0, 0, '', 1, 176910, NULL, 1, 0, ''),
(177209, 668, '10/21', NULL, 1, 0, '', 1, 176911, NULL, 1, 0, ''),
(177210, 668, '11/21', NULL, 0, 0, '', 1, 176912, NULL, 1, 0, ''),
(177211, 668, '2/7', NULL, 0, 0, '', 1, 176913, NULL, 1, 0, ''),
(177212, 668, '5/7', NULL, 0, 0, '', 1, 176914, NULL, 1, 0, ''),
(177213, 669, 'I only', NULL, 0, 0, '', 1, 176965, NULL, 1, 0, ''),
(177214, 669, 'II only', NULL, 0, 0, '', 1, 176966, NULL, 1, 0, ''),
(177215, 669, 'III only', NULL, 0, 0, '', 1, 176967, NULL, 1, 0, ''),
(177216, 669, 'II and III only', NULL, 1, 0, '', 1, 176968, NULL, 1, 0, ''),
(177217, 669, 'All I, II and III are required.', NULL, 0, 0, '', 1, 176969, NULL, 1, 0, ''),
(177218, 670, '', NULL, 0, 0, '312211', 1, 176970, NULL, 1, 0, ''),
(177219, 671, 'godaromz', NULL, 0, 0, '', 1, 176933, NULL, 1, 0, ''),
(177220, 671, 'lazbim', NULL, 0, 0, '', 1, 176934, NULL, 1, 0, ''),
(177221, 671, 'wasibako', NULL, 1, 0, '', 1, 176935, NULL, 1, 0, ''),
(177222, 671, 'romzpeo', NULL, 0, 0, '', 1, 176936, NULL, 1, 0, ''),
(177223, 672, '10', NULL, 0, 0, '', 1, 176937, NULL, 1, 0, ''),
(177224, 672, '12', NULL, 0, 0, '', 1, 176938, NULL, 1, 0, ''),
(177225, 672, '14', NULL, 0, 0, '', 1, 176939, NULL, 1, 0, ''),
(177226, 672, '16', NULL, 1, 0, '', 1, 176940, NULL, 1, 0, ''),
(177227, 673, '23', NULL, 0, 0, '', 1, 176941, NULL, 1, 0, ''),
(177228, 673, '33', NULL, 1, 0, '', 1, 176942, NULL, 1, 0, ''),
(177229, 673, '90', NULL, 0, 0, '', 1, 176943, NULL, 1, 0, ''),
(177230, 673, 'Cannot be determined', NULL, 0, 0, '', 1, 176944, NULL, 1, 0, ''),
(177231, 674, '197', NULL, 1, 0, '', 1, 176945, NULL, 1, 0, ''),
(177232, 674, '239', NULL, 0, 0, '', 1, 176946, NULL, 1, 0, ''),
(177233, 674, '97', NULL, 0, 0, '', 1, 176947, NULL, 1, 0, ''),
(177234, 674, '251', NULL, 0, 0, '', 1, 176948, NULL, 1, 0, ''),
(177235, 675, 'Monday', NULL, 0, 0, '', 1, 176971, NULL, 1, 0, ''),
(177236, 675, 'Tuesday', NULL, 0, 0, '', 1, 176972, NULL, 1, 0, ''),
(177237, 675, 'Wednesday', NULL, 0, 0, '', 1, 176973, NULL, 1, 0, ''),
(177238, 675, 'Thursday', NULL, 0, 0, '', 1, 176974, NULL, 1, 0, ''),
(177239, 675, 'Friday', NULL, 0, 0, '', 1, 176975, NULL, 1, 0, ''),
(177240, 675, 'Saturday', NULL, 1, 0, '', 1, 176976, NULL, 1, 0, ''),
(177241, 675, 'Sunday', NULL, 0, 0, '', 1, 176977, NULL, 1, 0, '');

-- --------------------------------------------------------

--
-- Table structure for table `assignment_users`
--

CREATE TABLE IF NOT EXISTS `assignment_users` (
  `id` int(11) NOT NULL AUTO_INCREMENT,
  `assignment_id` int(11) NOT NULL DEFAULT '0',
  `user_type` int(11) NOT NULL DEFAULT '0',
  `user_id` int(11) NOT NULL DEFAULT '0',
  PRIMARY KEY (`id`),
  KEY `assignment_id` (`assignment_id`)
) ENGINE=InnoDB  DEFAULT CHARSET=utf8 AUTO_INCREMENT=563 ;

--
-- Dumping data for table `assignment_users`
--

INSERT INTO `assignment_users` (`id`, `assignment_id`, `user_type`, `user_id`) VALUES
(72, 6, 1, 15),
(73, 6, 1, 16),
(74, 6, 1, 17),
(75, 6, 1, 18),
(76, 6, 1, 19),
(77, 6, 1, 20),
(78, 6, 1, 21),
(79, 6, 1, 22),
(80, 6, 1, 23),
(81, 6, 1, 24),
(82, 6, 1, 28),
(83, 6, 1, 29),
(84, 6, 1, 30),
(85, 6, 1, 31),
(86, 6, 1, 32),
(87, 6, 1, 33),
(88, 6, 1, 34),
(89, 6, 1, 35),
(90, 6, 1, 36),
(91, 6, 1, 37),
(92, 6, 1, 38),
(93, 6, 1, 39),
(94, 6, 1, 40),
(95, 6, 1, 41),
(96, 6, 1, 42),
(97, 6, 1, 43),
(98, 6, 1, 44),
(99, 6, 1, 45),
(100, 6, 1, 46),
(101, 6, 1, 47),
(102, 6, 1, 48),
(103, 6, 1, 49),
(104, 6, 1, 50),
(105, 6, 1, 51),
(106, 6, 1, 52),
(107, 6, 1, 53),
(108, 6, 1, 54),
(109, 6, 1, 55),
(110, 6, 1, 56),
(111, 6, 1, 57),
(112, 6, 1, 58),
(113, 6, 1, 59),
(114, 6, 1, 60),
(115, 6, 1, 61),
(116, 6, 1, 62),
(117, 6, 1, 63),
(118, 6, 1, 64),
(119, 6, 1, 65),
(120, 6, 1, 66),
(121, 6, 1, 67),
(122, 6, 1, 68),
(123, 6, 1, 69),
(124, 6, 1, 70),
(125, 6, 1, 71),
(126, 6, 1, 72),
(127, 6, 1, 73),
(128, 6, 1, 74),
(129, 6, 1, 75),
(130, 6, 1, 76),
(131, 6, 1, 77),
(132, 6, 1, 78),
(133, 6, 1, 79),
(134, 6, 1, 27),
(337, 7, 1, 14),
(338, 7, 1, 15),
(339, 7, 1, 16),
(340, 7, 1, 17),
(341, 7, 1, 18),
(342, 7, 1, 19),
(343, 7, 1, 20),
(344, 7, 1, 21),
(345, 7, 1, 22),
(346, 7, 1, 23),
(347, 7, 1, 28),
(348, 7, 1, 29),
(349, 7, 1, 30),
(350, 7, 1, 31),
(351, 7, 1, 32),
(352, 7, 1, 33),
(353, 7, 1, 34),
(354, 7, 1, 35),
(355, 7, 1, 36),
(356, 7, 1, 37),
(357, 7, 1, 38),
(358, 7, 1, 39),
(359, 7, 1, 40),
(360, 7, 1, 41),
(361, 7, 1, 42),
(362, 7, 1, 43),
(363, 7, 1, 44),
(364, 7, 1, 45),
(365, 7, 1, 46),
(366, 7, 1, 47),
(367, 7, 1, 48),
(368, 7, 1, 49),
(369, 7, 1, 50),
(370, 7, 1, 51),
(371, 7, 1, 52),
(372, 7, 1, 53),
(373, 7, 1, 54),
(374, 7, 1, 55),
(375, 7, 1, 56),
(376, 7, 1, 57),
(377, 7, 1, 58),
(378, 7, 1, 59),
(379, 7, 1, 60),
(380, 7, 1, 61),
(381, 7, 1, 62),
(382, 7, 1, 63),
(383, 7, 1, 64),
(384, 7, 1, 65),
(385, 7, 1, 66),
(386, 7, 1, 67),
(387, 7, 1, 68),
(388, 7, 1, 69),
(389, 7, 1, 70),
(390, 7, 1, 71),
(391, 7, 1, 72),
(392, 7, 1, 73),
(393, 7, 1, 74),
(394, 7, 1, 75),
(395, 7, 1, 76),
(396, 7, 1, 77),
(397, 7, 1, 78),
(398, 7, 1, 79),
(399, 7, 1, 80),
(400, 7, 1, 81),
(401, 7, 1, 82),
(402, 7, 1, 83),
(403, 7, 1, 84),
(404, 7, 1, 85),
(405, 7, 1, 86),
(406, 7, 1, 87),
(407, 7, 1, 88),
(408, 7, 1, 89),
(409, 7, 1, 90),
(410, 7, 1, 91),
(411, 7, 1, 92),
(412, 7, 1, 93),
(413, 7, 1, 94),
(414, 7, 1, 95),
(415, 7, 1, 96),
(416, 7, 1, 97),
(417, 7, 1, 98),
(418, 7, 1, 99),
(419, 7, 1, 100),
(420, 7, 1, 101),
(421, 7, 1, 102),
(422, 7, 1, 103),
(423, 7, 1, 104),
(424, 7, 1, 105),
(425, 7, 1, 106),
(426, 7, 1, 107),
(427, 7, 1, 108),
(428, 7, 1, 109),
(429, 7, 1, 110),
(430, 7, 1, 111),
(431, 7, 1, 112),
(432, 7, 1, 113),
(433, 7, 1, 114),
(434, 7, 1, 115),
(435, 7, 1, 116),
(436, 7, 1, 117),
(437, 7, 1, 27),
(438, 7, 1, 118),
(439, 7, 1, 119),
(440, 8, 1, 15),
(441, 8, 1, 16),
(442, 8, 1, 17),
(443, 8, 1, 18),
(444, 8, 1, 19),
(445, 8, 1, 20),
(446, 8, 1, 21),
(447, 8, 1, 22),
(448, 8, 1, 23),
(449, 8, 1, 24),
(450, 8, 1, 28),
(451, 8, 1, 29),
(452, 8, 1, 30),
(453, 8, 1, 31),
(454, 8, 1, 32),
(455, 8, 1, 33),
(456, 8, 1, 34),
(457, 8, 1, 35),
(458, 8, 1, 36),
(459, 8, 1, 37),
(460, 8, 1, 38),
(461, 8, 1, 39),
(462, 8, 1, 40),
(463, 8, 1, 41),
(464, 8, 1, 42),
(465, 8, 1, 43),
(466, 8, 1, 44),
(467, 8, 1, 45),
(468, 8, 1, 46),
(469, 8, 1, 47),
(470, 8, 1, 48),
(471, 8, 1, 49),
(472, 8, 1, 50),
(473, 8, 1, 51),
(474, 8, 1, 52),
(475, 8, 1, 53),
(476, 8, 1, 54),
(477, 8, 1, 55),
(478, 8, 1, 56),
(479, 8, 1, 57),
(480, 8, 1, 58),
(481, 8, 1, 59),
(482, 8, 1, 60),
(483, 8, 1, 61),
(484, 8, 1, 62),
(485, 8, 1, 63),
(486, 8, 1, 64),
(487, 8, 1, 65),
(488, 8, 1, 66),
(489, 8, 1, 67),
(490, 8, 1, 68),
(491, 8, 1, 69),
(492, 8, 1, 70),
(493, 8, 1, 71),
(494, 8, 1, 72),
(495, 8, 1, 73),
(496, 8, 1, 74),
(497, 8, 1, 75),
(498, 8, 1, 76),
(499, 8, 1, 77),
(500, 8, 1, 78),
(501, 8, 1, 79),
(502, 8, 1, 80),
(503, 8, 1, 81),
(504, 8, 1, 82),
(505, 8, 1, 83),
(506, 8, 1, 84),
(507, 8, 1, 85),
(508, 8, 1, 86),
(509, 8, 1, 87),
(510, 8, 1, 88),
(511, 8, 1, 89),
(512, 8, 1, 90),
(513, 8, 1, 91),
(514, 8, 1, 92),
(515, 8, 1, 93),
(516, 8, 1, 94),
(517, 8, 1, 95),
(518, 8, 1, 96),
(519, 8, 1, 97),
(520, 8, 1, 98),
(521, 8, 1, 99),
(522, 8, 1, 100),
(523, 8, 1, 101),
(524, 8, 1, 102),
(525, 8, 1, 103),
(526, 8, 1, 104),
(527, 8, 1, 105),
(528, 8, 1, 106),
(529, 8, 1, 107),
(530, 8, 1, 108),
(531, 8, 1, 109),
(532, 8, 1, 110),
(533, 8, 1, 111),
(534, 8, 1, 112),
(535, 8, 1, 113),
(536, 8, 1, 114),
(537, 8, 1, 115),
(538, 8, 1, 116),
(539, 8, 1, 117),
(540, 8, 1, 27),
(541, 8, 1, 120),
(542, 8, 1, 121),
(543, 8, 1, 122),
(544, 8, 1, 123),
(545, 8, 1, 124),
(546, 8, 1, 125),
(547, 8, 1, 126),
(548, 8, 1, 127),
(549, 8, 1, 128),
(550, 8, 1, 129),
(551, 8, 1, 130),
(552, 8, 1, 131),
(553, 8, 1, 132),
(554, 8, 1, 133),
(555, 8, 1, 134),
(556, 8, 1, 135),
(557, 8, 1, 136),
(558, 8, 1, 137),
(559, 8, 1, 138),
(560, 8, 1, 139),
(561, 8, 1, 140),
(562, 8, 1, 141);

-- --------------------------------------------------------

--
-- Table structure for table `assignments`
--

CREATE TABLE IF NOT EXISTS `assignments` (
  `id` int(11) NOT NULL AUTO_INCREMENT,
  `quiz_id` int(11) NOT NULL DEFAULT '0',
  `org_quiz_id` int(11) NOT NULL DEFAULT '0',
  `results_mode` int(11) NOT NULL DEFAULT '0',
  `added_date` datetime NOT NULL DEFAULT '0000-00-00 00:00:00',
  `quiz_time` int(11) NOT NULL DEFAULT '0',
  `show_results` int(11) NOT NULL DEFAULT '0',
  `pass_score` decimal(10,2) NOT NULL DEFAULT '0.00',
  `quiz_type` int(11) NOT NULL DEFAULT '0',
  `status` int(11) NOT NULL DEFAULT '0',
  PRIMARY KEY (`id`)
) ENGINE=InnoDB  DEFAULT CHARSET=utf8 AUTO_INCREMENT=9 ;

--
-- Dumping data for table `assignments`
--

INSERT INTO `assignments` (`id`, `quiz_id`, `org_quiz_id`, `results_mode`, `added_date`, `quiz_time`, `show_results`, `pass_score`, `quiz_type`, `status`) VALUES
(6, 95, 91, 1, '2015-08-15 09:30:21', 30, 1, 0.00, 1, 2),
(7, 99, 96, 1, '2015-08-20 14:50:46', 25, 2, 0.00, 1, 2),
(8, 100, 96, 1, '2015-08-20 16:17:33', 25, 2, 0.00, 1, 2);

-- --------------------------------------------------------

--
-- Table structure for table `cats`
--

CREATE TABLE IF NOT EXISTS `cats` (
  `id` int(11) NOT NULL AUTO_INCREMENT,
  `cat_name` varchar(255) NOT NULL,
  PRIMARY KEY (`id`)
) ENGINE=InnoDB  DEFAULT CHARSET=utf8 AUTO_INCREMENT=62 ;

--
-- Dumping data for table `cats`
--

INSERT INTO `cats` (`id`, `cat_name`) VALUES
(61, 'IT tests');

-- --------------------------------------------------------

--
-- Table structure for table `imported_users`
--

CREATE TABLE IF NOT EXISTS `imported_users` (
  `id` int(11) NOT NULL AUTO_INCREMENT,
  `name` varchar(250) NOT NULL DEFAULT '',
  `surname` varchar(255) NOT NULL DEFAULT '',
  `user_name` varchar(150) NOT NULL DEFAULT '',
  `password` varchar(150) NOT NULL DEFAULT '',
  PRIMARY KEY (`id`)
) ENGINE=MyISAM  DEFAULT CHARSET=utf8 AUTO_INCREMENT=3 ;

--
-- Dumping data for table `imported_users`
--

INSERT INTO `imported_users` (`id`, `name`, `surname`, `user_name`, `password`) VALUES
(1, 'test1', 'test2', 'user1', 'ee11cbb19052e40b07aac0ca060c23ee'),
(2, 'test2', 'test2', 'user2', 'ee11cbb19052e40b07aac0ca060c23ee');

-- --------------------------------------------------------

--
-- Table structure for table `modules`
--

CREATE TABLE IF NOT EXISTS `modules` (
  `id` int(11) NOT NULL AUTO_INCREMENT,
  `module_name` varchar(255) DEFAULT NULL,
  `file_name` varchar(255) DEFAULT NULL,
  `parent_id` int(11) DEFAULT '0',
  `priority` varchar(255) DEFAULT '0',
  PRIMARY KEY (`id`)
) ENGINE=InnoDB  DEFAULT CHARSET=utf8 AUTO_INCREMENT=13 ;

--
-- Dumping data for table `modules`
--

INSERT INTO `modules` (`id`, `module_name`, `file_name`, `parent_id`, `priority`) VALUES
(1, 'Test Managment', NULL, 0, '1'),
(2, 'Categories', 'cats', 1, '1'),
(3, 'Quizzes', 'quizzes', 1, '2'),
(4, 'Local users', 'local_users', 1, '4'),
(5, 'Test Assignments', NULL, 0, '2'),
(6, 'Assignments', 'assignments', 5, '6'),
(7, 'New Assignment', 'add_assignment', 5, '7'),
(8, 'Assignments', NULL, 0, '3'),
(9, 'Active Assignments', 'active_assignments', 8, '1'),
(10, 'My old assigments', 'old_assignments', 8, '2'),
(11, 'New user', 'add_edit_user', 1, '5'),
(12, 'New Quiz', 'add_edit_quiz', 1, '3');

-- --------------------------------------------------------

--
-- Table structure for table `question_groups`
--

CREATE TABLE IF NOT EXISTS `question_groups` (
  `id` int(11) NOT NULL AUTO_INCREMENT,
  `group_name` varchar(450) NOT NULL,
  `show_header` int(11) NOT NULL,
  `group_total` decimal(18,0) NOT NULL,
  `show_footer` int(11) DEFAULT NULL,
  `check_total` decimal(18,0) DEFAULT NULL,
  `question_id` int(11) DEFAULT NULL,
  `parent_id` int(11) NOT NULL,
  `group_name_eng` varchar(450) DEFAULT NULL,
  `added_date` timestamp NOT NULL DEFAULT CURRENT_TIMESTAMP,
  PRIMARY KEY (`id`),
  KEY `question_id` (`question_id`)
) ENGINE=InnoDB  DEFAULT CHARSET=utf8 AUTO_INCREMENT=676 ;

--
-- Dumping data for table `question_groups`
--

INSERT INTO `question_groups` (`id`, `group_name`, `show_header`, `group_total`, `show_footer`, `check_total`, `question_id`, `parent_id`, `group_name_eng`, `added_date`) VALUES
(210, '', 0, 0, NULL, NULL, 192, 0, NULL, '2011-10-27 09:14:52'),
(211, '', 0, 0, NULL, NULL, 193, 0, NULL, '2011-10-27 09:18:31'),
(212, '', 0, 0, NULL, NULL, 194, 0, NULL, '2011-10-27 09:19:32'),
(213, '', 0, 0, NULL, NULL, 195, 0, NULL, '2011-10-27 09:20:13'),
(275, '', 0, 0, NULL, NULL, 256, 0, NULL, '2015-02-01 05:41:43'),
(276, '', 0, 0, NULL, NULL, 257, 210, NULL, '2015-02-01 00:12:59'),
(277, '', 0, 0, NULL, NULL, 258, 211, NULL, '2015-02-01 00:12:59'),
(278, '', 0, 0, NULL, NULL, 259, 212, NULL, '2015-02-01 00:12:59'),
(279, '', 0, 0, NULL, NULL, 260, 213, NULL, '2015-02-01 00:12:59'),
(280, '', 0, 0, NULL, NULL, 261, 275, NULL, '2015-02-01 00:12:59'),
(281, '', 0, 0, NULL, NULL, 262, 210, NULL, '2015-02-01 00:29:54'),
(282, '', 0, 0, NULL, NULL, 263, 211, NULL, '2015-02-01 00:29:54'),
(283, '', 0, 0, NULL, NULL, 264, 212, NULL, '2015-02-01 00:29:54'),
(284, '', 0, 0, NULL, NULL, 265, 213, NULL, '2015-02-01 00:29:54'),
(285, '', 0, 0, NULL, NULL, 266, 275, NULL, '2015-02-01 00:29:54'),
(286, '', 0, 0, NULL, NULL, 267, 210, NULL, '2015-02-01 01:09:19'),
(287, '', 0, 0, NULL, NULL, 268, 211, NULL, '2015-02-01 01:09:19'),
(288, '', 0, 0, NULL, NULL, 269, 212, NULL, '2015-02-01 01:09:19'),
(289, '', 0, 0, NULL, NULL, 270, 213, NULL, '2015-02-01 01:09:19'),
(290, '', 0, 0, NULL, NULL, 271, 275, NULL, '2015-02-01 01:09:19'),
(291, '', 0, 0, NULL, NULL, 272, 210, NULL, '2015-02-02 06:53:26'),
(292, '', 0, 0, NULL, NULL, 273, 211, NULL, '2015-02-02 06:53:26'),
(293, '', 0, 0, NULL, NULL, 274, 212, NULL, '2015-02-02 06:53:26'),
(294, '', 0, 0, NULL, NULL, 275, 213, NULL, '2015-02-02 06:53:26'),
(295, '', 0, 0, NULL, NULL, 276, 275, NULL, '2015-02-02 06:53:26'),
(296, '', 0, 0, NULL, NULL, 277, 210, NULL, '2015-02-02 06:59:06'),
(297, '', 0, 0, NULL, NULL, 278, 211, NULL, '2015-02-02 06:59:06'),
(298, '', 0, 0, NULL, NULL, 279, 212, NULL, '2015-02-02 06:59:06'),
(299, '', 0, 0, NULL, NULL, 280, 213, NULL, '2015-02-02 06:59:06'),
(300, '', 0, 0, NULL, NULL, 281, 275, NULL, '2015-02-02 06:59:06'),
(301, '', 0, 0, NULL, NULL, 282, 210, NULL, '2015-02-02 07:08:31'),
(302, '', 0, 0, NULL, NULL, 283, 211, NULL, '2015-02-02 07:08:31'),
(303, '', 0, 0, NULL, NULL, 284, 212, NULL, '2015-02-02 07:08:31'),
(304, '', 0, 0, NULL, NULL, 285, 213, NULL, '2015-02-02 07:08:31'),
(305, '', 0, 0, NULL, NULL, 286, 275, NULL, '2015-02-02 07:08:31'),
(306, '', 0, 0, NULL, NULL, 287, 210, NULL, '2015-02-02 07:13:52'),
(307, '', 0, 0, NULL, NULL, 288, 211, NULL, '2015-02-02 07:13:52'),
(308, '', 0, 0, NULL, NULL, 289, 212, NULL, '2015-02-02 07:13:52'),
(309, '', 0, 0, NULL, NULL, 290, 213, NULL, '2015-02-02 07:13:52'),
(310, '', 0, 0, NULL, NULL, 291, 275, NULL, '2015-02-02 07:13:52'),
(311, '', 0, 0, NULL, NULL, 292, 210, NULL, '2015-02-02 07:21:52'),
(312, '', 0, 0, NULL, NULL, 293, 211, NULL, '2015-02-02 07:21:52'),
(313, '', 0, 0, NULL, NULL, 294, 212, NULL, '2015-02-02 07:21:53'),
(314, '', 0, 0, NULL, NULL, 295, 213, NULL, '2015-02-02 07:21:53'),
(315, '', 0, 0, NULL, NULL, 296, 275, NULL, '2015-02-02 07:21:53'),
(316, '', 0, 0, NULL, NULL, 297, 210, NULL, '2015-02-02 07:34:37'),
(317, '', 0, 0, NULL, NULL, 298, 211, NULL, '2015-02-02 07:34:37'),
(318, '', 0, 0, NULL, NULL, 299, 212, NULL, '2015-02-02 07:34:37'),
(319, '', 0, 0, NULL, NULL, 300, 213, NULL, '2015-02-02 07:34:37'),
(320, '', 0, 0, NULL, NULL, 301, 275, NULL, '2015-02-02 07:34:37'),
(321, '', 0, 0, NULL, NULL, 302, 210, NULL, '2015-02-02 07:58:03'),
(322, '', 0, 0, NULL, NULL, 303, 211, NULL, '2015-02-02 07:58:03'),
(323, '', 0, 0, NULL, NULL, 304, 212, NULL, '2015-02-02 07:58:03'),
(324, '', 0, 0, NULL, NULL, 305, 213, NULL, '2015-02-02 07:58:03'),
(325, '', 0, 0, NULL, NULL, 306, 275, NULL, '2015-02-02 07:58:03'),
(326, '', 0, 0, NULL, NULL, 307, 210, NULL, '2015-02-02 09:56:09'),
(327, '', 0, 0, NULL, NULL, 308, 211, NULL, '2015-02-02 09:56:09'),
(328, '', 0, 0, NULL, NULL, 309, 212, NULL, '2015-02-02 09:56:09'),
(329, '', 0, 0, NULL, NULL, 310, 213, NULL, '2015-02-02 09:56:09'),
(330, '', 0, 0, NULL, NULL, 311, 275, NULL, '2015-02-02 09:56:09'),
(331, '', 0, 0, NULL, NULL, 312, 210, NULL, '2015-02-02 10:00:42'),
(332, '', 0, 0, NULL, NULL, 313, 211, NULL, '2015-02-02 10:00:42'),
(333, '', 0, 0, NULL, NULL, 314, 212, NULL, '2015-02-02 10:00:42'),
(334, '', 0, 0, NULL, NULL, 315, 213, NULL, '2015-02-02 10:00:42'),
(335, '', 0, 0, NULL, NULL, 316, 275, NULL, '2015-02-02 10:00:42'),
(336, '', 0, 0, NULL, NULL, 317, 210, NULL, '2015-02-02 10:06:27'),
(337, '', 0, 0, NULL, NULL, 318, 211, NULL, '2015-02-02 10:06:27'),
(338, '', 0, 0, NULL, NULL, 319, 212, NULL, '2015-02-02 10:06:27'),
(339, '', 0, 0, NULL, NULL, 320, 213, NULL, '2015-02-02 10:06:27'),
(340, '', 0, 0, NULL, NULL, 321, 275, NULL, '2015-02-02 10:06:27'),
(341, '', 0, 0, NULL, NULL, 322, 210, NULL, '2015-02-02 10:11:50'),
(342, '', 0, 0, NULL, NULL, 323, 211, NULL, '2015-02-02 10:11:50'),
(343, '', 0, 0, NULL, NULL, 324, 212, NULL, '2015-02-02 10:11:50'),
(344, '', 0, 0, NULL, NULL, 325, 213, NULL, '2015-02-02 10:11:50'),
(345, '', 0, 0, NULL, NULL, 326, 275, NULL, '2015-02-02 10:11:50'),
(346, '', 0, 0, NULL, NULL, 327, 210, NULL, '2015-02-02 10:17:12'),
(347, '', 0, 0, NULL, NULL, 328, 211, NULL, '2015-02-02 10:17:12'),
(348, '', 0, 0, NULL, NULL, 329, 212, NULL, '2015-02-02 10:17:12'),
(349, '', 0, 0, NULL, NULL, 330, 213, NULL, '2015-02-02 10:17:12'),
(350, '', 0, 0, NULL, NULL, 331, 275, NULL, '2015-02-02 10:17:12'),
(351, '', 0, 0, NULL, NULL, 332, 210, NULL, '2015-02-02 10:49:31'),
(352, '', 0, 0, NULL, NULL, 333, 211, NULL, '2015-02-02 10:49:31'),
(353, '', 0, 0, NULL, NULL, 334, 212, NULL, '2015-02-02 10:49:31'),
(354, '', 0, 0, NULL, NULL, 335, 213, NULL, '2015-02-02 10:49:31'),
(355, '', 0, 0, NULL, NULL, 336, 275, NULL, '2015-02-02 10:49:31'),
(356, '', 0, 0, NULL, NULL, 337, 210, NULL, '2015-02-02 11:11:24'),
(357, '', 0, 0, NULL, NULL, 338, 211, NULL, '2015-02-02 11:11:24'),
(358, '', 0, 0, NULL, NULL, 339, 212, NULL, '2015-02-02 11:11:24'),
(359, '', 0, 0, NULL, NULL, 340, 213, NULL, '2015-02-02 11:11:24'),
(360, '', 0, 0, NULL, NULL, 341, 275, NULL, '2015-02-02 11:11:24'),
(361, '', 0, 0, NULL, NULL, 342, 210, NULL, '2015-02-02 11:15:18'),
(362, '', 0, 0, NULL, NULL, 343, 211, NULL, '2015-02-02 11:15:18'),
(363, '', 0, 0, NULL, NULL, 344, 212, NULL, '2015-02-02 11:15:18'),
(364, '', 0, 0, NULL, NULL, 345, 213, NULL, '2015-02-02 11:15:18'),
(365, '', 0, 0, NULL, NULL, 346, 275, NULL, '2015-02-02 11:15:18'),
(366, '', 0, 0, NULL, NULL, 347, 210, NULL, '2015-02-02 11:41:18'),
(367, '', 0, 0, NULL, NULL, 348, 211, NULL, '2015-02-02 11:41:18'),
(368, '', 0, 0, NULL, NULL, 349, 212, NULL, '2015-02-02 11:41:18'),
(369, '', 0, 0, NULL, NULL, 350, 213, NULL, '2015-02-02 11:41:18'),
(370, '', 0, 0, NULL, NULL, 351, 275, NULL, '2015-02-02 11:41:18'),
(371, '', 0, 0, NULL, NULL, 352, 210, NULL, '2015-02-02 11:46:24'),
(372, '', 0, 0, NULL, NULL, 353, 211, NULL, '2015-02-02 11:46:24'),
(373, '', 0, 0, NULL, NULL, 354, 212, NULL, '2015-02-02 11:46:24'),
(374, '', 0, 0, NULL, NULL, 355, 213, NULL, '2015-02-02 11:46:24'),
(375, '', 0, 0, NULL, NULL, 356, 275, NULL, '2015-02-02 11:46:24'),
(376, '', 0, 0, NULL, NULL, 357, 210, NULL, '2015-02-02 11:47:26'),
(377, '', 0, 0, NULL, NULL, 358, 211, NULL, '2015-02-02 11:47:26'),
(378, '', 0, 0, NULL, NULL, 359, 212, NULL, '2015-02-02 11:47:26'),
(379, '', 0, 0, NULL, NULL, 360, 213, NULL, '2015-02-02 11:47:26'),
(380, '', 0, 0, NULL, NULL, 361, 275, NULL, '2015-02-02 11:47:26'),
(381, '', 0, 0, NULL, NULL, 362, 210, NULL, '2015-02-02 11:47:31'),
(382, '', 0, 0, NULL, NULL, 363, 211, NULL, '2015-02-02 11:47:31'),
(383, '', 0, 0, NULL, NULL, 364, 212, NULL, '2015-02-02 11:47:31'),
(384, '', 0, 0, NULL, NULL, 365, 213, NULL, '2015-02-02 11:47:31'),
(385, '', 0, 0, NULL, NULL, 366, 275, NULL, '2015-02-02 11:47:31'),
(386, '', 0, 0, NULL, NULL, 367, 210, NULL, '2015-02-02 11:49:10'),
(387, '', 0, 0, NULL, NULL, 368, 211, NULL, '2015-02-02 11:49:10'),
(388, '', 0, 0, NULL, NULL, 369, 212, NULL, '2015-02-02 11:49:10'),
(389, '', 0, 0, NULL, NULL, 370, 213, NULL, '2015-02-02 11:49:10'),
(390, '', 0, 0, NULL, NULL, 371, 275, NULL, '2015-02-02 11:49:10'),
(391, '', 0, 0, NULL, NULL, 372, 210, NULL, '2015-02-03 08:16:38'),
(392, '', 0, 0, NULL, NULL, 373, 211, NULL, '2015-02-03 08:16:38'),
(393, '', 0, 0, NULL, NULL, 374, 212, NULL, '2015-02-03 08:16:38'),
(394, '', 0, 0, NULL, NULL, 375, 213, NULL, '2015-02-03 08:16:38'),
(395, '', 0, 0, NULL, NULL, 376, 275, NULL, '2015-02-03 08:16:38'),
(396, '', 0, 0, NULL, NULL, 377, 210, NULL, '2015-02-03 08:42:43'),
(397, '', 0, 0, NULL, NULL, 378, 211, NULL, '2015-02-03 08:42:43'),
(398, '', 0, 0, NULL, NULL, 379, 212, NULL, '2015-02-03 08:42:43'),
(399, '', 0, 0, NULL, NULL, 380, 213, NULL, '2015-02-03 08:42:43'),
(400, '', 0, 0, NULL, NULL, 381, 275, NULL, '2015-02-03 08:42:43'),
(401, '', 0, 0, NULL, NULL, 382, 210, NULL, '2015-02-26 12:17:48'),
(402, '', 0, 0, NULL, NULL, 383, 211, NULL, '2015-02-26 12:17:48'),
(403, '', 0, 0, NULL, NULL, 384, 212, NULL, '2015-02-26 12:17:48'),
(404, '', 0, 0, NULL, NULL, 385, 213, NULL, '2015-02-26 12:17:48'),
(405, '', 0, 0, NULL, NULL, 386, 275, NULL, '2015-02-26 12:17:48'),
(406, '', 0, 0, NULL, NULL, 387, 210, NULL, '2015-02-26 12:28:45'),
(407, '', 0, 0, NULL, NULL, 388, 211, NULL, '2015-02-26 12:28:45'),
(408, '', 0, 0, NULL, NULL, 389, 212, NULL, '2015-02-26 12:28:45'),
(409, '', 0, 0, NULL, NULL, 390, 213, NULL, '2015-02-26 12:28:45'),
(410, '', 0, 0, NULL, NULL, 391, 275, NULL, '2015-02-26 12:28:45'),
(411, '', 0, 0, NULL, NULL, 392, 0, NULL, '2015-02-28 15:31:45'),
(412, '', 0, 0, NULL, NULL, 393, 0, NULL, '2015-02-28 15:33:08'),
(413, '', 0, 0, NULL, NULL, 394, 0, NULL, '2015-02-28 15:34:11'),
(414, '', 0, 0, NULL, NULL, 395, 0, NULL, '2015-02-28 15:35:27'),
(415, '', 0, 0, NULL, NULL, 396, 0, NULL, '2015-02-28 15:36:22'),
(416, '', 0, 0, NULL, NULL, 397, 0, NULL, '2015-02-28 15:37:40'),
(417, '', 0, 0, NULL, NULL, 398, 0, NULL, '2015-02-28 15:39:19'),
(418, '', 0, 0, NULL, NULL, 399, 411, NULL, '2015-02-28 10:12:42'),
(419, '', 0, 0, NULL, NULL, 400, 412, NULL, '2015-02-28 10:12:42'),
(420, '', 0, 0, NULL, NULL, 401, 413, NULL, '2015-02-28 10:12:42'),
(421, '', 0, 0, NULL, NULL, 402, 414, NULL, '2015-02-28 10:12:42'),
(422, '', 0, 0, NULL, NULL, 403, 415, NULL, '2015-02-28 10:12:42'),
(423, '', 0, 0, NULL, NULL, 404, 416, NULL, '2015-02-28 10:12:42'),
(424, '', 0, 0, NULL, NULL, 405, 417, NULL, '2015-02-28 10:12:42'),
(425, '', 0, 0, NULL, NULL, 406, 411, NULL, '2015-02-28 10:35:41'),
(426, '', 0, 0, NULL, NULL, 407, 412, NULL, '2015-02-28 10:35:41'),
(427, '', 0, 0, NULL, NULL, 408, 413, NULL, '2015-02-28 10:35:41'),
(428, '', 0, 0, NULL, NULL, 409, 414, NULL, '2015-02-28 10:35:41'),
(429, '', 0, 0, NULL, NULL, 410, 415, NULL, '2015-02-28 10:35:41'),
(430, '', 0, 0, NULL, NULL, 411, 416, NULL, '2015-02-28 10:35:41'),
(431, '', 0, 0, NULL, NULL, 412, 417, NULL, '2015-02-28 10:35:41'),
(432, '', 0, 0, NULL, NULL, 413, 411, NULL, '2015-02-28 10:41:12'),
(433, '', 0, 0, NULL, NULL, 414, 412, NULL, '2015-02-28 10:41:12'),
(434, '', 0, 0, NULL, NULL, 415, 413, NULL, '2015-02-28 10:41:12'),
(435, '', 0, 0, NULL, NULL, 416, 414, NULL, '2015-02-28 10:41:12'),
(436, '', 0, 0, NULL, NULL, 417, 415, NULL, '2015-02-28 10:41:12'),
(437, '', 0, 0, NULL, NULL, 418, 416, NULL, '2015-02-28 10:41:12'),
(438, '', 0, 0, NULL, NULL, 419, 417, NULL, '2015-02-28 10:41:12'),
(439, '', 0, 0, NULL, NULL, 420, 210, NULL, '2015-05-25 00:19:58'),
(440, '', 0, 0, NULL, NULL, 421, 211, NULL, '2015-05-25 00:19:58'),
(441, '', 0, 0, NULL, NULL, 422, 212, NULL, '2015-05-25 00:19:58'),
(442, '', 0, 0, NULL, NULL, 423, 213, NULL, '2015-05-25 00:19:58'),
(443, '', 0, 0, NULL, NULL, 424, 275, NULL, '2015-05-25 00:19:58'),
(444, '', 0, 0, NULL, NULL, 425, 0, NULL, '2015-08-05 16:24:54'),
(445, '', 0, 0, NULL, NULL, 426, 210, NULL, '2015-08-12 06:27:28'),
(446, '', 0, 0, NULL, NULL, 427, 211, NULL, '2015-08-12 06:27:28'),
(447, '', 0, 0, NULL, NULL, 428, 212, NULL, '2015-08-12 06:27:28'),
(448, '', 0, 0, NULL, NULL, 429, 213, NULL, '2015-08-12 06:27:28'),
(449, '', 0, 0, NULL, NULL, 430, 275, NULL, '2015-08-12 06:27:28'),
(450, '', 0, 0, NULL, NULL, 431, 444, NULL, '2015-08-12 06:27:28'),
(477, '', 0, 0, NULL, NULL, 432, 0, NULL, '2015-08-14 18:54:32'),
(478, '', 0, 0, NULL, NULL, 433, 0, NULL, '2015-08-14 18:54:38'),
(479, '', 0, 0, NULL, NULL, 434, 0, NULL, '2015-08-14 18:54:42'),
(481, '', 0, 0, NULL, NULL, 436, 0, NULL, '2015-08-14 18:54:53'),
(485, '', 0, 0, NULL, NULL, 437, 0, NULL, '2015-08-14 18:55:35'),
(486, '', 0, 0, NULL, NULL, 438, 0, NULL, '2015-08-14 18:55:44'),
(487, '', 0, 0, NULL, NULL, 439, 0, NULL, '2015-08-14 18:56:15'),
(489, '', 0, 0, NULL, NULL, 441, 0, NULL, '2015-08-14 18:56:50'),
(490, '', 0, 0, NULL, NULL, 442, 0, NULL, '2015-08-14 18:56:57'),
(491, '', 0, 0, NULL, NULL, 443, 0, NULL, '2015-08-14 18:57:06'),
(492, '', 0, 0, NULL, NULL, 444, 0, NULL, '2015-08-14 18:57:15'),
(494, '', 0, 0, NULL, NULL, 445, 0, NULL, '2015-08-14 18:57:36'),
(495, '', 0, 0, NULL, NULL, 446, 0, NULL, '2015-08-14 18:57:47'),
(497, '', 0, 0, NULL, NULL, 448, 0, NULL, '2015-08-14 19:08:11'),
(498, '', 0, 0, NULL, NULL, 447, 0, NULL, '2015-08-14 19:08:21'),
(500, '', 0, 0, NULL, NULL, 449, 0, NULL, '2015-08-14 19:13:18'),
(501, '', 0, 0, NULL, NULL, 450, 0, NULL, '2015-08-14 19:18:19'),
(502, '', 0, 0, NULL, NULL, 451, 0, NULL, '2015-08-14 19:24:05'),
(505, '', 0, 0, NULL, NULL, 452, 0, NULL, '2015-08-14 19:33:53'),
(506, '', 0, 0, NULL, NULL, 453, 0, NULL, '2015-08-14 19:34:03'),
(507, '', 0, 0, NULL, NULL, 454, 0, NULL, '2015-08-14 19:40:34'),
(508, '', 0, 0, NULL, NULL, 455, 0, NULL, '2015-08-14 19:45:36'),
(509, '', 0, 0, NULL, NULL, 456, 0, NULL, '2015-08-14 19:50:00'),
(510, '', 0, 0, NULL, NULL, 457, 477, NULL, '2015-08-14 19:51:07'),
(511, '', 0, 0, NULL, NULL, 458, 478, NULL, '2015-08-14 19:51:07'),
(512, '', 0, 0, NULL, NULL, 459, 479, NULL, '2015-08-14 19:51:07'),
(513, '', 0, 0, NULL, NULL, 460, 480, NULL, '2015-08-14 19:51:07'),
(514, '', 0, 0, NULL, NULL, 461, 481, NULL, '2015-08-14 19:51:07'),
(515, '', 0, 0, NULL, NULL, 462, 485, NULL, '2015-08-14 19:51:07'),
(516, '', 0, 0, NULL, NULL, 463, 486, NULL, '2015-08-14 19:51:07'),
(517, '', 0, 0, NULL, NULL, 464, 487, NULL, '2015-08-14 19:51:07'),
(518, '', 0, 0, NULL, NULL, 465, 488, NULL, '2015-08-14 19:51:07'),
(519, '', 0, 0, NULL, NULL, 466, 489, NULL, '2015-08-14 19:51:07'),
(520, '', 0, 0, NULL, NULL, 467, 490, NULL, '2015-08-14 19:51:07'),
(521, '', 0, 0, NULL, NULL, 468, 491, NULL, '2015-08-14 19:51:07'),
(522, '', 0, 0, NULL, NULL, 469, 492, NULL, '2015-08-14 19:51:07'),
(523, '', 0, 0, NULL, NULL, 470, 494, NULL, '2015-08-14 19:51:07'),
(524, '', 0, 0, NULL, NULL, 471, 495, NULL, '2015-08-14 19:51:07'),
(525, '', 0, 0, NULL, NULL, 472, 498, NULL, '2015-08-14 19:51:07'),
(526, '', 0, 0, NULL, NULL, 473, 497, NULL, '2015-08-14 19:51:07'),
(527, '', 0, 0, NULL, NULL, 474, 500, NULL, '2015-08-14 19:51:07'),
(528, '', 0, 0, NULL, NULL, 475, 501, NULL, '2015-08-14 19:51:07'),
(529, '', 0, 0, NULL, NULL, 476, 502, NULL, '2015-08-14 19:51:07'),
(530, '', 0, 0, NULL, NULL, 477, 505, NULL, '2015-08-14 19:51:07'),
(531, '', 0, 0, NULL, NULL, 478, 506, NULL, '2015-08-14 19:51:07'),
(532, '', 0, 0, NULL, NULL, 479, 507, NULL, '2015-08-14 19:51:07'),
(533, '', 0, 0, NULL, NULL, 480, 508, NULL, '2015-08-14 19:51:07'),
(534, '', 0, 0, NULL, NULL, 481, 509, NULL, '2015-08-14 19:51:07'),
(535, '', 0, 0, NULL, NULL, 435, 0, NULL, '2015-08-14 19:55:56'),
(536, '', 0, 0, NULL, NULL, 440, 0, NULL, '2015-08-14 19:56:21'),
(537, '', 0, 0, NULL, NULL, 482, 477, NULL, '2015-08-14 19:57:16'),
(538, '', 0, 0, NULL, NULL, 483, 478, NULL, '2015-08-14 19:57:16'),
(539, '', 0, 0, NULL, NULL, 484, 479, NULL, '2015-08-14 19:57:16'),
(540, '', 0, 0, NULL, NULL, 485, 535, NULL, '2015-08-14 19:57:16'),
(541, '', 0, 0, NULL, NULL, 486, 481, NULL, '2015-08-14 19:57:16'),
(542, '', 0, 0, NULL, NULL, 487, 485, NULL, '2015-08-14 19:57:16'),
(543, '', 0, 0, NULL, NULL, 488, 486, NULL, '2015-08-14 19:57:16'),
(544, '', 0, 0, NULL, NULL, 489, 487, NULL, '2015-08-14 19:57:16'),
(545, '', 0, 0, NULL, NULL, 490, 536, NULL, '2015-08-14 19:57:16'),
(546, '', 0, 0, NULL, NULL, 491, 489, NULL, '2015-08-14 19:57:16'),
(547, '', 0, 0, NULL, NULL, 492, 490, NULL, '2015-08-14 19:57:16'),
(548, '', 0, 0, NULL, NULL, 493, 491, NULL, '2015-08-14 19:57:16'),
(549, '', 0, 0, NULL, NULL, 494, 492, NULL, '2015-08-14 19:57:16'),
(550, '', 0, 0, NULL, NULL, 495, 494, NULL, '2015-08-14 19:57:16'),
(551, '', 0, 0, NULL, NULL, 496, 495, NULL, '2015-08-14 19:57:16'),
(552, '', 0, 0, NULL, NULL, 497, 498, NULL, '2015-08-14 19:57:16'),
(553, '', 0, 0, NULL, NULL, 498, 497, NULL, '2015-08-14 19:57:16'),
(554, '', 0, 0, NULL, NULL, 499, 500, NULL, '2015-08-14 19:57:16'),
(555, '', 0, 0, NULL, NULL, 500, 501, NULL, '2015-08-14 19:57:16'),
(556, '', 0, 0, NULL, NULL, 501, 502, NULL, '2015-08-14 19:57:16'),
(557, '', 0, 0, NULL, NULL, 502, 505, NULL, '2015-08-14 19:57:16'),
(558, '', 0, 0, NULL, NULL, 503, 506, NULL, '2015-08-14 19:57:16'),
(559, '', 0, 0, NULL, NULL, 504, 507, NULL, '2015-08-14 19:57:16'),
(560, '', 0, 0, NULL, NULL, 505, 508, NULL, '2015-08-14 19:57:16'),
(561, '', 0, 0, NULL, NULL, 506, 509, NULL, '2015-08-14 19:57:16'),
(562, '', 0, 0, NULL, NULL, 507, 210, NULL, '2015-08-15 03:58:42'),
(563, '', 0, 0, NULL, NULL, 508, 211, NULL, '2015-08-15 03:58:42'),
(564, '', 0, 0, NULL, NULL, 509, 212, NULL, '2015-08-15 03:58:42'),
(565, '', 0, 0, NULL, NULL, 510, 213, NULL, '2015-08-15 03:58:42'),
(566, '', 0, 0, NULL, NULL, 511, 275, NULL, '2015-08-15 03:58:42'),
(567, '', 0, 0, NULL, NULL, 512, 444, NULL, '2015-08-15 03:58:42'),
(568, '', 0, 0, NULL, NULL, 513, 477, NULL, '2015-08-15 04:00:21'),
(569, '', 0, 0, NULL, NULL, 514, 478, NULL, '2015-08-15 04:00:21'),
(570, '', 0, 0, NULL, NULL, 515, 479, NULL, '2015-08-15 04:00:21'),
(571, '', 0, 0, NULL, NULL, 516, 535, NULL, '2015-08-15 04:00:21'),
(572, '', 0, 0, NULL, NULL, 517, 481, NULL, '2015-08-15 04:00:21'),
(573, '', 0, 0, NULL, NULL, 518, 485, NULL, '2015-08-15 04:00:21'),
(574, '', 0, 0, NULL, NULL, 519, 486, NULL, '2015-08-15 04:00:21'),
(575, '', 0, 0, NULL, NULL, 520, 487, NULL, '2015-08-15 04:00:21'),
(576, '', 0, 0, NULL, NULL, 521, 536, NULL, '2015-08-15 04:00:21'),
(577, '', 0, 0, NULL, NULL, 522, 489, NULL, '2015-08-15 04:00:21'),
(578, '', 0, 0, NULL, NULL, 523, 490, NULL, '2015-08-15 04:00:21'),
(579, '', 0, 0, NULL, NULL, 524, 491, NULL, '2015-08-15 04:00:21'),
(580, '', 0, 0, NULL, NULL, 525, 492, NULL, '2015-08-15 04:00:21'),
(581, '', 0, 0, NULL, NULL, 526, 494, NULL, '2015-08-15 04:00:21'),
(582, '', 0, 0, NULL, NULL, 527, 495, NULL, '2015-08-15 04:00:21'),
(583, '', 0, 0, NULL, NULL, 528, 498, NULL, '2015-08-15 04:00:21'),
(584, '', 0, 0, NULL, NULL, 529, 497, NULL, '2015-08-15 04:00:21'),
(585, '', 0, 0, NULL, NULL, 530, 500, NULL, '2015-08-15 04:00:21'),
(586, '', 0, 0, NULL, NULL, 531, 501, NULL, '2015-08-15 04:00:21'),
(587, '', 0, 0, NULL, NULL, 532, 502, NULL, '2015-08-15 04:00:21'),
(588, '', 0, 0, NULL, NULL, 533, 505, NULL, '2015-08-15 04:00:21'),
(589, '', 0, 0, NULL, NULL, 534, 506, NULL, '2015-08-15 04:00:21'),
(590, '', 0, 0, NULL, NULL, 535, 507, NULL, '2015-08-15 04:00:21'),
(591, '', 0, 0, NULL, NULL, 536, 508, NULL, '2015-08-15 04:00:21'),
(592, '', 0, 0, NULL, NULL, 537, 509, NULL, '2015-08-15 04:00:21'),
(594, '', 0, 0, NULL, NULL, 539, 0, NULL, '2015-08-20 08:44:05'),
(595, '', 0, 0, NULL, NULL, 540, 0, NULL, '2015-08-20 08:49:17'),
(596, '', 0, 0, NULL, NULL, 541, 0, NULL, '2015-08-20 08:50:53'),
(597, '', 0, 0, NULL, NULL, 542, 0, NULL, '2015-08-20 08:52:01'),
(598, '', 0, 0, NULL, NULL, 543, 0, NULL, '2015-08-20 08:53:06'),
(599, '', 0, 0, NULL, NULL, 544, 0, NULL, '2015-08-20 08:53:57'),
(600, '', 0, 0, NULL, NULL, 545, 0, NULL, '2015-08-20 08:54:36'),
(606, '', 0, 0, NULL, NULL, 548, 0, NULL, '2015-08-20 09:09:03'),
(607, '', 0, 0, NULL, NULL, 549, 0, NULL, '2015-08-20 09:09:37'),
(608, '', 0, 0, NULL, NULL, 550, 0, NULL, '2015-08-20 09:10:31'),
(609, '', 0, 0, NULL, NULL, 551, 0, NULL, '2015-08-20 09:11:14'),
(611, '', 0, 0, NULL, NULL, 538, 0, NULL, '2015-08-20 09:13:38'),
(613, '', 0, 0, NULL, NULL, 546, 0, NULL, '2015-08-20 09:14:20'),
(614, '', 0, 0, NULL, NULL, 547, 0, NULL, '2015-08-20 09:14:47'),
(615, '', 0, 0, NULL, NULL, 552, 0, NULL, '2015-08-20 09:15:09'),
(646, '', 0, 0, NULL, NULL, 583, 611, NULL, '2015-08-20 09:32:52'),
(647, '', 0, 0, NULL, NULL, 584, 594, NULL, '2015-08-20 09:32:52'),
(648, '', 0, 0, NULL, NULL, 585, 595, NULL, '2015-08-20 09:32:52'),
(649, '', 0, 0, NULL, NULL, 586, 596, NULL, '2015-08-20 09:32:52'),
(650, '', 0, 0, NULL, NULL, 587, 597, NULL, '2015-08-20 09:32:52'),
(651, '', 0, 0, NULL, NULL, 588, 598, NULL, '2015-08-20 09:32:52'),
(652, '', 0, 0, NULL, NULL, 589, 599, NULL, '2015-08-20 09:32:52'),
(653, '', 0, 0, NULL, NULL, 590, 600, NULL, '2015-08-20 09:32:52'),
(654, '', 0, 0, NULL, NULL, 591, 613, NULL, '2015-08-20 09:32:52'),
(655, '', 0, 0, NULL, NULL, 592, 614, NULL, '2015-08-20 09:32:52'),
(656, '', 0, 0, NULL, NULL, 593, 606, NULL, '2015-08-20 09:32:52'),
(657, '', 0, 0, NULL, NULL, 594, 607, NULL, '2015-08-20 09:32:52'),
(658, '', 0, 0, NULL, NULL, 595, 608, NULL, '2015-08-20 09:32:52'),
(659, '', 0, 0, NULL, NULL, 596, 609, NULL, '2015-08-20 09:32:52'),
(660, '', 0, 0, NULL, NULL, 597, 615, NULL, '2015-08-20 09:32:52'),
(661, '', 0, 0, NULL, NULL, 598, 611, NULL, '2015-08-20 10:47:33'),
(662, '', 0, 0, NULL, NULL, 599, 594, NULL, '2015-08-20 10:47:33'),
(663, '', 0, 0, NULL, NULL, 600, 595, NULL, '2015-08-20 10:47:33'),
(664, '', 0, 0, NULL, NULL, 601, 596, NULL, '2015-08-20 10:47:33'),
(665, '', 0, 0, NULL, NULL, 602, 597, NULL, '2015-08-20 10:47:33'),
(666, '', 0, 0, NULL, NULL, 603, 598, NULL, '2015-08-20 10:47:33'),
(667, '', 0, 0, NULL, NULL, 604, 599, NULL, '2015-08-20 10:47:33'),
(668, '', 0, 0, NULL, NULL, 605, 600, NULL, '2015-08-20 10:47:33'),
(669, '', 0, 0, NULL, NULL, 606, 613, NULL, '2015-08-20 10:47:33'),
(670, '', 0, 0, NULL, NULL, 607, 614, NULL, '2015-08-20 10:47:33'),
(671, '', 0, 0, NULL, NULL, 608, 606, NULL, '2015-08-20 10:47:33'),
(672, '', 0, 0, NULL, NULL, 609, 607, NULL, '2015-08-20 10:47:33'),
(673, '', 0, 0, NULL, NULL, 610, 608, NULL, '2015-08-20 10:47:33'),
(674, '', 0, 0, NULL, NULL, 611, 609, NULL, '2015-08-20 10:47:33'),
(675, '', 0, 0, NULL, NULL, 612, 615, NULL, '2015-08-20 10:47:33');

-- --------------------------------------------------------

--
-- Table structure for table `question_types`
--

CREATE TABLE IF NOT EXISTS `question_types` (
  `id` int(11) NOT NULL,
  `question_type` varchar(150) NOT NULL,
  PRIMARY KEY (`id`)
) ENGINE=MyISAM DEFAULT CHARSET=utf8;

--
-- Dumping data for table `question_types`
--

INSERT INTO `question_types` (`id`, `question_type`) VALUES
(0, 'Multi answer (checkbox)'),
(3, 'Free text (textarea)'),
(4, 'Multi text (numbers only)'),
(1, 'One answer (radio button)');

-- --------------------------------------------------------

--
-- Table structure for table `questions`
--

CREATE TABLE IF NOT EXISTS `questions` (
  `id` int(11) NOT NULL AUTO_INCREMENT,
  `question_text` varchar(3800) DEFAULT NULL,
  `question_type_id` int(11) NOT NULL,
  `priority` int(11) NOT NULL,
  `quiz_id` int(11) NOT NULL,
  `point` decimal(18,0) NOT NULL,
  `added_date` timestamp NOT NULL DEFAULT CURRENT_TIMESTAMP,
  `parent_id` int(11) NOT NULL,
  `question_total` decimal(18,0) DEFAULT NULL,
  `check_total` int(11) DEFAULT NULL,
  `header_text` varchar(1500) DEFAULT NULL,
  `footer_text` varchar(1500) DEFAULT NULL,
  `question_text_eng` varchar(1800) DEFAULT NULL,
  `help_image` varchar(550) DEFAULT NULL,
  PRIMARY KEY (`id`),
  KEY `quiz_id` (`quiz_id`)
) ENGINE=InnoDB  DEFAULT CHARSET=utf8 AUTO_INCREMENT=613 ;

--
-- Dumping data for table `questions`
--

INSERT INTO `questions` (`id`, `question_text`, `question_type_id`, `priority`, `quiz_id`, `point`, `added_date`, `parent_id`, `question_total`, `check_total`, `header_text`, `footer_text`, `question_text_eng`, `help_image`) VALUES
(192, '<p>\r\n	Who is in photo ?</p>\r\n<p>\r\n	<img alt="" src="editor_images/1.jpg" style="width: 200px; height: 200px" /></p>', 1, 1, 41, 10, '2011-10-27 09:03:15', 0, NULL, NULL, 'First question is linked to image .', 'Please, click Next button if you don''t know answer', NULL, NULL),
(193, '<p>\r\n	Which is the correct ?</p>', 0, 2, 41, 10, '2011-10-27 09:18:31', 0, NULL, NULL, '', '', NULL, NULL),
(194, '<p>\r\n	Please, answer below listed questions .</p>', 4, 3, 41, 10, '2011-10-27 09:19:32', 0, NULL, NULL, '', '', NULL, NULL),
(195, '<p>\r\n	Enter the name of the biggest software company in the world&nbsp;</p>', 3, 4, 41, 5, '2011-10-27 09:20:13', 0, NULL, NULL, '', '', NULL, NULL),
(256, '<p>\r\n	qwerty?</p>', 1, 5, 41, 5, '2015-02-01 05:41:43', 0, NULL, NULL, 'popo', 'lklk', NULL, NULL),
(257, '<p>\r\n	Who is in photo ?</p>\r\n<p>\r\n	<img alt="" src="editor_images/1.jpg" style="width: 200px; height: 200px" /></p>', 1, 1, 57, 10, '2015-02-01 00:12:59', 192, NULL, NULL, 'First question is linked to image .', 'Please, click Next button if you don''t know answer', NULL, ''),
(258, '<p>\r\n	Which is the correct ?</p>', 0, 2, 57, 10, '2015-02-01 00:12:59', 193, NULL, NULL, '', '', NULL, ''),
(259, '<p>\r\n	Please, answer below listed questions .</p>', 4, 3, 57, 10, '2015-02-01 00:12:59', 194, NULL, NULL, '', '', NULL, ''),
(260, '<p>\r\n	Enter the name of the biggest software company in the world&nbsp;</p>', 3, 4, 57, 5, '2015-02-01 00:12:59', 195, NULL, NULL, '', '', NULL, ''),
(261, '<p>\r\n	qwerty?</p>', 1, 5, 57, 5, '2015-02-01 00:12:59', 256, NULL, NULL, 'popo', 'lklk', NULL, ''),
(262, '<p>\r\n	Who is in photo ?</p>\r\n<p>\r\n	<img alt="" src="editor_images/1.jpg" style="width: 200px; height: 200px" /></p>', 1, 1, 58, 10, '2015-02-01 00:29:54', 192, NULL, NULL, 'First question is linked to image .', 'Please, click Next button if you don''t know answer', NULL, ''),
(263, '<p>\r\n	Which is the correct ?</p>', 0, 2, 58, 10, '2015-02-01 00:29:54', 193, NULL, NULL, '', '', NULL, ''),
(264, '<p>\r\n	Please, answer below listed questions .</p>', 4, 3, 58, 10, '2015-02-01 00:29:54', 194, NULL, NULL, '', '', NULL, ''),
(265, '<p>\r\n	Enter the name of the biggest software company in the world&nbsp;</p>', 3, 4, 58, 5, '2015-02-01 00:29:54', 195, NULL, NULL, '', '', NULL, ''),
(266, '<p>\r\n	qwerty?</p>', 1, 5, 58, 5, '2015-02-01 00:29:54', 256, NULL, NULL, 'popo', 'lklk', NULL, ''),
(267, '<p>\r\n	Who is in photo ?</p>\r\n<p>\r\n	<img alt="" src="editor_images/1.jpg" style="width: 200px; height: 200px" /></p>', 1, 1, 59, 10, '2015-02-01 01:09:19', 192, NULL, NULL, 'First question is linked to image .', 'Please, click Next button if you don''t know answer', NULL, ''),
(268, '<p>\r\n	Which is the correct ?</p>', 0, 2, 59, 10, '2015-02-01 01:09:19', 193, NULL, NULL, '', '', NULL, ''),
(269, '<p>\r\n	Please, answer below listed questions .</p>', 4, 3, 59, 10, '2015-02-01 01:09:19', 194, NULL, NULL, '', '', NULL, ''),
(270, '<p>\r\n	Enter the name of the biggest software company in the world&nbsp;</p>', 3, 4, 59, 5, '2015-02-01 01:09:19', 195, NULL, NULL, '', '', NULL, ''),
(271, '<p>\r\n	qwerty?</p>', 1, 5, 59, 5, '2015-02-01 01:09:19', 256, NULL, NULL, 'popo', 'lklk', NULL, ''),
(272, '<p>\r\n	Who is in photo ?</p>\r\n<p>\r\n	<img alt="" src="editor_images/1.jpg" style="width: 200px; height: 200px" /></p>', 1, 1, 60, 10, '2015-02-02 06:53:26', 192, NULL, NULL, 'First question is linked to image .', 'Please, click Next button if you don''t know answer', NULL, ''),
(273, '<p>\r\n	Which is the correct ?</p>', 0, 2, 60, 10, '2015-02-02 06:53:26', 193, NULL, NULL, '', '', NULL, ''),
(274, '<p>\r\n	Please, answer below listed questions .</p>', 4, 3, 60, 10, '2015-02-02 06:53:26', 194, NULL, NULL, '', '', NULL, ''),
(275, '<p>\r\n	Enter the name of the biggest software company in the world&nbsp;</p>', 3, 4, 60, 5, '2015-02-02 06:53:26', 195, NULL, NULL, '', '', NULL, ''),
(276, '<p>\r\n	qwerty?</p>', 1, 5, 60, 5, '2015-02-02 06:53:26', 256, NULL, NULL, 'popo', 'lklk', NULL, ''),
(277, '<p>\r\n	Who is in photo ?</p>\r\n<p>\r\n	<img alt="" src="editor_images/1.jpg" style="width: 200px; height: 200px" /></p>', 1, 1, 61, 10, '2015-02-02 06:59:06', 192, NULL, NULL, 'First question is linked to image .', 'Please, click Next button if you don''t know answer', NULL, ''),
(278, '<p>\r\n	Which is the correct ?</p>', 0, 2, 61, 10, '2015-02-02 06:59:06', 193, NULL, NULL, '', '', NULL, ''),
(279, '<p>\r\n	Please, answer below listed questions .</p>', 4, 3, 61, 10, '2015-02-02 06:59:06', 194, NULL, NULL, '', '', NULL, ''),
(280, '<p>\r\n	Enter the name of the biggest software company in the world&nbsp;</p>', 3, 4, 61, 5, '2015-02-02 06:59:06', 195, NULL, NULL, '', '', NULL, ''),
(281, '<p>\r\n	qwerty?</p>', 1, 5, 61, 5, '2015-02-02 06:59:06', 256, NULL, NULL, 'popo', 'lklk', NULL, ''),
(282, '<p>\r\n	Who is in photo ?</p>\r\n<p>\r\n	<img alt="" src="editor_images/1.jpg" style="width: 200px; height: 200px" /></p>', 1, 1, 62, 10, '2015-02-02 07:08:31', 192, NULL, NULL, 'First question is linked to image .', 'Please, click Next button if you don''t know answer', NULL, ''),
(283, '<p>\r\n	Which is the correct ?</p>', 0, 2, 62, 10, '2015-02-02 07:08:31', 193, NULL, NULL, '', '', NULL, ''),
(284, '<p>\r\n	Please, answer below listed questions .</p>', 4, 3, 62, 10, '2015-02-02 07:08:31', 194, NULL, NULL, '', '', NULL, ''),
(285, '<p>\r\n	Enter the name of the biggest software company in the world&nbsp;</p>', 3, 4, 62, 5, '2015-02-02 07:08:31', 195, NULL, NULL, '', '', NULL, ''),
(286, '<p>\r\n	qwerty?</p>', 1, 5, 62, 5, '2015-02-02 07:08:31', 256, NULL, NULL, 'popo', 'lklk', NULL, ''),
(287, '<p>\r\n	Who is in photo ?</p>\r\n<p>\r\n	<img alt="" src="editor_images/1.jpg" style="width: 200px; height: 200px" /></p>', 1, 1, 63, 10, '2015-02-02 07:13:52', 192, NULL, NULL, 'First question is linked to image .', 'Please, click Next button if you don''t know answer', NULL, ''),
(288, '<p>\r\n	Which is the correct ?</p>', 0, 2, 63, 10, '2015-02-02 07:13:52', 193, NULL, NULL, '', '', NULL, ''),
(289, '<p>\r\n	Please, answer below listed questions .</p>', 4, 3, 63, 10, '2015-02-02 07:13:52', 194, NULL, NULL, '', '', NULL, ''),
(290, '<p>\r\n	Enter the name of the biggest software company in the world&nbsp;</p>', 3, 4, 63, 5, '2015-02-02 07:13:52', 195, NULL, NULL, '', '', NULL, ''),
(291, '<p>\r\n	qwerty?</p>', 1, 5, 63, 5, '2015-02-02 07:13:52', 256, NULL, NULL, 'popo', 'lklk', NULL, ''),
(292, '<p>\r\n	Who is in photo ?</p>\r\n<p>\r\n	<img alt="" src="editor_images/1.jpg" style="width: 200px; height: 200px" /></p>', 1, 1, 64, 10, '2015-02-02 07:21:52', 192, NULL, NULL, 'First question is linked to image .', 'Please, click Next button if you don''t know answer', NULL, ''),
(293, '<p>\r\n	Which is the correct ?</p>', 0, 2, 64, 10, '2015-02-02 07:21:52', 193, NULL, NULL, '', '', NULL, ''),
(294, '<p>\r\n	Please, answer below listed questions .</p>', 4, 3, 64, 10, '2015-02-02 07:21:52', 194, NULL, NULL, '', '', NULL, ''),
(295, '<p>\r\n	Enter the name of the biggest software company in the world&nbsp;</p>', 3, 4, 64, 5, '2015-02-02 07:21:53', 195, NULL, NULL, '', '', NULL, ''),
(296, '<p>\r\n	qwerty?</p>', 1, 5, 64, 5, '2015-02-02 07:21:53', 256, NULL, NULL, 'popo', 'lklk', NULL, ''),
(297, '<p>\r\n	Who is in photo ?</p>\r\n<p>\r\n	<img alt="" src="editor_images/1.jpg" style="width: 200px; height: 200px" /></p>', 1, 1, 65, 10, '2015-02-02 07:34:37', 192, NULL, NULL, 'First question is linked to image .', 'Please, click Next button if you don''t know answer', NULL, ''),
(298, '<p>\r\n	Which is the correct ?</p>', 0, 2, 65, 10, '2015-02-02 07:34:37', 193, NULL, NULL, '', '', NULL, ''),
(299, '<p>\r\n	Please, answer below listed questions .</p>', 4, 3, 65, 10, '2015-02-02 07:34:37', 194, NULL, NULL, '', '', NULL, ''),
(300, '<p>\r\n	Enter the name of the biggest software company in the world&nbsp;</p>', 3, 4, 65, 5, '2015-02-02 07:34:37', 195, NULL, NULL, '', '', NULL, ''),
(301, '<p>\r\n	qwerty?</p>', 1, 5, 65, 5, '2015-02-02 07:34:37', 256, NULL, NULL, 'popo', 'lklk', NULL, ''),
(302, '<p>\r\n	Who is in photo ?</p>\r\n<p>\r\n	<img alt="" src="editor_images/1.jpg" style="width: 200px; height: 200px" /></p>', 1, 1, 66, 10, '2015-02-02 07:58:03', 192, NULL, NULL, 'First question is linked to image .', 'Please, click Next button if you don''t know answer', NULL, ''),
(303, '<p>\r\n	Which is the correct ?</p>', 0, 2, 66, 10, '2015-02-02 07:58:03', 193, NULL, NULL, '', '', NULL, ''),
(304, '<p>\r\n	Please, answer below listed questions .</p>', 4, 3, 66, 10, '2015-02-02 07:58:03', 194, NULL, NULL, '', '', NULL, ''),
(305, '<p>\r\n	Enter the name of the biggest software company in the world&nbsp;</p>', 3, 4, 66, 5, '2015-02-02 07:58:03', 195, NULL, NULL, '', '', NULL, ''),
(306, '<p>\r\n	qwerty?</p>', 1, 5, 66, 5, '2015-02-02 07:58:03', 256, NULL, NULL, 'popo', 'lklk', NULL, ''),
(307, '<p>\r\n	Who is in photo ?</p>\r\n<p>\r\n	<img alt="" src="editor_images/1.jpg" style="width: 200px; height: 200px" /></p>', 1, 1, 67, 10, '2015-02-02 09:56:09', 192, NULL, NULL, 'First question is linked to image .', 'Please, click Next button if you don''t know answer', NULL, ''),
(308, '<p>\r\n	Which is the correct ?</p>', 0, 2, 67, 10, '2015-02-02 09:56:09', 193, NULL, NULL, '', '', NULL, ''),
(309, '<p>\r\n	Please, answer below listed questions .</p>', 4, 3, 67, 10, '2015-02-02 09:56:09', 194, NULL, NULL, '', '', NULL, ''),
(310, '<p>\r\n	Enter the name of the biggest software company in the world&nbsp;</p>', 3, 4, 67, 5, '2015-02-02 09:56:09', 195, NULL, NULL, '', '', NULL, ''),
(311, '<p>\r\n	qwerty?</p>', 1, 5, 67, 5, '2015-02-02 09:56:09', 256, NULL, NULL, 'popo', 'lklk', NULL, ''),
(312, '<p>\r\n	Who is in photo ?</p>\r\n<p>\r\n	<img alt="" src="editor_images/1.jpg" style="width: 200px; height: 200px" /></p>', 1, 1, 68, 10, '2015-02-02 10:00:42', 192, NULL, NULL, 'First question is linked to image .', 'Please, click Next button if you don''t know answer', NULL, ''),
(313, '<p>\r\n	Which is the correct ?</p>', 0, 2, 68, 10, '2015-02-02 10:00:42', 193, NULL, NULL, '', '', NULL, ''),
(314, '<p>\r\n	Please, answer below listed questions .</p>', 4, 3, 68, 10, '2015-02-02 10:00:42', 194, NULL, NULL, '', '', NULL, ''),
(315, '<p>\r\n	Enter the name of the biggest software company in the world&nbsp;</p>', 3, 4, 68, 5, '2015-02-02 10:00:42', 195, NULL, NULL, '', '', NULL, ''),
(316, '<p>\r\n	qwerty?</p>', 1, 5, 68, 5, '2015-02-02 10:00:42', 256, NULL, NULL, 'popo', 'lklk', NULL, ''),
(317, '<p>\r\n	Who is in photo ?</p>\r\n<p>\r\n	<img alt="" src="editor_images/1.jpg" style="width: 200px; height: 200px" /></p>', 1, 1, 69, 10, '2015-02-02 10:06:27', 192, NULL, NULL, 'First question is linked to image .', 'Please, click Next button if you don''t know answer', NULL, ''),
(318, '<p>\r\n	Which is the correct ?</p>', 0, 2, 69, 10, '2015-02-02 10:06:27', 193, NULL, NULL, '', '', NULL, ''),
(319, '<p>\r\n	Please, answer below listed questions .</p>', 4, 3, 69, 10, '2015-02-02 10:06:27', 194, NULL, NULL, '', '', NULL, ''),
(320, '<p>\r\n	Enter the name of the biggest software company in the world&nbsp;</p>', 3, 4, 69, 5, '2015-02-02 10:06:27', 195, NULL, NULL, '', '', NULL, ''),
(321, '<p>\r\n	qwerty?</p>', 1, 5, 69, 5, '2015-02-02 10:06:27', 256, NULL, NULL, 'popo', 'lklk', NULL, ''),
(322, '<p>\r\n	Who is in photo ?</p>\r\n<p>\r\n	<img alt="" src="editor_images/1.jpg" style="width: 200px; height: 200px" /></p>', 1, 1, 70, 10, '2015-02-02 10:11:50', 192, NULL, NULL, 'First question is linked to image .', 'Please, click Next button if you don''t know answer', NULL, ''),
(323, '<p>\r\n	Which is the correct ?</p>', 0, 2, 70, 10, '2015-02-02 10:11:50', 193, NULL, NULL, '', '', NULL, ''),
(324, '<p>\r\n	Please, answer below listed questions .</p>', 4, 3, 70, 10, '2015-02-02 10:11:50', 194, NULL, NULL, '', '', NULL, ''),
(325, '<p>\r\n	Enter the name of the biggest software company in the world&nbsp;</p>', 3, 4, 70, 5, '2015-02-02 10:11:50', 195, NULL, NULL, '', '', NULL, ''),
(326, '<p>\r\n	qwerty?</p>', 1, 5, 70, 5, '2015-02-02 10:11:50', 256, NULL, NULL, 'popo', 'lklk', NULL, ''),
(327, '<p>\r\n	Who is in photo ?</p>\r\n<p>\r\n	<img alt="" src="editor_images/1.jpg" style="width: 200px; height: 200px" /></p>', 1, 1, 71, 10, '2015-02-02 10:17:12', 192, NULL, NULL, 'First question is linked to image .', 'Please, click Next button if you don''t know answer', NULL, ''),
(328, '<p>\r\n	Which is the correct ?</p>', 0, 2, 71, 10, '2015-02-02 10:17:12', 193, NULL, NULL, '', '', NULL, ''),
(329, '<p>\r\n	Please, answer below listed questions .</p>', 4, 3, 71, 10, '2015-02-02 10:17:12', 194, NULL, NULL, '', '', NULL, ''),
(330, '<p>\r\n	Enter the name of the biggest software company in the world&nbsp;</p>', 3, 4, 71, 5, '2015-02-02 10:17:12', 195, NULL, NULL, '', '', NULL, ''),
(331, '<p>\r\n	qwerty?</p>', 1, 5, 71, 5, '2015-02-02 10:17:12', 256, NULL, NULL, 'popo', 'lklk', NULL, ''),
(332, '<p>\r\n	Who is in photo ?</p>\r\n<p>\r\n	<img alt="" src="editor_images/1.jpg" style="width: 200px; height: 200px" /></p>', 1, 1, 72, 10, '2015-02-02 10:49:31', 192, NULL, NULL, 'First question is linked to image .', 'Please, click Next button if you don''t know answer', NULL, ''),
(333, '<p>\r\n	Which is the correct ?</p>', 0, 2, 72, 10, '2015-02-02 10:49:31', 193, NULL, NULL, '', '', NULL, ''),
(334, '<p>\r\n	Please, answer below listed questions .</p>', 4, 3, 72, 10, '2015-02-02 10:49:31', 194, NULL, NULL, '', '', NULL, ''),
(335, '<p>\r\n	Enter the name of the biggest software company in the world&nbsp;</p>', 3, 4, 72, 5, '2015-02-02 10:49:31', 195, NULL, NULL, '', '', NULL, ''),
(336, '<p>\r\n	qwerty?</p>', 1, 5, 72, 5, '2015-02-02 10:49:31', 256, NULL, NULL, 'popo', 'lklk', NULL, ''),
(337, '<p>\r\n	Who is in photo ?</p>\r\n<p>\r\n	<img alt="" src="editor_images/1.jpg" style="width: 200px; height: 200px" /></p>', 1, 1, 73, 10, '2015-02-02 11:11:24', 192, NULL, NULL, 'First question is linked to image .', 'Please, click Next button if you don''t know answer', NULL, ''),
(338, '<p>\r\n	Which is the correct ?</p>', 0, 2, 73, 10, '2015-02-02 11:11:24', 193, NULL, NULL, '', '', NULL, ''),
(339, '<p>\r\n	Please, answer below listed questions .</p>', 4, 3, 73, 10, '2015-02-02 11:11:24', 194, NULL, NULL, '', '', NULL, ''),
(340, '<p>\r\n	Enter the name of the biggest software company in the world&nbsp;</p>', 3, 4, 73, 5, '2015-02-02 11:11:24', 195, NULL, NULL, '', '', NULL, ''),
(341, '<p>\r\n	qwerty?</p>', 1, 5, 73, 5, '2015-02-02 11:11:24', 256, NULL, NULL, 'popo', 'lklk', NULL, ''),
(342, '<p>\r\n	Who is in photo ?</p>\r\n<p>\r\n	<img alt="" src="editor_images/1.jpg" style="width: 200px; height: 200px" /></p>', 1, 1, 74, 10, '2015-02-02 11:15:18', 192, NULL, NULL, 'First question is linked to image .', 'Please, click Next button if you don''t know answer', NULL, ''),
(343, '<p>\r\n	Which is the correct ?</p>', 0, 2, 74, 10, '2015-02-02 11:15:18', 193, NULL, NULL, '', '', NULL, ''),
(344, '<p>\r\n	Please, answer below listed questions .</p>', 4, 3, 74, 10, '2015-02-02 11:15:18', 194, NULL, NULL, '', '', NULL, ''),
(345, '<p>\r\n	Enter the name of the biggest software company in the world&nbsp;</p>', 3, 4, 74, 5, '2015-02-02 11:15:18', 195, NULL, NULL, '', '', NULL, ''),
(346, '<p>\r\n	qwerty?</p>', 1, 5, 74, 5, '2015-02-02 11:15:18', 256, NULL, NULL, 'popo', 'lklk', NULL, ''),
(347, '<p>\r\n	Who is in photo ?</p>\r\n<p>\r\n	<img alt="" src="editor_images/1.jpg" style="width: 200px; height: 200px" /></p>', 1, 1, 75, 10, '2015-02-02 11:41:18', 192, NULL, NULL, 'First question is linked to image .', 'Please, click Next button if you don''t know answer', NULL, ''),
(348, '<p>\r\n	Which is the correct ?</p>', 0, 2, 75, 10, '2015-02-02 11:41:18', 193, NULL, NULL, '', '', NULL, ''),
(349, '<p>\r\n	Please, answer below listed questions .</p>', 4, 3, 75, 10, '2015-02-02 11:41:18', 194, NULL, NULL, '', '', NULL, ''),
(350, '<p>\r\n	Enter the name of the biggest software company in the world&nbsp;</p>', 3, 4, 75, 5, '2015-02-02 11:41:18', 195, NULL, NULL, '', '', NULL, ''),
(351, '<p>\r\n	qwerty?</p>', 1, 5, 75, 5, '2015-02-02 11:41:18', 256, NULL, NULL, 'popo', 'lklk', NULL, ''),
(352, '<p>\r\n	Who is in photo ?</p>\r\n<p>\r\n	<img alt="" src="editor_images/1.jpg" style="width: 200px; height: 200px" /></p>', 1, 1, 76, 10, '2015-02-02 11:46:24', 192, NULL, NULL, 'First question is linked to image .', 'Please, click Next button if you don''t know answer', NULL, ''),
(353, '<p>\r\n	Which is the correct ?</p>', 0, 2, 76, 10, '2015-02-02 11:46:24', 193, NULL, NULL, '', '', NULL, ''),
(354, '<p>\r\n	Please, answer below listed questions .</p>', 4, 3, 76, 10, '2015-02-02 11:46:24', 194, NULL, NULL, '', '', NULL, ''),
(355, '<p>\r\n	Enter the name of the biggest software company in the world&nbsp;</p>', 3, 4, 76, 5, '2015-02-02 11:46:24', 195, NULL, NULL, '', '', NULL, ''),
(356, '<p>\r\n	qwerty?</p>', 1, 5, 76, 5, '2015-02-02 11:46:24', 256, NULL, NULL, 'popo', 'lklk', NULL, ''),
(357, '<p>\r\n	Who is in photo ?</p>\r\n<p>\r\n	<img alt="" src="editor_images/1.jpg" style="width: 200px; height: 200px" /></p>', 1, 1, 77, 10, '2015-02-02 11:47:26', 192, NULL, NULL, 'First question is linked to image .', 'Please, click Next button if you don''t know answer', NULL, ''),
(358, '<p>\r\n	Which is the correct ?</p>', 0, 2, 77, 10, '2015-02-02 11:47:26', 193, NULL, NULL, '', '', NULL, ''),
(359, '<p>\r\n	Please, answer below listed questions .</p>', 4, 3, 77, 10, '2015-02-02 11:47:26', 194, NULL, NULL, '', '', NULL, ''),
(360, '<p>\r\n	Enter the name of the biggest software company in the world&nbsp;</p>', 3, 4, 77, 5, '2015-02-02 11:47:26', 195, NULL, NULL, '', '', NULL, ''),
(361, '<p>\r\n	qwerty?</p>', 1, 5, 77, 5, '2015-02-02 11:47:26', 256, NULL, NULL, 'popo', 'lklk', NULL, ''),
(362, '<p>\r\n	Who is in photo ?</p>\r\n<p>\r\n	<img alt="" src="editor_images/1.jpg" style="width: 200px; height: 200px" /></p>', 1, 1, 78, 10, '2015-02-02 11:47:31', 192, NULL, NULL, 'First question is linked to image .', 'Please, click Next button if you don''t know answer', NULL, ''),
(363, '<p>\r\n	Which is the correct ?</p>', 0, 2, 78, 10, '2015-02-02 11:47:31', 193, NULL, NULL, '', '', NULL, ''),
(364, '<p>\r\n	Please, answer below listed questions .</p>', 4, 3, 78, 10, '2015-02-02 11:47:31', 194, NULL, NULL, '', '', NULL, ''),
(365, '<p>\r\n	Enter the name of the biggest software company in the world&nbsp;</p>', 3, 4, 78, 5, '2015-02-02 11:47:31', 195, NULL, NULL, '', '', NULL, ''),
(366, '<p>\r\n	qwerty?</p>', 1, 5, 78, 5, '2015-02-02 11:47:31', 256, NULL, NULL, 'popo', 'lklk', NULL, ''),
(367, '<p>\r\n	Who is in photo ?</p>\r\n<p>\r\n	<img alt="" src="editor_images/1.jpg" style="width: 200px; height: 200px" /></p>', 1, 1, 79, 10, '2015-02-02 11:49:10', 192, NULL, NULL, 'First question is linked to image .', 'Please, click Next button if you don''t know answer', NULL, ''),
(368, '<p>\r\n	Which is the correct ?</p>', 0, 2, 79, 10, '2015-02-02 11:49:10', 193, NULL, NULL, '', '', NULL, ''),
(369, '<p>\r\n	Please, answer below listed questions .</p>', 4, 3, 79, 10, '2015-02-02 11:49:10', 194, NULL, NULL, '', '', NULL, ''),
(370, '<p>\r\n	Enter the name of the biggest software company in the world&nbsp;</p>', 3, 4, 79, 5, '2015-02-02 11:49:10', 195, NULL, NULL, '', '', NULL, ''),
(371, '<p>\r\n	qwerty?</p>', 1, 5, 79, 5, '2015-02-02 11:49:10', 256, NULL, NULL, 'popo', 'lklk', NULL, ''),
(372, '<p>\r\n	Who is in photo ?</p>\r\n<p>\r\n	<img alt="" src="editor_images/1.jpg" style="width: 200px; height: 200px" /></p>', 1, 1, 80, 10, '2015-02-03 08:16:38', 192, NULL, NULL, 'First question is linked to image .', 'Please, click Next button if you don''t know answer', NULL, ''),
(373, '<p>\r\n	Which is the correct ?</p>', 0, 2, 80, 10, '2015-02-03 08:16:38', 193, NULL, NULL, '', '', NULL, ''),
(374, '<p>\r\n	Please, answer below listed questions .</p>', 4, 3, 80, 10, '2015-02-03 08:16:38', 194, NULL, NULL, '', '', NULL, ''),
(375, '<p>\r\n	Enter the name of the biggest software company in the world&nbsp;</p>', 3, 4, 80, 5, '2015-02-03 08:16:38', 195, NULL, NULL, '', '', NULL, ''),
(376, '<p>\r\n	qwerty?</p>', 1, 5, 80, 5, '2015-02-03 08:16:38', 256, NULL, NULL, 'popo', 'lklk', NULL, ''),
(377, '<p>\r\n	Who is in photo ?</p>\r\n<p>\r\n	<img alt="" src="editor_images/1.jpg" style="width: 200px; height: 200px" /></p>', 1, 1, 81, 10, '2015-02-03 08:42:43', 192, NULL, NULL, 'First question is linked to image .', 'Please, click Next button if you don''t know answer', NULL, ''),
(378, '<p>\r\n	Which is the correct ?</p>', 0, 2, 81, 10, '2015-02-03 08:42:43', 193, NULL, NULL, '', '', NULL, ''),
(379, '<p>\r\n	Please, answer below listed questions .</p>', 4, 3, 81, 10, '2015-02-03 08:42:43', 194, NULL, NULL, '', '', NULL, ''),
(380, '<p>\r\n	Enter the name of the biggest software company in the world&nbsp;</p>', 3, 4, 81, 5, '2015-02-03 08:42:43', 195, NULL, NULL, '', '', NULL, ''),
(381, '<p>\r\n	qwerty?</p>', 1, 5, 81, 5, '2015-02-03 08:42:43', 256, NULL, NULL, 'popo', 'lklk', NULL, ''),
(382, '<p>\r\n	Who is in photo ?</p>\r\n<p>\r\n	<img alt="" src="editor_images/1.jpg" style="width: 200px; height: 200px" /></p>', 1, 1, 82, 10, '2015-02-26 12:17:48', 192, NULL, NULL, 'First question is linked to image .', 'Please, click Next button if you don''t know answer', NULL, ''),
(383, '<p>\r\n	Which is the correct ?</p>', 0, 2, 82, 10, '2015-02-26 12:17:48', 193, NULL, NULL, '', '', NULL, ''),
(384, '<p>\r\n	Please, answer below listed questions .</p>', 4, 3, 82, 10, '2015-02-26 12:17:48', 194, NULL, NULL, '', '', NULL, ''),
(385, '<p>\r\n	Enter the name of the biggest software company in the world&nbsp;</p>', 3, 4, 82, 5, '2015-02-26 12:17:48', 195, NULL, NULL, '', '', NULL, ''),
(386, '<p>\r\n	qwerty?</p>', 1, 5, 82, 5, '2015-02-26 12:17:48', 256, NULL, NULL, 'popo', 'lklk', NULL, ''),
(387, '<p>\r\n	Who is in photo ?</p>\r\n<p>\r\n	<img alt="" src="editor_images/1.jpg" style="width: 200px; height: 200px" /></p>', 1, 1, 83, 10, '2015-02-26 12:28:45', 192, NULL, NULL, 'First question is linked to image .', 'Please, click Next button if you don''t know answer', NULL, ''),
(388, '<p>\r\n	Which is the correct ?</p>', 0, 2, 83, 10, '2015-02-26 12:28:45', 193, NULL, NULL, '', '', NULL, ''),
(389, '<p>\r\n	Please, answer below listed questions .</p>', 4, 3, 83, 10, '2015-02-26 12:28:45', 194, NULL, NULL, '', '', NULL, ''),
(390, '<p>\r\n	Enter the name of the biggest software company in the world&nbsp;</p>', 3, 4, 83, 5, '2015-02-26 12:28:45', 195, NULL, NULL, '', '', NULL, ''),
(391, '<p>\r\n	qwerty?</p>', 1, 5, 83, 5, '2015-02-26 12:28:45', 256, NULL, NULL, 'popo', 'lklk', NULL, ''),
(392, '<div>\r\n	You are locked inside a room with 6 doors - A, B, C, D, E, F. Out of which 3 are Entrances</div>\r\n<div>\r\n	only and 3 are Exits only.</div>\r\n<div>\r\n	One person came in through door F and two minutes later second person came in through door</div>\r\n<div>\r\n	A. He said, &quot;You will be set free, if you pass through all 6 doors, each door once only and</div>\r\n<div>\r\n	in correct order. Also, door A must be followed by door B or E, door B by C or E, door C by</div>\r\n<div>\r\n	D or F, door D by A or F, door E by B or D and door F by C or D.&quot;</div>\r\n<div>\r\n	After saying that they both left through door B and unlocked all doors. In which order must</div>\r\n<div>\r\n	you pass through the doors?</div>', 1, 1, 84, 1, '2015-02-28 15:31:45', 0, NULL, NULL, '', '', NULL, NULL),
(393, '<div>\r\n	If you look at a clock and the time is 3:15.</div>\r\n<div>\r\n	What is the angle between the hour and the minute hands? ( The answer to this is not zero!)&nbsp;</div>', 1, 2, 84, 1, '2015-02-28 15:33:08', 0, NULL, NULL, '', '', NULL, NULL),
(394, '<div>\r\n	Replace each letter by a digit.Each letter must be represented by the same digit</div>\r\n<div>\r\n	and no beginning letter of a word can be 0.</div>\r\n<div>\r\n	&nbsp;ONE</div>\r\n<div>\r\n	+ONE</div>\r\n<div>\r\n	+ONE</div>\r\n<div>\r\n	+ONE</div>\r\n<div>\r\n	----</div>\r\n<div>\r\n	TEN</div>\r\n<div>\r\n	----</div>', 1, 3, 84, 1, '2015-02-28 15:34:11', 0, NULL, NULL, '', '', NULL, NULL),
(395, '<div>\r\n	If every alternative letter starting from B of the English alphabet is written in</div>\r\n<div>\r\n	small letter, rest all are written in capital letters, how the month &ldquo; September&rdquo;</div>\r\n<div>\r\n	be written.</div>', 1, 4, 84, 1, '2015-02-28 15:35:27', 0, NULL, NULL, '', '', NULL, NULL),
(396, '<div>\r\n	Gavaskar&#39;s average in his first 50 innings was 50. After the 51st innings, his</div>\r\n<div>\r\n	average was 51. How many runs did he score in his 51st innings. (supposing that he</div>\r\n<div>\r\n	lost his wicket in his 51st innings)</div>', 1, 5, 84, 1, '2015-02-28 15:36:22', 0, NULL, NULL, '', '', NULL, NULL),
(397, '<div>\r\n	Next door to me lives four brothers of different heights. Their average height is</div>\r\n<div>\r\n	74 inches, and the difference in height amongst the first three men is two inches.</div>\r\n<div>\r\n	The difference between the third and the fourth man is six inches.</div>\r\n<div>\r\n	Tell how tall is each brother? (sequence - first brother, second, third, fourth brother)</div>', 1, 6, 84, 1, '2015-02-28 15:37:40', 0, NULL, NULL, '', '', NULL, NULL),
(398, '<div>\r\n	Here are some words translated from an artificial language.</div>\r\n<div>\r\n	gorblflur means fan belt</div>\r\n<div>\r\n	pixngorbl means ceiling fan</div>\r\n<div>\r\n	arthtusl means tile roof</div>\r\n<div>\r\n	Which word could mean &quot;ceiling tile&quot;?</div>', 1, 7, 84, 1, '2015-02-28 15:39:19', 0, NULL, NULL, '', '', NULL, NULL),
(399, '<div>\r\n	You are locked inside a room with 6 doors - A, B, C, D, E, F. Out of which 3 are Entrances</div>\r\n<div>\r\n	only and 3 are Exits only.</div>\r\n<div>\r\n	One person came in through door F and two minutes later second person came in through door</div>\r\n<div>\r\n	A. He said, &quot;You will be set free, if you pass through all 6 doors, each door once only and</div>\r\n<div>\r\n	in correct order. Also, door A must be followed by door B or E, door B by C or E, door C by</div>\r\n<div>\r\n	D or F, door D by A or F, door E by B or D and door F by C or D.&quot;</div>\r\n<div>\r\n	After saying that they both left through door B and unlocked all doors. In which order must</div>\r\n<div>\r\n	you pass through the doors?</div>', 1, 1, 85, 1, '2015-02-28 10:12:42', 392, NULL, NULL, '', '', NULL, ''),
(400, '<div>\r\n	If you look at a clock and the time is 3:15.</div>\r\n<div>\r\n	What is the angle between the hour and the minute hands? ( The answer to this is not zero!)&nbsp;</div>', 1, 2, 85, 1, '2015-02-28 10:12:42', 393, NULL, NULL, '', '', NULL, ''),
(401, '<div>\r\n	Replace each letter by a digit.Each letter must be represented by the same digit</div>\r\n<div>\r\n	and no beginning letter of a word can be 0.</div>\r\n<div>\r\n	&nbsp;ONE</div>\r\n<div>\r\n	+ONE</div>\r\n<div>\r\n	+ONE</div>\r\n<div>\r\n	+ONE</div>\r\n<div>\r\n	----</div>\r\n<div>\r\n	TEN</div>\r\n<div>\r\n	----</div>', 1, 3, 85, 1, '2015-02-28 10:12:42', 394, NULL, NULL, '', '', NULL, ''),
(402, '<div>\r\n	If every alternative letter starting from B of the English alphabet is written in</div>\r\n<div>\r\n	small letter, rest all are written in capital letters, how the month &ldquo; September&rdquo;</div>\r\n<div>\r\n	be written.</div>', 1, 4, 85, 1, '2015-02-28 10:12:42', 395, NULL, NULL, '', '', NULL, ''),
(403, '<div>\r\n	Gavaskar&#39;s average in his first 50 innings was 50. After the 51st innings, his</div>\r\n<div>\r\n	average was 51. How many runs did he score in his 51st innings. (supposing that he</div>\r\n<div>\r\n	lost his wicket in his 51st innings)</div>', 1, 5, 85, 1, '2015-02-28 10:12:42', 396, NULL, NULL, '', '', NULL, ''),
(404, '<div>\r\n	Next door to me lives four brothers of different heights. Their average height is</div>\r\n<div>\r\n	74 inches, and the difference in height amongst the first three men is two inches.</div>\r\n<div>\r\n	The difference between the third and the fourth man is six inches.</div>\r\n<div>\r\n	Tell how tall is each brother? (sequence - first brother, second, third, fourth brother)</div>', 1, 6, 85, 1, '2015-02-28 10:12:42', 397, NULL, NULL, '', '', NULL, ''),
(405, '<div>\r\n	Here are some words translated from an artificial language.</div>\r\n<div>\r\n	gorblflur means fan belt</div>\r\n<div>\r\n	pixngorbl means ceiling fan</div>\r\n<div>\r\n	arthtusl means tile roof</div>\r\n<div>\r\n	Which word could mean &quot;ceiling tile&quot;?</div>', 1, 7, 85, 1, '2015-02-28 10:12:42', 398, NULL, NULL, '', '', NULL, ''),
(406, '<div>\r\n	You are locked inside a room with 6 doors - A, B, C, D, E, F. Out of which 3 are Entrances</div>\r\n<div>\r\n	only and 3 are Exits only.</div>\r\n<div>\r\n	One person came in through door F and two minutes later second person came in through door</div>\r\n<div>\r\n	A. He said, &quot;You will be set free, if you pass through all 6 doors, each door once only and</div>\r\n<div>\r\n	in correct order. Also, door A must be followed by door B or E, door B by C or E, door C by</div>\r\n<div>\r\n	D or F, door D by A or F, door E by B or D and door F by C or D.&quot;</div>\r\n<div>\r\n	After saying that they both left through door B and unlocked all doors. In which order must</div>\r\n<div>\r\n	you pass through the doors?</div>', 1, 1, 86, 1, '2015-02-28 10:35:41', 392, NULL, NULL, '', '', NULL, ''),
(407, '<div>\r\n	If you look at a clock and the time is 3:15.</div>\r\n<div>\r\n	What is the angle between the hour and the minute hands? ( The answer to this is not zero!)&nbsp;</div>', 1, 2, 86, 1, '2015-02-28 10:35:41', 393, NULL, NULL, '', '', NULL, ''),
(408, '<div>\r\n	Replace each letter by a digit.Each letter must be represented by the same digit</div>\r\n<div>\r\n	and no beginning letter of a word can be 0.</div>\r\n<div>\r\n	&nbsp;ONE</div>\r\n<div>\r\n	+ONE</div>\r\n<div>\r\n	+ONE</div>\r\n<div>\r\n	+ONE</div>\r\n<div>\r\n	----</div>\r\n<div>\r\n	TEN</div>\r\n<div>\r\n	----</div>', 1, 3, 86, 1, '2015-02-28 10:35:41', 394, NULL, NULL, '', '', NULL, ''),
(409, '<div>\r\n	If every alternative letter starting from B of the English alphabet is written in</div>\r\n<div>\r\n	small letter, rest all are written in capital letters, how the month &ldquo; September&rdquo;</div>\r\n<div>\r\n	be written.</div>', 1, 4, 86, 1, '2015-02-28 10:35:41', 395, NULL, NULL, '', '', NULL, ''),
(410, '<div>\r\n	Gavaskar&#39;s average in his first 50 innings was 50. After the 51st innings, his</div>\r\n<div>\r\n	average was 51. How many runs did he score in his 51st innings. (supposing that he</div>\r\n<div>\r\n	lost his wicket in his 51st innings)</div>', 1, 5, 86, 1, '2015-02-28 10:35:41', 396, NULL, NULL, '', '', NULL, ''),
(411, '<div>\r\n	Next door to me lives four brothers of different heights. Their average height is</div>\r\n<div>\r\n	74 inches, and the difference in height amongst the first three men is two inches.</div>\r\n<div>\r\n	The difference between the third and the fourth man is six inches.</div>\r\n<div>\r\n	Tell how tall is each brother? (sequence - first brother, second, third, fourth brother)</div>', 1, 6, 86, 1, '2015-02-28 10:35:41', 397, NULL, NULL, '', '', NULL, ''),
(412, '<div>\r\n	Here are some words translated from an artificial language.</div>\r\n<div>\r\n	gorblflur means fan belt</div>\r\n<div>\r\n	pixngorbl means ceiling fan</div>\r\n<div>\r\n	arthtusl means tile roof</div>\r\n<div>\r\n	Which word could mean &quot;ceiling tile&quot;?</div>', 1, 7, 86, 1, '2015-02-28 10:35:41', 398, NULL, NULL, '', '', NULL, ''),
(413, '<div>\r\n	You are locked inside a room with 6 doors - A, B, C, D, E, F. Out of which 3 are Entrances</div>\r\n<div>\r\n	only and 3 are Exits only.</div>\r\n<div>\r\n	One person came in through door F and two minutes later second person came in through door</div>\r\n<div>\r\n	A. He said, &quot;You will be set free, if you pass through all 6 doors, each door once only and</div>\r\n<div>\r\n	in correct order. Also, door A must be followed by door B or E, door B by C or E, door C by</div>\r\n<div>\r\n	D or F, door D by A or F, door E by B or D and door F by C or D.&quot;</div>\r\n<div>\r\n	After saying that they both left through door B and unlocked all doors. In which order must</div>\r\n<div>\r\n	you pass through the doors?</div>', 1, 1, 87, 1, '2015-02-28 10:41:12', 392, NULL, NULL, '', '', NULL, ''),
(414, '<div>\r\n	If you look at a clock and the time is 3:15.</div>\r\n<div>\r\n	What is the angle between the hour and the minute hands? ( The answer to this is not zero!)&nbsp;</div>', 1, 2, 87, 1, '2015-02-28 10:41:12', 393, NULL, NULL, '', '', NULL, ''),
(415, '<div>\r\n	Replace each letter by a digit.Each letter must be represented by the same digit</div>\r\n<div>\r\n	and no beginning letter of a word can be 0.</div>\r\n<div>\r\n	&nbsp;ONE</div>\r\n<div>\r\n	+ONE</div>\r\n<div>\r\n	+ONE</div>\r\n<div>\r\n	+ONE</div>\r\n<div>\r\n	----</div>\r\n<div>\r\n	TEN</div>\r\n<div>\r\n	----</div>', 1, 3, 87, 1, '2015-02-28 10:41:12', 394, NULL, NULL, '', '', NULL, ''),
(416, '<div>\r\n	If every alternative letter starting from B of the English alphabet is written in</div>\r\n<div>\r\n	small letter, rest all are written in capital letters, how the month &ldquo; September&rdquo;</div>\r\n<div>\r\n	be written.</div>', 1, 4, 87, 1, '2015-02-28 10:41:12', 395, NULL, NULL, '', '', NULL, ''),
(417, '<div>\r\n	Gavaskar&#39;s average in his first 50 innings was 50. After the 51st innings, his</div>\r\n<div>\r\n	average was 51. How many runs did he score in his 51st innings. (supposing that he</div>\r\n<div>\r\n	lost his wicket in his 51st innings)</div>', 1, 5, 87, 1, '2015-02-28 10:41:12', 396, NULL, NULL, '', '', NULL, ''),
(418, '<div>\r\n	Next door to me lives four brothers of different heights. Their average height is</div>\r\n<div>\r\n	74 inches, and the difference in height amongst the first three men is two inches.</div>\r\n<div>\r\n	The difference between the third and the fourth man is six inches.</div>\r\n<div>\r\n	Tell how tall is each brother? (sequence - first brother, second, third, fourth brother)</div>', 1, 6, 87, 1, '2015-02-28 10:41:12', 397, NULL, NULL, '', '', NULL, ''),
(419, '<div>\r\n	Here are some words translated from an artificial language.</div>\r\n<div>\r\n	gorblflur means fan belt</div>\r\n<div>\r\n	pixngorbl means ceiling fan</div>\r\n<div>\r\n	arthtusl means tile roof</div>\r\n<div>\r\n	Which word could mean &quot;ceiling tile&quot;?</div>', 1, 7, 87, 1, '2015-02-28 10:41:12', 398, NULL, NULL, '', '', NULL, ''),
(420, '<p>\r\n	Who is in photo ?</p>\r\n<p>\r\n	<img alt="" src="editor_images/1.jpg" style="width: 200px; height: 200px" /></p>', 1, 1, 88, 10, '2015-05-25 00:19:58', 192, NULL, NULL, 'First question is linked to image .', 'Please, click Next button if you don''t know answer', NULL, ''),
(421, '<p>\r\n	Which is the correct ?</p>', 0, 2, 88, 10, '2015-05-25 00:19:58', 193, NULL, NULL, '', '', NULL, ''),
(422, '<p>\r\n	Please, answer below listed questions .</p>', 4, 3, 88, 10, '2015-05-25 00:19:58', 194, NULL, NULL, '', '', NULL, ''),
(423, '<p>\r\n	Enter the name of the biggest software company in the world&nbsp;</p>', 3, 4, 88, 5, '2015-05-25 00:19:58', 195, NULL, NULL, '', '', NULL, ''),
(424, '<p>\r\n	qwerty?</p>', 1, 5, 88, 5, '2015-05-25 00:19:58', 256, NULL, NULL, 'popo', 'lklk', NULL, ''),
(425, '', -1, 6, 41, 0, '2015-08-05 16:24:54', 0, NULL, NULL, '', '', NULL, NULL),
(426, '<p>\r\n	Who is in photo ?</p>\r\n<p>\r\n	<img alt="" src="editor_images/1.jpg" style="width: 200px; height: 200px" /></p>', 1, 1, 90, 10, '2015-08-12 06:27:28', 192, NULL, NULL, 'First question is linked to image .', 'Please, click Next button if you don''t know answer', NULL, ''),
(427, '<p>\r\n	Which is the correct ?</p>', 0, 2, 90, 10, '2015-08-12 06:27:28', 193, NULL, NULL, '', '', NULL, ''),
(428, '<p>\r\n	Please, answer below listed questions .</p>', 4, 3, 90, 10, '2015-08-12 06:27:28', 194, NULL, NULL, '', '', NULL, ''),
(429, '<p>\r\n	Enter the name of the biggest software company in the world&nbsp;</p>', 3, 4, 90, 5, '2015-08-12 06:27:28', 195, NULL, NULL, '', '', NULL, ''),
(430, '<p>\r\n	qwerty?</p>', 1, 5, 90, 5, '2015-08-12 06:27:28', 256, NULL, NULL, 'popo', 'lklk', NULL, ''),
(431, '', -1, 6, 90, 0, '2015-08-12 06:27:28', 425, NULL, NULL, '', '', NULL, ''),
(432, '<p>\r\n	What will be the output of the following program?</p>\r\n<p>\r\n	&nbsp;</p>\r\n<p>\r\n	#include&lt;stdio.h&gt;</p>\r\n<p>\r\n	int main()</p>\r\n<p>\r\n	{</p>\r\n<p>\r\n	&nbsp; &nbsp; int x = 40;</p>\r\n<p>\r\n	&nbsp; &nbsp; {</p>\r\n<p>\r\n	&nbsp; &nbsp; &nbsp; &nbsp; int x = 20;</p>\r\n<p>\r\n	&nbsp; &nbsp; &nbsp; &nbsp; printf(&quot;%d &quot;, x);</p>\r\n<p>\r\n	&nbsp; &nbsp; }</p>\r\n<p>\r\n	&nbsp; &nbsp; printf(&quot;%d&quot;, x);</p>\r\n<p>\r\n	&nbsp; &nbsp; return 0;</p>\r\n<p>\r\n	}</p>', 3, 1, 91, 1, '2015-08-14 17:36:28', 0, NULL, NULL, '', '', NULL, NULL),
(433, '<div>\r\n	&nbsp;</div>\r\n<div>\r\n	What will be output of the following program?</div>\r\n<div>\r\n	&nbsp;</div>\r\n<div>\r\n	#include&lt;stdio.h&gt;</div>\r\n<div>\r\n	int main()</div>\r\n<div>\r\n	{</div>\r\n<div>\r\n	&nbsp; &nbsp; extern int i;</div>\r\n<div>\r\n	&nbsp; &nbsp; i = 20;&nbsp;</div>\r\n<div>\r\n	&nbsp; &nbsp; printf(&quot;%d\\n&quot;, sizeof(i));</div>\r\n<div>\r\n	&nbsp; &nbsp; return 0;</div>\r\n<div>\r\n	}</div>\r\n<div>\r\n	&nbsp;</div>\r\n<div>\r\n	&nbsp;</div>', 1, 2, 91, 1, '2015-08-14 17:41:09', 0, NULL, NULL, '', '', NULL, NULL),
(434, '<div>\r\n	Which of the following is the correct output for the program given below?</div>\r\n<div>\r\n	&nbsp;</div>\r\n<div>\r\n	#include&lt;stdio.h&gt;</div>\r\n<div>\r\n	int main()</div>\r\n<div>\r\n	{</div>\r\n<div>\r\n	&nbsp; &nbsp; extern int a;</div>\r\n<div>\r\n	&nbsp; &nbsp; printf(&quot;%d\\n&quot;, a);</div>\r\n<div>\r\n	&nbsp; &nbsp; return 0;</div>\r\n<div>\r\n	}</div>\r\n<div>\r\n	&nbsp;</div>\r\n<div>\r\n	int a = 20;</div>\r\n<div>\r\n	&nbsp;</div>', 1, 3, 91, 1, '2015-08-14 17:44:15', 0, NULL, NULL, '', '', NULL, NULL),
(435, '<div>\r\n	<div>\r\n		In the program given below, point out the error, if any, in the for loop</div>\r\n	<div>\r\n		&nbsp;</div>\r\n</div>\r\n<div>\r\n	&nbsp;</div>\r\n<div>\r\n	#include&lt;stdio.h&gt;</div>\r\n<div>\r\n	int main()</div>\r\n<div>\r\n	{</div>\r\n<div>\r\n	&nbsp; &nbsp; int i = 1;</div>\r\n<div>\r\n	&nbsp; &nbsp; for(;;)</div>\r\n<div>\r\n	&nbsp; &nbsp; {</div>\r\n<div>\r\n	&nbsp; &nbsp; &nbsp; &nbsp; &nbsp;printf(&quot;%d\\n&quot;, i++);</div>\r\n<div>\r\n	&nbsp; &nbsp; &nbsp; &nbsp; &nbsp;if(i &gt; 10)</div>\r\n<div>\r\n	&nbsp; &nbsp; &nbsp; &nbsp; &nbsp;break;</div>\r\n<div>\r\n	&nbsp; &nbsp; &nbsp;}</div>\r\n<div>\r\n	&nbsp;</div>\r\n<div>\r\n	&nbsp; &nbsp; return 0;</div>\r\n<div>\r\n	}</div>\r\n<div>\r\n	&nbsp;</div>', 0, 4, 91, 1, '2015-08-14 17:49:22', 0, NULL, NULL, '', '', NULL, NULL),
(436, '<div>\r\n	Which of the following iis the correct output for the program given below?</div>\r\n<div>\r\n	&nbsp;</div>\r\n<div>\r\n	#include&lt;stdio.h&gt;</div>\r\n<div>\r\n	int main()</div>\r\n<div>\r\n	{</div>\r\n<div>\r\n	&nbsp; &nbsp; int i = 1;</div>\r\n<div>\r\n	&nbsp; &nbsp; switch(i)</div>\r\n<div>\r\n	&nbsp; &nbsp; {</div>\r\n<div>\r\n	&nbsp; &nbsp; &nbsp; &nbsp; printf(&quot;Hello\\n&quot;);</div>\r\n<div>\r\n	&nbsp; &nbsp; &nbsp; &nbsp; case 1:</div>\r\n<div>\r\n	&nbsp; &nbsp;&nbsp;&nbsp; &nbsp;&nbsp;&nbsp; &nbsp;&nbsp;printf(&quot;Hi\\n&quot;);</div>\r\n<div>\r\n	&nbsp; &nbsp;&nbsp;&nbsp; &nbsp;&nbsp;&nbsp; &nbsp;&nbsp;break;</div>\r\n<div>\r\n	&nbsp; &nbsp;&nbsp;&nbsp; &nbsp;&nbsp;case 2:</div>\r\n<div>\r\n	&nbsp; &nbsp;&nbsp;&nbsp; &nbsp;&nbsp;&nbsp; &nbsp;&nbsp;printf(&quot;\\nBye\\n&quot;);</div>\r\n<div>\r\n	&nbsp; &nbsp;&nbsp;&nbsp; &nbsp;&nbsp;&nbsp; &nbsp;&nbsp;break;</div>\r\n<div>\r\n	&nbsp; &nbsp;&nbsp;}</div>\r\n<div>\r\n	&nbsp;</div>\r\n<div>\r\n	&nbsp; &nbsp;&nbsp;return 0;</div>\r\n<div>\r\n	}</div>', 1, 5, 91, 1, '2015-08-14 17:54:30', 0, NULL, NULL, '', '', NULL, NULL),
(437, '<div>\r\n	Which of the following errors would be reported by the compiler on compiling the program given below?</div>\r\n<div>\r\n	&nbsp;</div>\r\n<div>\r\n	&nbsp;</div>\r\n<div>\r\n	#include&lt;stdio.h&gt;</div>\r\n<div>\r\n	&nbsp;</div>\r\n<div>\r\n	int main()</div>\r\n<div>\r\n	{</div>\r\n<div>\r\n	&nbsp; &nbsp; int n;</div>\r\n<div>\r\n	&nbsp; &nbsp;&nbsp;int a = 5;</div>\r\n<div>\r\n	&nbsp; &nbsp;&nbsp;scanf(&quot;%d&quot;, &amp;n);</div>\r\n<div>\r\n	&nbsp; &nbsp;&nbsp;switch(a)</div>\r\n<div>\r\n	&nbsp; &nbsp;&nbsp;{</div>\r\n<div>\r\n	&nbsp; &nbsp;&nbsp;&nbsp; &nbsp;&nbsp;case 1 :</div>\r\n<div>\r\n	&nbsp; &nbsp;&nbsp;&nbsp; &nbsp;&nbsp;&nbsp; &nbsp;&nbsp;...</div>\r\n<div>\r\n	&nbsp; &nbsp;&nbsp;&nbsp; &nbsp;&nbsp;case 2 :</div>\r\n<div>\r\n	&nbsp; &nbsp;&nbsp;&nbsp; &nbsp;&nbsp;&nbsp; &nbsp;&nbsp;...</div>\r\n<div>\r\n	&nbsp; &nbsp;&nbsp;&nbsp; &nbsp;&nbsp;case 3 + 5 :</div>\r\n<div>\r\n	&nbsp; &nbsp;&nbsp;&nbsp; &nbsp;&nbsp;&nbsp; &nbsp;&nbsp;...</div>\r\n<div>\r\n	&nbsp; &nbsp;&nbsp;&nbsp; &nbsp;&nbsp;case a :&nbsp;</div>\r\n<div>\r\n	&nbsp; &nbsp;&nbsp;&nbsp; &nbsp;&nbsp;&nbsp; &nbsp;&nbsp;...</div>\r\n<div>\r\n	&nbsp; &nbsp;&nbsp;}</div>\r\n<div>\r\n	&nbsp;</div>\r\n<div>\r\n	&nbsp; &nbsp;&nbsp;return 0;</div>\r\n<div>\r\n	}</div>', 0, 6, 91, 1, '2015-08-14 18:07:34', 0, NULL, NULL, '', '', NULL, NULL),
(438, '<div>\r\n	Which of the following is the correct output for the program given below?</div>\r\n<div>\r\n	#include&lt;stdio.h&gt;</div>\r\n<div>\r\n	int main()</div>\r\n<div>\r\n	{</div>\r\n<div>\r\n	&nbsp; &nbsp; int i = 5;</div>\r\n<div>\r\n	&nbsp; &nbsp; while(i-- &gt;= 0) printf(&quot;%d &quot;, i);</div>\r\n<div>\r\n	&nbsp; &nbsp; i = 5;</div>\r\n<div>\r\n	&nbsp; &nbsp; printf(&quot;\\n&quot;);</div>\r\n<div>\r\n	&nbsp; &nbsp; while(i-- &gt;= 0) printf(&quot;%i &quot;, i);</div>\r\n<div>\r\n	&nbsp; &nbsp; printf(&quot;\\n&quot;);</div>\r\n<div>\r\n	&nbsp; &nbsp; while(i-- &gt;= 0) printf(&quot;%d &quot;, i);</div>\r\n<div>\r\n	&nbsp; &nbsp; printf(&quot;\\n&quot;);</div>\r\n<div>\r\n	&nbsp; &nbsp; return 0;</div>\r\n<div>\r\n	}</div>', 1, 7, 91, 1, '2015-08-14 18:13:26', 0, NULL, NULL, '', '', NULL, NULL),
(439, '<div>\r\n	What will be the output of the following program?</div>\r\n<div>\r\n	&nbsp;</div>\r\n<div>\r\n	#include&lt;stdio.h&gt;</div>\r\n<div>\r\n	int main()</div>\r\n<div>\r\n	{</div>\r\n<div>\r\n	&nbsp; &nbsp; int a = 10, b;</div>\r\n<div>\r\n	&nbsp; &nbsp; a &gt;= 5 ? b = 100 : b = 200;</div>\r\n<div>\r\n	&nbsp; &nbsp; printf(&quot;%d\\n&quot;, b);</div>\r\n<div>\r\n	&nbsp; &nbsp; return 0;</div>\r\n<div>\r\n	}</div>\r\n<div>\r\n	&nbsp;</div>', 1, 8, 91, 1, '2015-08-14 18:17:37', 0, NULL, NULL, '', '', NULL, NULL),
(440, '<div>\r\n	#include&lt;stdio.h&gt;</div>\r\n<div>\r\n	int main()</div>\r\n<div>\r\n	{</div>\r\n<div>\r\n	&nbsp; &nbsp; unsigned int i = 65535;</div>\r\n<div>\r\n	&nbsp; &nbsp; while(i++ != 0)</div>\r\n<div>\r\n	&nbsp; &nbsp; {</div>\r\n<div>\r\n	&nbsp; &nbsp; &nbsp; &nbsp; printf(&quot;%d &quot;, ++i);</div>\r\n<div>\r\n	&nbsp; &nbsp; }</div>\r\n<div>\r\n	&nbsp; &nbsp; printf(&quot;\\n&quot;);</div>\r\n<div>\r\n	&nbsp; &nbsp; return 0;</div>\r\n<div>\r\n	}</div>\r\n<div>\r\n	&nbsp;</div>', 1, 9, 91, 1, '2015-08-14 18:21:17', 0, NULL, NULL, '', '', NULL, NULL),
(441, '<div>\r\n	#include&lt;stdio.h&gt;</div>\r\n<div>\r\n	int main()</div>\r\n<div>\r\n	{</div>\r\n<div>\r\n	&nbsp; &nbsp; int x = y = 40;</div>\r\n<div>\r\n	&nbsp; &nbsp; if(x == y)</div>\r\n<div>\r\n	&nbsp; &nbsp; &nbsp; &nbsp; printf(&quot;x is equal to y\\n&quot;);</div>\r\n<div>\r\n	&nbsp; &nbsp; else if(x &gt; y)</div>\r\n<div>\r\n	&nbsp; &nbsp; &nbsp; &nbsp; printf(&quot;x is greater than y\\n&quot;);</div>\r\n<div>\r\n	&nbsp; &nbsp; else if(x &lt; y)</div>\r\n<div>\r\n	&nbsp; &nbsp; &nbsp; &nbsp; printf(&quot;x is less than y\\n&quot;);</div>\r\n<div>\r\n	&nbsp; &nbsp; return 0;</div>\r\n<div>\r\n	} <span class="Apple-tab-span" style="white-space:pre"> </span></div>\r\n<div>\r\n	&nbsp;</div>', 1, 10, 91, 1, '2015-08-14 18:27:38', 0, NULL, NULL, '', '', NULL, NULL),
(442, '<div>\r\n	What will be the output of the following program?</div>\r\n<div>\r\n	&nbsp;</div>\r\n<div>\r\n	#include&lt;stdio.h&gt;</div>\r\n<div>\r\n	int main()</div>\r\n<div>\r\n	{</div>\r\n<div>\r\n	&nbsp; &nbsp; int x, y, z;</div>\r\n<div>\r\n	&nbsp; &nbsp; x = y = z = 1;</div>\r\n<div>\r\n	&nbsp; &nbsp; z = ++x || ++y || ++z;&nbsp;</div>\r\n<div>\r\n	&nbsp; &nbsp; printf(&quot;%d %d %d&quot;, x, y, z);</div>\r\n<div>\r\n	&nbsp; &nbsp; return 0;</div>\r\n<div>\r\n	}&nbsp;</div>', 1, 11, 91, 1, '2015-08-14 18:37:59', 0, NULL, NULL, '', '', NULL, NULL),
(443, '<div>\r\n	Which of the following statements are correct about a for loop used in C program?</div>\r\n<div>\r\n	&nbsp;</div>', 0, 12, 91, 1, '2015-08-14 18:42:18', 0, NULL, NULL, '', '', NULL, NULL),
(444, '<div>\r\n	Which of the following statements are correct about a switch statement in C program?</div>\r\n<div>\r\n	&nbsp;</div>', 0, 13, 91, 1, '2015-08-14 18:48:48', 0, NULL, NULL, '', '', NULL, NULL),
(445, '<div>\r\n	Which of the following are unanry operators in C?</div>\r\n<div>\r\n	&nbsp;</div>', 0, 14, 91, 1, '2015-08-14 18:50:48', 0, NULL, NULL, '', '', NULL, NULL),
(446, '<div>\r\n	What will be output of the following program?</div>\r\n<div>\r\n	#include&lt;stdio.h&gt;</div>\r\n<div>\r\n	int main()</div>\r\n<div>\r\n	{</div>\r\n<div>\r\n	&nbsp; &nbsp; int i = 2;</div>\r\n<div>\r\n	&nbsp; &nbsp; printf(&quot;%d %d\\n&quot;, ++i, ++i);</div>\r\n<div>\r\n	&nbsp; &nbsp; return 0;</div>\r\n<div>\r\n	}</div>\r\n<div>\r\n	&nbsp;</div>', 1, 15, 91, 1, '2015-08-14 18:53:33', 0, NULL, NULL, '', '', NULL, NULL),
(447, '<div>\r\n	Which of the following is the correct output for the program given below?</div>\r\n<div>\r\n	&nbsp;</div>\r\n<div>\r\n	#include&lt;stdio.h&gt;</div>\r\n<div>\r\n	int main()</div>\r\n<div>\r\n	{</div>\r\n<div>\r\n	&nbsp; &nbsp; double d = 2.25;</div>\r\n<div>\r\n	&nbsp; &nbsp; printf(&quot;%e &quot;, d);</div>\r\n<div>\r\n	&nbsp; &nbsp; printf(&quot;%f &quot;, d);</div>\r\n<div>\r\n	&nbsp; &nbsp; printf(&quot;%g &quot;, d);</div>\r\n<div>\r\n	&nbsp; &nbsp; printf(&quot;%lf\\n&quot;, d);</div>\r\n<div>\r\n	&nbsp; &nbsp; return 0;</div>\r\n<div>\r\n	}</div>', 1, 16, 91, 1, '2015-08-14 19:04:18', 0, NULL, NULL, '', '', NULL, NULL),
(448, '<div>\r\n	Which of the following is the correct output for the program given below?</div>\r\n<div>\r\n	&nbsp;</div>\r\n<div>\r\n	#include&lt;stdio.h&gt;</div>\r\n<div>\r\n	int main()</div>\r\n<div>\r\n	{</div>\r\n<div>\r\n	&nbsp; &nbsp; float a = 0.7;</div>\r\n<div>\r\n	&nbsp; &nbsp; if(a &lt; 0.7)</div>\r\n<div>\r\n	&nbsp; &nbsp; &nbsp; &nbsp; printf(&quot;Vivek\\n&quot;);</div>\r\n<div>\r\n	&nbsp; &nbsp; else</div>\r\n<div>\r\n	&nbsp; &nbsp; &nbsp; &nbsp; printf(&quot;Gupta\\n&quot;);</div>\r\n<div>\r\n	&nbsp; &nbsp;&nbsp;</div>\r\n<div>\r\n	&nbsp; &nbsp; return 0;</div>\r\n<div>\r\n	}</div>\r\n<div>\r\n	&nbsp;</div>', 1, 17, 91, 1, '2015-08-14 19:08:11', 0, NULL, NULL, '', '', NULL, NULL),
(449, '<div>\r\n	What will be following function give on compilation?</div>\r\n<div>\r\n	&nbsp;</div>\r\n<div>\r\n	f(int a, int b)</div>\r\n<div>\r\n	{</div>\r\n<div>\r\n	&nbsp; &nbsp; int a;</div>\r\n<div>\r\n	&nbsp; &nbsp; a = 20;</div>\r\n<div>\r\n	&nbsp; &nbsp; return a;</div>\r\n<div>\r\n	}</div>', 0, 18, 91, 1, '2015-08-14 19:12:35', 0, NULL, NULL, '', '', NULL, NULL),
(450, '<div>\r\n	Point out the error, if any, in the following function.</div>\r\n<div>\r\n	&nbsp;</div>\r\n<div>\r\n	#include&lt;stdio.h&gt;</div>\r\n<div>\r\n	int main()</div>\r\n<div>\r\n	{&nbsp;</div>\r\n<div>\r\n	&nbsp; &nbsp; int f(int);</div>\r\n<div>\r\n	&nbsp; &nbsp; int b;</div>\r\n<div>\r\n	&nbsp; &nbsp; b=f(20);</div>\r\n<div>\r\n	&nbsp; &nbsp; printf(&quot;%d\\n&quot;,b);</div>\r\n<div>\r\n	&nbsp; &nbsp; return 0;</div>\r\n<div>\r\n	}</div>\r\n<div>\r\n	int f(int a)</div>\r\n<div>\r\n	{</div>\r\n<div>\r\n	&nbsp; &nbsp; a&gt;20? return(10):return(20);</div>\r\n<div>\r\n	}</div>', 1, 19, 91, 1, '2015-08-14 19:18:19', 0, NULL, NULL, '', '', NULL, NULL),
(451, '<div>\r\n	What will be ouput of the following program?</div>\r\n<div>\r\n	&nbsp;</div>\r\n<div>\r\n	#include&lt;stdio.h&gt;</div>\r\n<div>\r\n	int func1(int);</div>\r\n<div>\r\n	int main()</div>\r\n<div>\r\n	{</div>\r\n<div>\r\n	&nbsp; &nbsp; int k = 35;</div>\r\n<div>\r\n	&nbsp; &nbsp; k = func1(k = func1( k = func1(k)));</div>\r\n<div>\r\n	&nbsp; &nbsp; printf(&quot;%d\\n&quot;, k);</div>\r\n<div>\r\n	&nbsp; &nbsp; return 0;</div>\r\n<div>\r\n	}</div>\r\n<div>\r\n	&nbsp;</div>\r\n<div>\r\n	&nbsp;</div>\r\n<div>\r\n	int func1(int k)</div>\r\n<div>\r\n	{</div>\r\n<div>\r\n	&nbsp; &nbsp; k++;</div>\r\n<div>\r\n	&nbsp; &nbsp; return k;</div>\r\n<div>\r\n	}</div>\r\n<div>\r\n	&nbsp;</div>\r\n<div>\r\n	&nbsp;</div>', 1, 20, 91, 1, '2015-08-14 19:24:05', 0, NULL, NULL, '', '', NULL, NULL),
(452, '<div>\r\n	Which of the following are correct about the program given below?</div>\r\n<div>\r\n	&nbsp;</div>\r\n<div>\r\n	#include&lt;stdio.h&gt;</div>\r\n<div>\r\n	int main()</div>\r\n<div>\r\n	{</div>\r\n<div>\r\n	&nbsp; &nbsp; int i = 3, j = 4, k, l;</div>\r\n<div>\r\n	&nbsp; &nbsp; k = addmult(i, j);</div>\r\n<div>\r\n	&nbsp; &nbsp; l = addmult(i, j);</div>\r\n<div>\r\n	&nbsp; &nbsp; printf(&quot;%d %d&quot;, k, l); &nbsp; &nbsp;</div>\r\n<div>\r\n	&nbsp; &nbsp; return 0;</div>\r\n<div>\r\n	}</div>\r\n<div>\r\n	&nbsp;</div>\r\n<div>\r\n	int addmult(int ii, int jj);</div>\r\n<div>\r\n	{</div>\r\n<div>\r\n	&nbsp; &nbsp; int kk, ll;</div>\r\n<div>\r\n	&nbsp; &nbsp; kk = ii + jj;</div>\r\n<div>\r\n	&nbsp; &nbsp; ll = ii * jj;</div>\r\n<div>\r\n	&nbsp; &nbsp; return (kk, ll);</div>\r\n<div>\r\n	}</div>', 0, 21, 91, 1, '2015-08-14 19:31:21', 0, NULL, NULL, '', '', NULL, NULL),
(453, '<div>\r\n	Which of the following are correct preprocessors directives in C?</div>', 0, 22, 91, 1, '2015-08-14 19:33:44', 0, NULL, NULL, '', '', NULL, NULL);
INSERT INTO `questions` (`id`, `question_text`, `question_type_id`, `priority`, `quiz_id`, `point`, `added_date`, `parent_id`, `question_total`, `check_total`, `header_text`, `footer_text`, `question_text_eng`, `help_image`) VALUES
(454, '<div>\r\n	Which line in the following program will report an error?</div>\r\n<div>\r\n	&nbsp;</div>\r\n<div>\r\n	1. #include&lt;stdio.h&gt;</div>\r\n<div>\r\n	2. #define CIRCUM(R) (3.14 * R * R);</div>\r\n<div>\r\n	3. int main()</div>\r\n<div>\r\n	4. {</div>\r\n<div>\r\n	5. &nbsp; &nbsp; float r = 1.0, c;</div>\r\n<div>\r\n	6. &nbsp; &nbsp; c = CIRCUM(r);</div>\r\n<div>\r\n	7. &nbsp; &nbsp; printf(&quot;%f\\n&quot;, c);</div>\r\n<div>\r\n	8. &nbsp; &nbsp; if(CIRCUM(r) == 6.28)</div>\r\n<div>\r\n	9. &nbsp; &nbsp; &nbsp; &nbsp; &nbsp;printf(&quot;Vivek&quot;);</div>\r\n<div>\r\n	10. &nbsp; &nbsp;return 0;</div>\r\n<div>\r\n	11. }</div>', 1, 23, 91, 1, '2015-08-14 19:40:34', 0, NULL, NULL, '', '', NULL, NULL),
(455, '<div>\r\n	What will be output of the following program?</div>\r\n<div>\r\n	#include&lt;stdio.h&gt;</div>\r\n<div>\r\n	#define JOIN(s1, s2) printf(&quot;%s=%s %s=%s&quot;, #s1, s1, #s2, s2)</div>\r\n<div>\r\n	&nbsp;</div>\r\n<div>\r\n	int main()</div>\r\n<div>\r\n	{</div>\r\n<div>\r\n	&nbsp; &nbsp; char *str1 = &quot;Vivek&quot;;</div>\r\n<div>\r\n	&nbsp; &nbsp; char *str2 = &quot;Gupta&quot;;</div>\r\n<div>\r\n	&nbsp; &nbsp; JOIN(str1, st2);</div>\r\n<div>\r\n	&nbsp; &nbsp; return 0;</div>\r\n<div>\r\n	}</div>', 3, 24, 91, 1, '2015-08-14 19:45:36', 0, NULL, NULL, '', '', NULL, NULL),
(456, '<div>\r\n	What will be the output of the given program?</div>\r\n<div>\r\n	&nbsp;</div>\r\n<div>\r\n	#include&lt;stdio.h&gt;</div>\r\n<div>\r\n	#define MAX(a,b,c) (a &gt; b ? a &gt; c ? a : c b &gt; c ? b : c)</div>\r\n<div>\r\n	&nbsp;</div>\r\n<div>\r\n	int main()</div>\r\n<div>\r\n	{</div>\r\n<div>\r\n	&nbsp; &nbsp; int x;</div>\r\n<div>\r\n	&nbsp; &nbsp; x = MAX(3 + 2, 2 + 7, 3 + 7);</div>\r\n<div>\r\n	&nbsp; &nbsp; printf(&quot;%d&quot;, x);</div>\r\n<div>\r\n	&nbsp; &nbsp; return 0;</div>\r\n<div>\r\n	}</div>\r\n<div>\r\n	&nbsp;</div>', 1, 25, 91, 1, '2015-08-14 19:50:00', 0, NULL, NULL, '', '', NULL, NULL),
(457, '<p>\r\n	What will be the output of the following program?</p>\r\n<p>\r\n	&nbsp;</p>\r\n<p>\r\n	#include&lt;stdio.h&gt;</p>\r\n<p>\r\n	int main()</p>\r\n<p>\r\n	{</p>\r\n<p>\r\n	&nbsp; &nbsp; int x = 40;</p>\r\n<p>\r\n	&nbsp; &nbsp; {</p>\r\n<p>\r\n	&nbsp; &nbsp; &nbsp; &nbsp; int x = 20;</p>\r\n<p>\r\n	&nbsp; &nbsp; &nbsp; &nbsp; printf(&quot;%d &quot;, x);</p>\r\n<p>\r\n	&nbsp; &nbsp; }</p>\r\n<p>\r\n	&nbsp; &nbsp; printf(&quot;%d&quot;, x);</p>\r\n<p>\r\n	&nbsp; &nbsp; return 0;</p>\r\n<p>\r\n	}</p>', 3, 1, 92, 1, '2015-08-14 19:51:07', 432, NULL, NULL, '', '', NULL, ''),
(458, '<div>\r\n	&nbsp;</div>\r\n<div>\r\n	What will be output of the following program?</div>\r\n<div>\r\n	&nbsp;</div>\r\n<div>\r\n	#include&lt;stdio.h&gt;</div>\r\n<div>\r\n	int main()</div>\r\n<div>\r\n	{</div>\r\n<div>\r\n	&nbsp; &nbsp; extern int i;</div>\r\n<div>\r\n	&nbsp; &nbsp; i = 20;&nbsp;</div>\r\n<div>\r\n	&nbsp; &nbsp; printf(&quot;%d\\n&quot;, sizeof(i));</div>\r\n<div>\r\n	&nbsp; &nbsp; return 0;</div>\r\n<div>\r\n	}</div>\r\n<div>\r\n	&nbsp;</div>\r\n<div>\r\n	&nbsp;</div>', 1, 2, 92, 1, '2015-08-14 19:51:07', 433, NULL, NULL, '', '', NULL, ''),
(459, '<div>\r\n	Which of the following is the correct output for the program given below?</div>\r\n<div>\r\n	&nbsp;</div>\r\n<div>\r\n	#include&lt;stdio.h&gt;</div>\r\n<div>\r\n	int main()</div>\r\n<div>\r\n	{</div>\r\n<div>\r\n	&nbsp; &nbsp; extern int a;</div>\r\n<div>\r\n	&nbsp; &nbsp; printf(&quot;%d\\n&quot;, a);</div>\r\n<div>\r\n	&nbsp; &nbsp; return 0;</div>\r\n<div>\r\n	}</div>\r\n<div>\r\n	&nbsp;</div>\r\n<div>\r\n	int a = 20;</div>\r\n<div>\r\n	&nbsp;</div>', 1, 3, 92, 1, '2015-08-14 19:51:07', 434, NULL, NULL, '', '', NULL, ''),
(460, '<div>\r\n	<div>\r\n		In the program given below, point out the error, if any, in the for loop</div>\r\n	<div>\r\n		&nbsp;</div>\r\n</div>\r\n<div>\r\n	&nbsp;</div>\r\n<div>\r\n	#include&lt;stdio.h&gt;</div>\r\n<div>\r\n	int main()</div>\r\n<div>\r\n	{</div>\r\n<div>\r\n	&nbsp; &nbsp; int i = 1;</div>\r\n<div>\r\n	&nbsp; &nbsp; for(;;)</div>\r\n<div>\r\n	&nbsp; &nbsp; {</div>\r\n<div>\r\n	&nbsp; &nbsp; &nbsp; &nbsp; &nbsp;printf(&quot;%d\\n&quot;, i++);</div>\r\n<div>\r\n	&nbsp; &nbsp; &nbsp; &nbsp; &nbsp;if(i &gt; 10)</div>\r\n<div>\r\n	&nbsp; &nbsp; &nbsp; &nbsp; &nbsp;break;</div>\r\n<div>\r\n	&nbsp; &nbsp; &nbsp;}</div>\r\n<div>\r\n	&nbsp;</div>\r\n<div>\r\n	&nbsp; &nbsp; return 0;</div>\r\n<div>\r\n	}</div>\r\n<div>\r\n	&nbsp;</div>\r\n<div>\r\n	<div>\r\n		A. There should be a condition in the for loop</div>\r\n	<div>\r\n		B. The two semicolons should be dropped.</div>\r\n	<div>\r\n		C. The for loop should be replaced by a while loop.</div>\r\n	<div>\r\n		D. No error</div>\r\n</div>\r\n<div>\r\n	&nbsp;</div>', 0, 4, 92, 1, '2015-08-14 19:51:07', 435, NULL, NULL, '', '', NULL, ''),
(461, '<div>\r\n	Which of the following iis the correct output for the program given below?</div>\r\n<div>\r\n	&nbsp;</div>\r\n<div>\r\n	#include&lt;stdio.h&gt;</div>\r\n<div>\r\n	int main()</div>\r\n<div>\r\n	{</div>\r\n<div>\r\n	&nbsp; &nbsp; int i = 1;</div>\r\n<div>\r\n	&nbsp; &nbsp; switch(i)</div>\r\n<div>\r\n	&nbsp; &nbsp; {</div>\r\n<div>\r\n	&nbsp; &nbsp; &nbsp; &nbsp; printf(&quot;Hello\\n&quot;);</div>\r\n<div>\r\n	&nbsp; &nbsp; &nbsp; &nbsp; case 1:</div>\r\n<div>\r\n	&nbsp; &nbsp;&nbsp;&nbsp; &nbsp;&nbsp;&nbsp; &nbsp;&nbsp;printf(&quot;Hi\\n&quot;);</div>\r\n<div>\r\n	&nbsp; &nbsp;&nbsp;&nbsp; &nbsp;&nbsp;&nbsp; &nbsp;&nbsp;break;</div>\r\n<div>\r\n	&nbsp; &nbsp;&nbsp;&nbsp; &nbsp;&nbsp;case 2:</div>\r\n<div>\r\n	&nbsp; &nbsp;&nbsp;&nbsp; &nbsp;&nbsp;&nbsp; &nbsp;&nbsp;printf(&quot;\\nBye\\n&quot;);</div>\r\n<div>\r\n	&nbsp; &nbsp;&nbsp;&nbsp; &nbsp;&nbsp;&nbsp; &nbsp;&nbsp;break;</div>\r\n<div>\r\n	&nbsp; &nbsp;&nbsp;}</div>\r\n<div>\r\n	&nbsp;</div>\r\n<div>\r\n	&nbsp; &nbsp;&nbsp;return 0;</div>\r\n<div>\r\n	}</div>', 1, 5, 92, 1, '2015-08-14 19:51:07', 436, NULL, NULL, '', '', NULL, ''),
(462, '<div>\r\n	Which of the following errors would be reported by the compiler on compiling the program given below?</div>\r\n<div>\r\n	&nbsp;</div>\r\n<div>\r\n	&nbsp;</div>\r\n<div>\r\n	#include&lt;stdio.h&gt;</div>\r\n<div>\r\n	&nbsp;</div>\r\n<div>\r\n	int main()</div>\r\n<div>\r\n	{</div>\r\n<div>\r\n	&nbsp; &nbsp; int n;</div>\r\n<div>\r\n	&nbsp; &nbsp;&nbsp;int a = 5;</div>\r\n<div>\r\n	&nbsp; &nbsp;&nbsp;scanf(&quot;%d&quot;, &amp;n);</div>\r\n<div>\r\n	&nbsp; &nbsp;&nbsp;switch(a)</div>\r\n<div>\r\n	&nbsp; &nbsp;&nbsp;{</div>\r\n<div>\r\n	&nbsp; &nbsp;&nbsp;&nbsp; &nbsp;&nbsp;case 1 :</div>\r\n<div>\r\n	&nbsp; &nbsp;&nbsp;&nbsp; &nbsp;&nbsp;&nbsp; &nbsp;&nbsp;...</div>\r\n<div>\r\n	&nbsp; &nbsp;&nbsp;&nbsp; &nbsp;&nbsp;case 2 :</div>\r\n<div>\r\n	&nbsp; &nbsp;&nbsp;&nbsp; &nbsp;&nbsp;&nbsp; &nbsp;&nbsp;...</div>\r\n<div>\r\n	&nbsp; &nbsp;&nbsp;&nbsp; &nbsp;&nbsp;case 3 + 5 :</div>\r\n<div>\r\n	&nbsp; &nbsp;&nbsp;&nbsp; &nbsp;&nbsp;&nbsp; &nbsp;&nbsp;...</div>\r\n<div>\r\n	&nbsp; &nbsp;&nbsp;&nbsp; &nbsp;&nbsp;case a :&nbsp;</div>\r\n<div>\r\n	&nbsp; &nbsp;&nbsp;&nbsp; &nbsp;&nbsp;&nbsp; &nbsp;&nbsp;...</div>\r\n<div>\r\n	&nbsp; &nbsp;&nbsp;}</div>\r\n<div>\r\n	&nbsp;</div>\r\n<div>\r\n	&nbsp; &nbsp;&nbsp;return 0;</div>\r\n<div>\r\n	}</div>', 0, 6, 92, 1, '2015-08-14 19:51:07', 437, NULL, NULL, '', '', NULL, ''),
(463, '<div>\r\n	Which of the following is the correct output for the program given below?</div>\r\n<div>\r\n	#include&lt;stdio.h&gt;</div>\r\n<div>\r\n	int main()</div>\r\n<div>\r\n	{</div>\r\n<div>\r\n	&nbsp; &nbsp; int i = 5;</div>\r\n<div>\r\n	&nbsp; &nbsp; while(i-- &gt;= 0) printf(&quot;%d &quot;, i);</div>\r\n<div>\r\n	&nbsp; &nbsp; i = 5;</div>\r\n<div>\r\n	&nbsp; &nbsp; printf(&quot;\\n&quot;);</div>\r\n<div>\r\n	&nbsp; &nbsp; while(i-- &gt;= 0) printf(&quot;%i &quot;, i);</div>\r\n<div>\r\n	&nbsp; &nbsp; printf(&quot;\\n&quot;);</div>\r\n<div>\r\n	&nbsp; &nbsp; while(i-- &gt;= 0) printf(&quot;%d &quot;, i);</div>\r\n<div>\r\n	&nbsp; &nbsp; printf(&quot;\\n&quot;);</div>\r\n<div>\r\n	&nbsp; &nbsp; return 0;</div>\r\n<div>\r\n	}</div>', 1, 7, 92, 1, '2015-08-14 19:51:07', 438, NULL, NULL, '', '', NULL, ''),
(464, '<div>\r\n	What will be the output of the following program?</div>\r\n<div>\r\n	&nbsp;</div>\r\n<div>\r\n	#include&lt;stdio.h&gt;</div>\r\n<div>\r\n	int main()</div>\r\n<div>\r\n	{</div>\r\n<div>\r\n	&nbsp; &nbsp; int a = 10, b;</div>\r\n<div>\r\n	&nbsp; &nbsp; a &gt;= 5 ? b = 100 : b = 200;</div>\r\n<div>\r\n	&nbsp; &nbsp; printf(&quot;%d\\n&quot;, b);</div>\r\n<div>\r\n	&nbsp; &nbsp; return 0;</div>\r\n<div>\r\n	}</div>\r\n<div>\r\n	&nbsp;</div>', 1, 8, 92, 1, '2015-08-14 19:51:07', 439, NULL, NULL, '', '', NULL, ''),
(465, '<div>\r\n	#include&lt;stdio.h&gt;</div>\r\n<div>\r\n	int main()</div>\r\n<div>\r\n	{</div>\r\n<div>\r\n	&nbsp; &nbsp; unsigned int i = 65535;</div>\r\n<div>\r\n	&nbsp; &nbsp; while(i++ != 0)</div>\r\n<div>\r\n	&nbsp; &nbsp; {</div>\r\n<div>\r\n	&nbsp; &nbsp; &nbsp; &nbsp; printf(&quot;%d &quot;, ++i);</div>\r\n<div>\r\n	&nbsp; &nbsp; }</div>\r\n<div>\r\n	&nbsp; &nbsp; printf(&quot;\\n&quot;);</div>\r\n<div>\r\n	&nbsp; &nbsp; return 0;</div>\r\n<div>\r\n	}</div>\r\n<div>\r\n	&nbsp;</div>\r\n<div>\r\n	A. Infinite Loop</div>\r\n<div>\r\n	B. 0 1 2 ... 65535</div>\r\n<div>\r\n	C. 1 2 ... 32767 -32766 -32765 ... -1 0</div>\r\n<div>\r\n	D. No output &nbsp; &nbsp;&nbsp;</div>', 1, 9, 92, 1, '2015-08-14 19:51:07', 440, NULL, NULL, '', '', NULL, ''),
(466, '<div>\r\n	#include&lt;stdio.h&gt;</div>\r\n<div>\r\n	int main()</div>\r\n<div>\r\n	{</div>\r\n<div>\r\n	&nbsp; &nbsp; int x = y = 40;</div>\r\n<div>\r\n	&nbsp; &nbsp; if(x == y)</div>\r\n<div>\r\n	&nbsp; &nbsp; &nbsp; &nbsp; printf(&quot;x is equal to y\\n&quot;);</div>\r\n<div>\r\n	&nbsp; &nbsp; else if(x &gt; y)</div>\r\n<div>\r\n	&nbsp; &nbsp; &nbsp; &nbsp; printf(&quot;x is greater than y\\n&quot;);</div>\r\n<div>\r\n	&nbsp; &nbsp; else if(x &lt; y)</div>\r\n<div>\r\n	&nbsp; &nbsp; &nbsp; &nbsp; printf(&quot;x is less than y\\n&quot;);</div>\r\n<div>\r\n	&nbsp; &nbsp; return 0;</div>\r\n<div>\r\n	} <span class="Apple-tab-span" style="white-space:pre"> </span></div>\r\n<div>\r\n	&nbsp;</div>', 1, 10, 92, 1, '2015-08-14 19:51:07', 441, NULL, NULL, '', '', NULL, ''),
(467, '<div>\r\n	What will be the output of the following program?</div>\r\n<div>\r\n	&nbsp;</div>\r\n<div>\r\n	#include&lt;stdio.h&gt;</div>\r\n<div>\r\n	int main()</div>\r\n<div>\r\n	{</div>\r\n<div>\r\n	&nbsp; &nbsp; int x, y, z;</div>\r\n<div>\r\n	&nbsp; &nbsp; x = y = z = 1;</div>\r\n<div>\r\n	&nbsp; &nbsp; z = ++x || ++y || ++z;&nbsp;</div>\r\n<div>\r\n	&nbsp; &nbsp; printf(&quot;%d %d %d&quot;, x, y, z);</div>\r\n<div>\r\n	&nbsp; &nbsp; return 0;</div>\r\n<div>\r\n	}&nbsp;</div>', 1, 11, 92, 1, '2015-08-14 19:51:07', 442, NULL, NULL, '', '', NULL, ''),
(468, '<div>\r\n	Which of the following statements are correct about a for loop used in C program?</div>\r\n<div>\r\n	&nbsp;</div>', 0, 12, 92, 1, '2015-08-14 19:51:07', 443, NULL, NULL, '', '', NULL, ''),
(469, '<div>\r\n	Which of the following statements are correct about a switch statement in C program?</div>\r\n<div>\r\n	&nbsp;</div>', 0, 13, 92, 1, '2015-08-14 19:51:07', 444, NULL, NULL, '', '', NULL, ''),
(470, '<div>\r\n	Which of the following are unanry operators in C?</div>\r\n<div>\r\n	&nbsp;</div>', 0, 14, 92, 1, '2015-08-14 19:51:07', 445, NULL, NULL, '', '', NULL, ''),
(471, '<div>\r\n	What will be output of the following program?</div>\r\n<div>\r\n	#include&lt;stdio.h&gt;</div>\r\n<div>\r\n	int main()</div>\r\n<div>\r\n	{</div>\r\n<div>\r\n	&nbsp; &nbsp; int i = 2;</div>\r\n<div>\r\n	&nbsp; &nbsp; printf(&quot;%d %d\\n&quot;, ++i, ++i);</div>\r\n<div>\r\n	&nbsp; &nbsp; return 0;</div>\r\n<div>\r\n	}</div>\r\n<div>\r\n	&nbsp;</div>', 1, 15, 92, 1, '2015-08-14 19:51:07', 446, NULL, NULL, '', '', NULL, ''),
(472, '<div>\r\n	Which of the following is the correct output for the program given below?</div>\r\n<div>\r\n	&nbsp;</div>\r\n<div>\r\n	#include&lt;stdio.h&gt;</div>\r\n<div>\r\n	int main()</div>\r\n<div>\r\n	{</div>\r\n<div>\r\n	&nbsp; &nbsp; double d = 2.25;</div>\r\n<div>\r\n	&nbsp; &nbsp; printf(&quot;%e &quot;, d);</div>\r\n<div>\r\n	&nbsp; &nbsp; printf(&quot;%f &quot;, d);</div>\r\n<div>\r\n	&nbsp; &nbsp; printf(&quot;%g &quot;, d);</div>\r\n<div>\r\n	&nbsp; &nbsp; printf(&quot;%lf\\n&quot;, d);</div>\r\n<div>\r\n	&nbsp; &nbsp; return 0;</div>\r\n<div>\r\n	}</div>', 1, 16, 92, 1, '2015-08-14 19:51:07', 447, NULL, NULL, '', '', NULL, ''),
(473, '<div>\r\n	Which of the following is the correct output for the program given below?</div>\r\n<div>\r\n	&nbsp;</div>\r\n<div>\r\n	#include&lt;stdio.h&gt;</div>\r\n<div>\r\n	int main()</div>\r\n<div>\r\n	{</div>\r\n<div>\r\n	&nbsp; &nbsp; float a = 0.7;</div>\r\n<div>\r\n	&nbsp; &nbsp; if(a &lt; 0.7)</div>\r\n<div>\r\n	&nbsp; &nbsp; &nbsp; &nbsp; printf(&quot;Vivek\\n&quot;);</div>\r\n<div>\r\n	&nbsp; &nbsp; else</div>\r\n<div>\r\n	&nbsp; &nbsp; &nbsp; &nbsp; printf(&quot;Gupta\\n&quot;);</div>\r\n<div>\r\n	&nbsp; &nbsp;&nbsp;</div>\r\n<div>\r\n	&nbsp; &nbsp; return 0;</div>\r\n<div>\r\n	}</div>\r\n<div>\r\n	&nbsp;</div>', 1, 17, 92, 1, '2015-08-14 19:51:07', 448, NULL, NULL, '', '', NULL, ''),
(474, '<div>\r\n	What will be following function give on compilation?</div>\r\n<div>\r\n	&nbsp;</div>\r\n<div>\r\n	f(int a, int b)</div>\r\n<div>\r\n	{</div>\r\n<div>\r\n	&nbsp; &nbsp; int a;</div>\r\n<div>\r\n	&nbsp; &nbsp; a = 20;</div>\r\n<div>\r\n	&nbsp; &nbsp; return a;</div>\r\n<div>\r\n	}</div>', 0, 18, 92, 1, '2015-08-14 19:51:07', 449, NULL, NULL, '', '', NULL, ''),
(475, '<div>\r\n	Point out the error, if any, in the following function.</div>\r\n<div>\r\n	&nbsp;</div>\r\n<div>\r\n	#include&lt;stdio.h&gt;</div>\r\n<div>\r\n	int main()</div>\r\n<div>\r\n	{&nbsp;</div>\r\n<div>\r\n	&nbsp; &nbsp; int f(int);</div>\r\n<div>\r\n	&nbsp; &nbsp; int b;</div>\r\n<div>\r\n	&nbsp; &nbsp; b=f(20);</div>\r\n<div>\r\n	&nbsp; &nbsp; printf(&quot;%d\\n&quot;,b);</div>\r\n<div>\r\n	&nbsp; &nbsp; return 0;</div>\r\n<div>\r\n	}</div>\r\n<div>\r\n	int f(int a)</div>\r\n<div>\r\n	{</div>\r\n<div>\r\n	&nbsp; &nbsp; a&gt;20? return(10):return(20);</div>\r\n<div>\r\n	}</div>', 1, 19, 92, 1, '2015-08-14 19:51:07', 450, NULL, NULL, '', '', NULL, ''),
(476, '<div>\r\n	What will be ouput of the following program?</div>\r\n<div>\r\n	&nbsp;</div>\r\n<div>\r\n	#include&lt;stdio.h&gt;</div>\r\n<div>\r\n	int func1(int);</div>\r\n<div>\r\n	int main()</div>\r\n<div>\r\n	{</div>\r\n<div>\r\n	&nbsp; &nbsp; int k = 35;</div>\r\n<div>\r\n	&nbsp; &nbsp; k = func1(k = func1( k = func1(k)));</div>\r\n<div>\r\n	&nbsp; &nbsp; printf(&quot;%d\\n&quot;, k);</div>\r\n<div>\r\n	&nbsp; &nbsp; return 0;</div>\r\n<div>\r\n	}</div>\r\n<div>\r\n	&nbsp;</div>\r\n<div>\r\n	&nbsp;</div>\r\n<div>\r\n	int func1(int k)</div>\r\n<div>\r\n	{</div>\r\n<div>\r\n	&nbsp; &nbsp; k++;</div>\r\n<div>\r\n	&nbsp; &nbsp; return k;</div>\r\n<div>\r\n	}</div>\r\n<div>\r\n	&nbsp;</div>\r\n<div>\r\n	&nbsp;</div>', 1, 20, 92, 1, '2015-08-14 19:51:07', 451, NULL, NULL, '', '', NULL, ''),
(477, '<div>\r\n	Which of the following are correct about the program given below?</div>\r\n<div>\r\n	&nbsp;</div>\r\n<div>\r\n	#include&lt;stdio.h&gt;</div>\r\n<div>\r\n	int main()</div>\r\n<div>\r\n	{</div>\r\n<div>\r\n	&nbsp; &nbsp; int i = 3, j = 4, k, l;</div>\r\n<div>\r\n	&nbsp; &nbsp; k = addmult(i, j);</div>\r\n<div>\r\n	&nbsp; &nbsp; l = addmult(i, j);</div>\r\n<div>\r\n	&nbsp; &nbsp; printf(&quot;%d %d&quot;, k, l); &nbsp; &nbsp;</div>\r\n<div>\r\n	&nbsp; &nbsp; return 0;</div>\r\n<div>\r\n	}</div>\r\n<div>\r\n	&nbsp;</div>\r\n<div>\r\n	int addmult(int ii, int jj);</div>\r\n<div>\r\n	{</div>\r\n<div>\r\n	&nbsp; &nbsp; int kk, ll;</div>\r\n<div>\r\n	&nbsp; &nbsp; kk = ii + jj;</div>\r\n<div>\r\n	&nbsp; &nbsp; ll = ii * jj;</div>\r\n<div>\r\n	&nbsp; &nbsp; return (kk, ll);</div>\r\n<div>\r\n	}</div>', 0, 21, 92, 1, '2015-08-14 19:51:07', 452, NULL, NULL, '', '', NULL, ''),
(478, '<div>\r\n	Which of the following are correct preprocessors directives in C?</div>', 0, 22, 92, 1, '2015-08-14 19:51:07', 453, NULL, NULL, '', '', NULL, ''),
(479, '<div>\r\n	Which line in the following program will report an error?</div>\r\n<div>\r\n	&nbsp;</div>\r\n<div>\r\n	1. #include&lt;stdio.h&gt;</div>\r\n<div>\r\n	2. #define CIRCUM(R) (3.14 * R * R);</div>\r\n<div>\r\n	3. int main()</div>\r\n<div>\r\n	4. {</div>\r\n<div>\r\n	5. &nbsp; &nbsp; float r = 1.0, c;</div>\r\n<div>\r\n	6. &nbsp; &nbsp; c = CIRCUM(r);</div>\r\n<div>\r\n	7. &nbsp; &nbsp; printf(&quot;%f\\n&quot;, c);</div>\r\n<div>\r\n	8. &nbsp; &nbsp; if(CIRCUM(r) == 6.28)</div>\r\n<div>\r\n	9. &nbsp; &nbsp; &nbsp; &nbsp; &nbsp;printf(&quot;Vivek&quot;);</div>\r\n<div>\r\n	10. &nbsp; &nbsp;return 0;</div>\r\n<div>\r\n	11. }</div>', 1, 23, 92, 1, '2015-08-14 19:51:07', 454, NULL, NULL, '', '', NULL, ''),
(480, '<div>\r\n	What will be output of the following program?</div>\r\n<div>\r\n	#include&lt;stdio.h&gt;</div>\r\n<div>\r\n	#define JOIN(s1, s2) printf(&quot;%s=%s %s=%s&quot;, #s1, s1, #s2, s2)</div>\r\n<div>\r\n	&nbsp;</div>\r\n<div>\r\n	int main()</div>\r\n<div>\r\n	{</div>\r\n<div>\r\n	&nbsp; &nbsp; char *str1 = &quot;Vivek&quot;;</div>\r\n<div>\r\n	&nbsp; &nbsp; char *str2 = &quot;Gupta&quot;;</div>\r\n<div>\r\n	&nbsp; &nbsp; JOIN(str1, st2);</div>\r\n<div>\r\n	&nbsp; &nbsp; return 0;</div>\r\n<div>\r\n	}</div>', 3, 24, 92, 1, '2015-08-14 19:51:07', 455, NULL, NULL, '', '', NULL, ''),
(481, '<div>\r\n	What will be the output of the given program?</div>\r\n<div>\r\n	&nbsp;</div>\r\n<div>\r\n	#include&lt;stdio.h&gt;</div>\r\n<div>\r\n	#define MAX(a,b,c) (a &gt; b ? a &gt; c ? a : c b &gt; c ? b : c)</div>\r\n<div>\r\n	&nbsp;</div>\r\n<div>\r\n	int main()</div>\r\n<div>\r\n	{</div>\r\n<div>\r\n	&nbsp; &nbsp; int x;</div>\r\n<div>\r\n	&nbsp; &nbsp; x = MAX(3 + 2, 2 + 7, 3 + 7);</div>\r\n<div>\r\n	&nbsp; &nbsp; printf(&quot;%d&quot;, x);</div>\r\n<div>\r\n	&nbsp; &nbsp; return 0;</div>\r\n<div>\r\n	}</div>\r\n<div>\r\n	&nbsp;</div>', 1, 25, 92, 1, '2015-08-14 19:51:07', 456, NULL, NULL, '', '', NULL, ''),
(482, '<p>\r\n	What will be the output of the following program?</p>\r\n<p>\r\n	&nbsp;</p>\r\n<p>\r\n	#include&lt;stdio.h&gt;</p>\r\n<p>\r\n	int main()</p>\r\n<p>\r\n	{</p>\r\n<p>\r\n	&nbsp; &nbsp; int x = 40;</p>\r\n<p>\r\n	&nbsp; &nbsp; {</p>\r\n<p>\r\n	&nbsp; &nbsp; &nbsp; &nbsp; int x = 20;</p>\r\n<p>\r\n	&nbsp; &nbsp; &nbsp; &nbsp; printf(&quot;%d &quot;, x);</p>\r\n<p>\r\n	&nbsp; &nbsp; }</p>\r\n<p>\r\n	&nbsp; &nbsp; printf(&quot;%d&quot;, x);</p>\r\n<p>\r\n	&nbsp; &nbsp; return 0;</p>\r\n<p>\r\n	}</p>', 3, 1, 93, 1, '2015-08-14 19:57:16', 432, NULL, NULL, '', '', NULL, ''),
(483, '<div>\r\n	&nbsp;</div>\r\n<div>\r\n	What will be output of the following program?</div>\r\n<div>\r\n	&nbsp;</div>\r\n<div>\r\n	#include&lt;stdio.h&gt;</div>\r\n<div>\r\n	int main()</div>\r\n<div>\r\n	{</div>\r\n<div>\r\n	&nbsp; &nbsp; extern int i;</div>\r\n<div>\r\n	&nbsp; &nbsp; i = 20;&nbsp;</div>\r\n<div>\r\n	&nbsp; &nbsp; printf(&quot;%d\\n&quot;, sizeof(i));</div>\r\n<div>\r\n	&nbsp; &nbsp; return 0;</div>\r\n<div>\r\n	}</div>\r\n<div>\r\n	&nbsp;</div>\r\n<div>\r\n	&nbsp;</div>', 1, 2, 93, 1, '2015-08-14 19:57:16', 433, NULL, NULL, '', '', NULL, ''),
(484, '<div>\r\n	Which of the following is the correct output for the program given below?</div>\r\n<div>\r\n	&nbsp;</div>\r\n<div>\r\n	#include&lt;stdio.h&gt;</div>\r\n<div>\r\n	int main()</div>\r\n<div>\r\n	{</div>\r\n<div>\r\n	&nbsp; &nbsp; extern int a;</div>\r\n<div>\r\n	&nbsp; &nbsp; printf(&quot;%d\\n&quot;, a);</div>\r\n<div>\r\n	&nbsp; &nbsp; return 0;</div>\r\n<div>\r\n	}</div>\r\n<div>\r\n	&nbsp;</div>\r\n<div>\r\n	int a = 20;</div>\r\n<div>\r\n	&nbsp;</div>', 1, 3, 93, 1, '2015-08-14 19:57:16', 434, NULL, NULL, '', '', NULL, ''),
(485, '<div>\r\n	<div>\r\n		In the program given below, point out the error, if any, in the for loop</div>\r\n	<div>\r\n		&nbsp;</div>\r\n</div>\r\n<div>\r\n	&nbsp;</div>\r\n<div>\r\n	#include&lt;stdio.h&gt;</div>\r\n<div>\r\n	int main()</div>\r\n<div>\r\n	{</div>\r\n<div>\r\n	&nbsp; &nbsp; int i = 1;</div>\r\n<div>\r\n	&nbsp; &nbsp; for(;;)</div>\r\n<div>\r\n	&nbsp; &nbsp; {</div>\r\n<div>\r\n	&nbsp; &nbsp; &nbsp; &nbsp; &nbsp;printf(&quot;%d\\n&quot;, i++);</div>\r\n<div>\r\n	&nbsp; &nbsp; &nbsp; &nbsp; &nbsp;if(i &gt; 10)</div>\r\n<div>\r\n	&nbsp; &nbsp; &nbsp; &nbsp; &nbsp;break;</div>\r\n<div>\r\n	&nbsp; &nbsp; &nbsp;}</div>\r\n<div>\r\n	&nbsp;</div>\r\n<div>\r\n	&nbsp; &nbsp; return 0;</div>\r\n<div>\r\n	}</div>\r\n<div>\r\n	&nbsp;</div>', 0, 4, 93, 1, '2015-08-14 19:57:16', 435, NULL, NULL, '', '', NULL, ''),
(486, '<div>\r\n	Which of the following iis the correct output for the program given below?</div>\r\n<div>\r\n	&nbsp;</div>\r\n<div>\r\n	#include&lt;stdio.h&gt;</div>\r\n<div>\r\n	int main()</div>\r\n<div>\r\n	{</div>\r\n<div>\r\n	&nbsp; &nbsp; int i = 1;</div>\r\n<div>\r\n	&nbsp; &nbsp; switch(i)</div>\r\n<div>\r\n	&nbsp; &nbsp; {</div>\r\n<div>\r\n	&nbsp; &nbsp; &nbsp; &nbsp; printf(&quot;Hello\\n&quot;);</div>\r\n<div>\r\n	&nbsp; &nbsp; &nbsp; &nbsp; case 1:</div>\r\n<div>\r\n	&nbsp; &nbsp;&nbsp;&nbsp; &nbsp;&nbsp;&nbsp; &nbsp;&nbsp;printf(&quot;Hi\\n&quot;);</div>\r\n<div>\r\n	&nbsp; &nbsp;&nbsp;&nbsp; &nbsp;&nbsp;&nbsp; &nbsp;&nbsp;break;</div>\r\n<div>\r\n	&nbsp; &nbsp;&nbsp;&nbsp; &nbsp;&nbsp;case 2:</div>\r\n<div>\r\n	&nbsp; &nbsp;&nbsp;&nbsp; &nbsp;&nbsp;&nbsp; &nbsp;&nbsp;printf(&quot;\\nBye\\n&quot;);</div>\r\n<div>\r\n	&nbsp; &nbsp;&nbsp;&nbsp; &nbsp;&nbsp;&nbsp; &nbsp;&nbsp;break;</div>\r\n<div>\r\n	&nbsp; &nbsp;&nbsp;}</div>\r\n<div>\r\n	&nbsp;</div>\r\n<div>\r\n	&nbsp; &nbsp;&nbsp;return 0;</div>\r\n<div>\r\n	}</div>', 1, 5, 93, 1, '2015-08-14 19:57:16', 436, NULL, NULL, '', '', NULL, ''),
(487, '<div>\r\n	Which of the following errors would be reported by the compiler on compiling the program given below?</div>\r\n<div>\r\n	&nbsp;</div>\r\n<div>\r\n	&nbsp;</div>\r\n<div>\r\n	#include&lt;stdio.h&gt;</div>\r\n<div>\r\n	&nbsp;</div>\r\n<div>\r\n	int main()</div>\r\n<div>\r\n	{</div>\r\n<div>\r\n	&nbsp; &nbsp; int n;</div>\r\n<div>\r\n	&nbsp; &nbsp;&nbsp;int a = 5;</div>\r\n<div>\r\n	&nbsp; &nbsp;&nbsp;scanf(&quot;%d&quot;, &amp;n);</div>\r\n<div>\r\n	&nbsp; &nbsp;&nbsp;switch(a)</div>\r\n<div>\r\n	&nbsp; &nbsp;&nbsp;{</div>\r\n<div>\r\n	&nbsp; &nbsp;&nbsp;&nbsp; &nbsp;&nbsp;case 1 :</div>\r\n<div>\r\n	&nbsp; &nbsp;&nbsp;&nbsp; &nbsp;&nbsp;&nbsp; &nbsp;&nbsp;...</div>\r\n<div>\r\n	&nbsp; &nbsp;&nbsp;&nbsp; &nbsp;&nbsp;case 2 :</div>\r\n<div>\r\n	&nbsp; &nbsp;&nbsp;&nbsp; &nbsp;&nbsp;&nbsp; &nbsp;&nbsp;...</div>\r\n<div>\r\n	&nbsp; &nbsp;&nbsp;&nbsp; &nbsp;&nbsp;case 3 + 5 :</div>\r\n<div>\r\n	&nbsp; &nbsp;&nbsp;&nbsp; &nbsp;&nbsp;&nbsp; &nbsp;&nbsp;...</div>\r\n<div>\r\n	&nbsp; &nbsp;&nbsp;&nbsp; &nbsp;&nbsp;case a :&nbsp;</div>\r\n<div>\r\n	&nbsp; &nbsp;&nbsp;&nbsp; &nbsp;&nbsp;&nbsp; &nbsp;&nbsp;...</div>\r\n<div>\r\n	&nbsp; &nbsp;&nbsp;}</div>\r\n<div>\r\n	&nbsp;</div>\r\n<div>\r\n	&nbsp; &nbsp;&nbsp;return 0;</div>\r\n<div>\r\n	}</div>', 0, 6, 93, 1, '2015-08-14 19:57:16', 437, NULL, NULL, '', '', NULL, ''),
(488, '<div>\r\n	Which of the following is the correct output for the program given below?</div>\r\n<div>\r\n	#include&lt;stdio.h&gt;</div>\r\n<div>\r\n	int main()</div>\r\n<div>\r\n	{</div>\r\n<div>\r\n	&nbsp; &nbsp; int i = 5;</div>\r\n<div>\r\n	&nbsp; &nbsp; while(i-- &gt;= 0) printf(&quot;%d &quot;, i);</div>\r\n<div>\r\n	&nbsp; &nbsp; i = 5;</div>\r\n<div>\r\n	&nbsp; &nbsp; printf(&quot;\\n&quot;);</div>\r\n<div>\r\n	&nbsp; &nbsp; while(i-- &gt;= 0) printf(&quot;%i &quot;, i);</div>\r\n<div>\r\n	&nbsp; &nbsp; printf(&quot;\\n&quot;);</div>\r\n<div>\r\n	&nbsp; &nbsp; while(i-- &gt;= 0) printf(&quot;%d &quot;, i);</div>\r\n<div>\r\n	&nbsp; &nbsp; printf(&quot;\\n&quot;);</div>\r\n<div>\r\n	&nbsp; &nbsp; return 0;</div>\r\n<div>\r\n	}</div>', 1, 7, 93, 1, '2015-08-14 19:57:16', 438, NULL, NULL, '', '', NULL, ''),
(489, '<div>\r\n	What will be the output of the following program?</div>\r\n<div>\r\n	&nbsp;</div>\r\n<div>\r\n	#include&lt;stdio.h&gt;</div>\r\n<div>\r\n	int main()</div>\r\n<div>\r\n	{</div>\r\n<div>\r\n	&nbsp; &nbsp; int a = 10, b;</div>\r\n<div>\r\n	&nbsp; &nbsp; a &gt;= 5 ? b = 100 : b = 200;</div>\r\n<div>\r\n	&nbsp; &nbsp; printf(&quot;%d\\n&quot;, b);</div>\r\n<div>\r\n	&nbsp; &nbsp; return 0;</div>\r\n<div>\r\n	}</div>\r\n<div>\r\n	&nbsp;</div>', 1, 8, 93, 1, '2015-08-14 19:57:16', 439, NULL, NULL, '', '', NULL, ''),
(490, '<div>\r\n	#include&lt;stdio.h&gt;</div>\r\n<div>\r\n	int main()</div>\r\n<div>\r\n	{</div>\r\n<div>\r\n	&nbsp; &nbsp; unsigned int i = 65535;</div>\r\n<div>\r\n	&nbsp; &nbsp; while(i++ != 0)</div>\r\n<div>\r\n	&nbsp; &nbsp; {</div>\r\n<div>\r\n	&nbsp; &nbsp; &nbsp; &nbsp; printf(&quot;%d &quot;, ++i);</div>\r\n<div>\r\n	&nbsp; &nbsp; }</div>\r\n<div>\r\n	&nbsp; &nbsp; printf(&quot;\\n&quot;);</div>\r\n<div>\r\n	&nbsp; &nbsp; return 0;</div>\r\n<div>\r\n	}</div>\r\n<div>\r\n	&nbsp;</div>', 1, 9, 93, 1, '2015-08-14 19:57:16', 440, NULL, NULL, '', '', NULL, ''),
(491, '<div>\r\n	#include&lt;stdio.h&gt;</div>\r\n<div>\r\n	int main()</div>\r\n<div>\r\n	{</div>\r\n<div>\r\n	&nbsp; &nbsp; int x = y = 40;</div>\r\n<div>\r\n	&nbsp; &nbsp; if(x == y)</div>\r\n<div>\r\n	&nbsp; &nbsp; &nbsp; &nbsp; printf(&quot;x is equal to y\\n&quot;);</div>\r\n<div>\r\n	&nbsp; &nbsp; else if(x &gt; y)</div>\r\n<div>\r\n	&nbsp; &nbsp; &nbsp; &nbsp; printf(&quot;x is greater than y\\n&quot;);</div>\r\n<div>\r\n	&nbsp; &nbsp; else if(x &lt; y)</div>\r\n<div>\r\n	&nbsp; &nbsp; &nbsp; &nbsp; printf(&quot;x is less than y\\n&quot;);</div>\r\n<div>\r\n	&nbsp; &nbsp; return 0;</div>\r\n<div>\r\n	} <span class="Apple-tab-span" style="white-space:pre"> </span></div>\r\n<div>\r\n	&nbsp;</div>', 1, 10, 93, 1, '2015-08-14 19:57:16', 441, NULL, NULL, '', '', NULL, ''),
(492, '<div>\r\n	What will be the output of the following program?</div>\r\n<div>\r\n	&nbsp;</div>\r\n<div>\r\n	#include&lt;stdio.h&gt;</div>\r\n<div>\r\n	int main()</div>\r\n<div>\r\n	{</div>\r\n<div>\r\n	&nbsp; &nbsp; int x, y, z;</div>\r\n<div>\r\n	&nbsp; &nbsp; x = y = z = 1;</div>\r\n<div>\r\n	&nbsp; &nbsp; z = ++x || ++y || ++z;&nbsp;</div>\r\n<div>\r\n	&nbsp; &nbsp; printf(&quot;%d %d %d&quot;, x, y, z);</div>\r\n<div>\r\n	&nbsp; &nbsp; return 0;</div>\r\n<div>\r\n	}&nbsp;</div>', 1, 11, 93, 1, '2015-08-14 19:57:16', 442, NULL, NULL, '', '', NULL, ''),
(493, '<div>\r\n	Which of the following statements are correct about a for loop used in C program?</div>\r\n<div>\r\n	&nbsp;</div>', 0, 12, 93, 1, '2015-08-14 19:57:16', 443, NULL, NULL, '', '', NULL, ''),
(494, '<div>\r\n	Which of the following statements are correct about a switch statement in C program?</div>\r\n<div>\r\n	&nbsp;</div>', 0, 13, 93, 1, '2015-08-14 19:57:16', 444, NULL, NULL, '', '', NULL, ''),
(495, '<div>\r\n	Which of the following are unanry operators in C?</div>\r\n<div>\r\n	&nbsp;</div>', 0, 14, 93, 1, '2015-08-14 19:57:16', 445, NULL, NULL, '', '', NULL, ''),
(496, '<div>\r\n	What will be output of the following program?</div>\r\n<div>\r\n	#include&lt;stdio.h&gt;</div>\r\n<div>\r\n	int main()</div>\r\n<div>\r\n	{</div>\r\n<div>\r\n	&nbsp; &nbsp; int i = 2;</div>\r\n<div>\r\n	&nbsp; &nbsp; printf(&quot;%d %d\\n&quot;, ++i, ++i);</div>\r\n<div>\r\n	&nbsp; &nbsp; return 0;</div>\r\n<div>\r\n	}</div>\r\n<div>\r\n	&nbsp;</div>', 1, 15, 93, 1, '2015-08-14 19:57:16', 446, NULL, NULL, '', '', NULL, ''),
(497, '<div>\r\n	Which of the following is the correct output for the program given below?</div>\r\n<div>\r\n	&nbsp;</div>\r\n<div>\r\n	#include&lt;stdio.h&gt;</div>\r\n<div>\r\n	int main()</div>\r\n<div>\r\n	{</div>\r\n<div>\r\n	&nbsp; &nbsp; double d = 2.25;</div>\r\n<div>\r\n	&nbsp; &nbsp; printf(&quot;%e &quot;, d);</div>\r\n<div>\r\n	&nbsp; &nbsp; printf(&quot;%f &quot;, d);</div>\r\n<div>\r\n	&nbsp; &nbsp; printf(&quot;%g &quot;, d);</div>\r\n<div>\r\n	&nbsp; &nbsp; printf(&quot;%lf\\n&quot;, d);</div>\r\n<div>\r\n	&nbsp; &nbsp; return 0;</div>\r\n<div>\r\n	}</div>', 1, 16, 93, 1, '2015-08-14 19:57:16', 447, NULL, NULL, '', '', NULL, ''),
(498, '<div>\r\n	Which of the following is the correct output for the program given below?</div>\r\n<div>\r\n	&nbsp;</div>\r\n<div>\r\n	#include&lt;stdio.h&gt;</div>\r\n<div>\r\n	int main()</div>\r\n<div>\r\n	{</div>\r\n<div>\r\n	&nbsp; &nbsp; float a = 0.7;</div>\r\n<div>\r\n	&nbsp; &nbsp; if(a &lt; 0.7)</div>\r\n<div>\r\n	&nbsp; &nbsp; &nbsp; &nbsp; printf(&quot;Vivek\\n&quot;);</div>\r\n<div>\r\n	&nbsp; &nbsp; else</div>\r\n<div>\r\n	&nbsp; &nbsp; &nbsp; &nbsp; printf(&quot;Gupta\\n&quot;);</div>\r\n<div>\r\n	&nbsp; &nbsp;&nbsp;</div>\r\n<div>\r\n	&nbsp; &nbsp; return 0;</div>\r\n<div>\r\n	}</div>\r\n<div>\r\n	&nbsp;</div>', 1, 17, 93, 1, '2015-08-14 19:57:16', 448, NULL, NULL, '', '', NULL, ''),
(499, '<div>\r\n	What will be following function give on compilation?</div>\r\n<div>\r\n	&nbsp;</div>\r\n<div>\r\n	f(int a, int b)</div>\r\n<div>\r\n	{</div>\r\n<div>\r\n	&nbsp; &nbsp; int a;</div>\r\n<div>\r\n	&nbsp; &nbsp; a = 20;</div>\r\n<div>\r\n	&nbsp; &nbsp; return a;</div>\r\n<div>\r\n	}</div>', 0, 18, 93, 1, '2015-08-14 19:57:16', 449, NULL, NULL, '', '', NULL, ''),
(500, '<div>\r\n	Point out the error, if any, in the following function.</div>\r\n<div>\r\n	&nbsp;</div>\r\n<div>\r\n	#include&lt;stdio.h&gt;</div>\r\n<div>\r\n	int main()</div>\r\n<div>\r\n	{&nbsp;</div>\r\n<div>\r\n	&nbsp; &nbsp; int f(int);</div>\r\n<div>\r\n	&nbsp; &nbsp; int b;</div>\r\n<div>\r\n	&nbsp; &nbsp; b=f(20);</div>\r\n<div>\r\n	&nbsp; &nbsp; printf(&quot;%d\\n&quot;,b);</div>\r\n<div>\r\n	&nbsp; &nbsp; return 0;</div>\r\n<div>\r\n	}</div>\r\n<div>\r\n	int f(int a)</div>\r\n<div>\r\n	{</div>\r\n<div>\r\n	&nbsp; &nbsp; a&gt;20? return(10):return(20);</div>\r\n<div>\r\n	}</div>', 1, 19, 93, 1, '2015-08-14 19:57:16', 450, NULL, NULL, '', '', NULL, ''),
(501, '<div>\r\n	What will be ouput of the following program?</div>\r\n<div>\r\n	&nbsp;</div>\r\n<div>\r\n	#include&lt;stdio.h&gt;</div>\r\n<div>\r\n	int func1(int);</div>\r\n<div>\r\n	int main()</div>\r\n<div>\r\n	{</div>\r\n<div>\r\n	&nbsp; &nbsp; int k = 35;</div>\r\n<div>\r\n	&nbsp; &nbsp; k = func1(k = func1( k = func1(k)));</div>\r\n<div>\r\n	&nbsp; &nbsp; printf(&quot;%d\\n&quot;, k);</div>\r\n<div>\r\n	&nbsp; &nbsp; return 0;</div>\r\n<div>\r\n	}</div>\r\n<div>\r\n	&nbsp;</div>\r\n<div>\r\n	&nbsp;</div>\r\n<div>\r\n	int func1(int k)</div>\r\n<div>\r\n	{</div>\r\n<div>\r\n	&nbsp; &nbsp; k++;</div>\r\n<div>\r\n	&nbsp; &nbsp; return k;</div>\r\n<div>\r\n	}</div>\r\n<div>\r\n	&nbsp;</div>\r\n<div>\r\n	&nbsp;</div>', 1, 20, 93, 1, '2015-08-14 19:57:16', 451, NULL, NULL, '', '', NULL, ''),
(502, '<div>\r\n	Which of the following are correct about the program given below?</div>\r\n<div>\r\n	&nbsp;</div>\r\n<div>\r\n	#include&lt;stdio.h&gt;</div>\r\n<div>\r\n	int main()</div>\r\n<div>\r\n	{</div>\r\n<div>\r\n	&nbsp; &nbsp; int i = 3, j = 4, k, l;</div>\r\n<div>\r\n	&nbsp; &nbsp; k = addmult(i, j);</div>\r\n<div>\r\n	&nbsp; &nbsp; l = addmult(i, j);</div>\r\n<div>\r\n	&nbsp; &nbsp; printf(&quot;%d %d&quot;, k, l); &nbsp; &nbsp;</div>\r\n<div>\r\n	&nbsp; &nbsp; return 0;</div>\r\n<div>\r\n	}</div>\r\n<div>\r\n	&nbsp;</div>\r\n<div>\r\n	int addmult(int ii, int jj);</div>\r\n<div>\r\n	{</div>\r\n<div>\r\n	&nbsp; &nbsp; int kk, ll;</div>\r\n<div>\r\n	&nbsp; &nbsp; kk = ii + jj;</div>\r\n<div>\r\n	&nbsp; &nbsp; ll = ii * jj;</div>\r\n<div>\r\n	&nbsp; &nbsp; return (kk, ll);</div>\r\n<div>\r\n	}</div>', 0, 21, 93, 1, '2015-08-14 19:57:16', 452, NULL, NULL, '', '', NULL, ''),
(503, '<div>\r\n	Which of the following are correct preprocessors directives in C?</div>', 0, 22, 93, 1, '2015-08-14 19:57:16', 453, NULL, NULL, '', '', NULL, ''),
(504, '<div>\r\n	Which line in the following program will report an error?</div>\r\n<div>\r\n	&nbsp;</div>\r\n<div>\r\n	1. #include&lt;stdio.h&gt;</div>\r\n<div>\r\n	2. #define CIRCUM(R) (3.14 * R * R);</div>\r\n<div>\r\n	3. int main()</div>\r\n<div>\r\n	4. {</div>\r\n<div>\r\n	5. &nbsp; &nbsp; float r = 1.0, c;</div>\r\n<div>\r\n	6. &nbsp; &nbsp; c = CIRCUM(r);</div>\r\n<div>\r\n	7. &nbsp; &nbsp; printf(&quot;%f\\n&quot;, c);</div>\r\n<div>\r\n	8. &nbsp; &nbsp; if(CIRCUM(r) == 6.28)</div>\r\n<div>\r\n	9. &nbsp; &nbsp; &nbsp; &nbsp; &nbsp;printf(&quot;Vivek&quot;);</div>\r\n<div>\r\n	10. &nbsp; &nbsp;return 0;</div>\r\n<div>\r\n	11. }</div>', 1, 23, 93, 1, '2015-08-14 19:57:16', 454, NULL, NULL, '', '', NULL, ''),
(505, '<div>\r\n	What will be output of the following program?</div>\r\n<div>\r\n	#include&lt;stdio.h&gt;</div>\r\n<div>\r\n	#define JOIN(s1, s2) printf(&quot;%s=%s %s=%s&quot;, #s1, s1, #s2, s2)</div>\r\n<div>\r\n	&nbsp;</div>\r\n<div>\r\n	int main()</div>\r\n<div>\r\n	{</div>\r\n<div>\r\n	&nbsp; &nbsp; char *str1 = &quot;Vivek&quot;;</div>\r\n<div>\r\n	&nbsp; &nbsp; char *str2 = &quot;Gupta&quot;;</div>\r\n<div>\r\n	&nbsp; &nbsp; JOIN(str1, st2);</div>\r\n<div>\r\n	&nbsp; &nbsp; return 0;</div>\r\n<div>\r\n	}</div>', 3, 24, 93, 1, '2015-08-14 19:57:16', 455, NULL, NULL, '', '', NULL, ''),
(506, '<div>\r\n	What will be the output of the given program?</div>\r\n<div>\r\n	&nbsp;</div>\r\n<div>\r\n	#include&lt;stdio.h&gt;</div>\r\n<div>\r\n	#define MAX(a,b,c) (a &gt; b ? a &gt; c ? a : c b &gt; c ? b : c)</div>\r\n<div>\r\n	&nbsp;</div>\r\n<div>\r\n	int main()</div>\r\n<div>\r\n	{</div>\r\n<div>\r\n	&nbsp; &nbsp; int x;</div>\r\n<div>\r\n	&nbsp; &nbsp; x = MAX(3 + 2, 2 + 7, 3 + 7);</div>\r\n<div>\r\n	&nbsp; &nbsp; printf(&quot;%d&quot;, x);</div>\r\n<div>\r\n	&nbsp; &nbsp; return 0;</div>\r\n<div>\r\n	}</div>\r\n<div>\r\n	&nbsp;</div>', 1, 25, 93, 1, '2015-08-14 19:57:16', 456, NULL, NULL, '', '', NULL, ''),
(507, '<p>\r\n	Who is in photo ?</p>\r\n<p>\r\n	<img alt="" src="editor_images/1.jpg" style="width: 200px; height: 200px" /></p>', 1, 1, 94, 10, '2015-08-15 03:58:42', 192, NULL, NULL, 'First question is linked to image .', 'Please, click Next button if you don''t know answer', NULL, ''),
(508, '<p>\r\n	Which is the correct ?</p>', 0, 2, 94, 10, '2015-08-15 03:58:42', 193, NULL, NULL, '', '', NULL, ''),
(509, '<p>\r\n	Please, answer below listed questions .</p>', 4, 3, 94, 10, '2015-08-15 03:58:42', 194, NULL, NULL, '', '', NULL, ''),
(510, '<p>\r\n	Enter the name of the biggest software company in the world&nbsp;</p>', 3, 4, 94, 5, '2015-08-15 03:58:42', 195, NULL, NULL, '', '', NULL, ''),
(511, '<p>\r\n	qwerty?</p>', 1, 5, 94, 5, '2015-08-15 03:58:42', 256, NULL, NULL, 'popo', 'lklk', NULL, ''),
(512, '', -1, 6, 94, 0, '2015-08-15 03:58:42', 425, NULL, NULL, '', '', NULL, ''),
(513, '<p>\r\n	What will be the output of the following program?</p>\r\n<p>\r\n	&nbsp;</p>\r\n<p>\r\n	#include&lt;stdio.h&gt;</p>\r\n<p>\r\n	int main()</p>\r\n<p>\r\n	{</p>\r\n<p>\r\n	&nbsp; &nbsp; int x = 40;</p>\r\n<p>\r\n	&nbsp; &nbsp; {</p>\r\n<p>\r\n	&nbsp; &nbsp; &nbsp; &nbsp; int x = 20;</p>\r\n<p>\r\n	&nbsp; &nbsp; &nbsp; &nbsp; printf(&quot;%d &quot;, x);</p>\r\n<p>\r\n	&nbsp; &nbsp; }</p>\r\n<p>\r\n	&nbsp; &nbsp; printf(&quot;%d&quot;, x);</p>\r\n<p>\r\n	&nbsp; &nbsp; return 0;</p>\r\n<p>\r\n	}</p>', 3, 1, 95, 1, '2015-08-15 04:00:21', 432, NULL, NULL, '', '', NULL, ''),
(514, '<div>\r\n	&nbsp;</div>\r\n<div>\r\n	What will be output of the following program?</div>\r\n<div>\r\n	&nbsp;</div>\r\n<div>\r\n	#include&lt;stdio.h&gt;</div>\r\n<div>\r\n	int main()</div>\r\n<div>\r\n	{</div>\r\n<div>\r\n	&nbsp; &nbsp; extern int i;</div>\r\n<div>\r\n	&nbsp; &nbsp; i = 20;&nbsp;</div>\r\n<div>\r\n	&nbsp; &nbsp; printf(&quot;%d\\n&quot;, sizeof(i));</div>\r\n<div>\r\n	&nbsp; &nbsp; return 0;</div>\r\n<div>\r\n	}</div>\r\n<div>\r\n	&nbsp;</div>\r\n<div>\r\n	&nbsp;</div>', 1, 2, 95, 1, '2015-08-15 04:00:21', 433, NULL, NULL, '', '', NULL, ''),
(515, '<div>\r\n	Which of the following is the correct output for the program given below?</div>\r\n<div>\r\n	&nbsp;</div>\r\n<div>\r\n	#include&lt;stdio.h&gt;</div>\r\n<div>\r\n	int main()</div>\r\n<div>\r\n	{</div>\r\n<div>\r\n	&nbsp; &nbsp; extern int a;</div>\r\n<div>\r\n	&nbsp; &nbsp; printf(&quot;%d\\n&quot;, a);</div>\r\n<div>\r\n	&nbsp; &nbsp; return 0;</div>\r\n<div>\r\n	}</div>\r\n<div>\r\n	&nbsp;</div>\r\n<div>\r\n	int a = 20;</div>\r\n<div>\r\n	&nbsp;</div>', 1, 3, 95, 1, '2015-08-15 04:00:21', 434, NULL, NULL, '', '', NULL, ''),
(516, '<div>\r\n	<div>\r\n		In the program given below, point out the error, if any, in the for loop</div>\r\n	<div>\r\n		&nbsp;</div>\r\n</div>\r\n<div>\r\n	&nbsp;</div>\r\n<div>\r\n	#include&lt;stdio.h&gt;</div>\r\n<div>\r\n	int main()</div>\r\n<div>\r\n	{</div>\r\n<div>\r\n	&nbsp; &nbsp; int i = 1;</div>\r\n<div>\r\n	&nbsp; &nbsp; for(;;)</div>\r\n<div>\r\n	&nbsp; &nbsp; {</div>\r\n<div>\r\n	&nbsp; &nbsp; &nbsp; &nbsp; &nbsp;printf(&quot;%d\\n&quot;, i++);</div>\r\n<div>\r\n	&nbsp; &nbsp; &nbsp; &nbsp; &nbsp;if(i &gt; 10)</div>\r\n<div>\r\n	&nbsp; &nbsp; &nbsp; &nbsp; &nbsp;break;</div>\r\n<div>\r\n	&nbsp; &nbsp; &nbsp;}</div>\r\n<div>\r\n	&nbsp;</div>\r\n<div>\r\n	&nbsp; &nbsp; return 0;</div>\r\n<div>\r\n	}</div>\r\n<div>\r\n	&nbsp;</div>', 0, 4, 95, 1, '2015-08-15 04:00:21', 435, NULL, NULL, '', '', NULL, ''),
(517, '<div>\r\n	Which of the following iis the correct output for the program given below?</div>\r\n<div>\r\n	&nbsp;</div>\r\n<div>\r\n	#include&lt;stdio.h&gt;</div>\r\n<div>\r\n	int main()</div>\r\n<div>\r\n	{</div>\r\n<div>\r\n	&nbsp; &nbsp; int i = 1;</div>\r\n<div>\r\n	&nbsp; &nbsp; switch(i)</div>\r\n<div>\r\n	&nbsp; &nbsp; {</div>\r\n<div>\r\n	&nbsp; &nbsp; &nbsp; &nbsp; printf(&quot;Hello\\n&quot;);</div>\r\n<div>\r\n	&nbsp; &nbsp; &nbsp; &nbsp; case 1:</div>\r\n<div>\r\n	&nbsp; &nbsp;&nbsp;&nbsp; &nbsp;&nbsp;&nbsp; &nbsp;&nbsp;printf(&quot;Hi\\n&quot;);</div>\r\n<div>\r\n	&nbsp; &nbsp;&nbsp;&nbsp; &nbsp;&nbsp;&nbsp; &nbsp;&nbsp;break;</div>\r\n<div>\r\n	&nbsp; &nbsp;&nbsp;&nbsp; &nbsp;&nbsp;case 2:</div>\r\n<div>\r\n	&nbsp; &nbsp;&nbsp;&nbsp; &nbsp;&nbsp;&nbsp; &nbsp;&nbsp;printf(&quot;\\nBye\\n&quot;);</div>\r\n<div>\r\n	&nbsp; &nbsp;&nbsp;&nbsp; &nbsp;&nbsp;&nbsp; &nbsp;&nbsp;break;</div>\r\n<div>\r\n	&nbsp; &nbsp;&nbsp;}</div>\r\n<div>\r\n	&nbsp;</div>\r\n<div>\r\n	&nbsp; &nbsp;&nbsp;return 0;</div>\r\n<div>\r\n	}</div>', 1, 5, 95, 1, '2015-08-15 04:00:21', 436, NULL, NULL, '', '', NULL, ''),
(518, '<div>\r\n	Which of the following errors would be reported by the compiler on compiling the program given below?</div>\r\n<div>\r\n	&nbsp;</div>\r\n<div>\r\n	&nbsp;</div>\r\n<div>\r\n	#include&lt;stdio.h&gt;</div>\r\n<div>\r\n	&nbsp;</div>\r\n<div>\r\n	int main()</div>\r\n<div>\r\n	{</div>\r\n<div>\r\n	&nbsp; &nbsp; int n;</div>\r\n<div>\r\n	&nbsp; &nbsp;&nbsp;int a = 5;</div>\r\n<div>\r\n	&nbsp; &nbsp;&nbsp;scanf(&quot;%d&quot;, &amp;n);</div>\r\n<div>\r\n	&nbsp; &nbsp;&nbsp;switch(a)</div>\r\n<div>\r\n	&nbsp; &nbsp;&nbsp;{</div>\r\n<div>\r\n	&nbsp; &nbsp;&nbsp;&nbsp; &nbsp;&nbsp;case 1 :</div>\r\n<div>\r\n	&nbsp; &nbsp;&nbsp;&nbsp; &nbsp;&nbsp;&nbsp; &nbsp;&nbsp;...</div>\r\n<div>\r\n	&nbsp; &nbsp;&nbsp;&nbsp; &nbsp;&nbsp;case 2 :</div>\r\n<div>\r\n	&nbsp; &nbsp;&nbsp;&nbsp; &nbsp;&nbsp;&nbsp; &nbsp;&nbsp;...</div>\r\n<div>\r\n	&nbsp; &nbsp;&nbsp;&nbsp; &nbsp;&nbsp;case 3 + 5 :</div>\r\n<div>\r\n	&nbsp; &nbsp;&nbsp;&nbsp; &nbsp;&nbsp;&nbsp; &nbsp;&nbsp;...</div>\r\n<div>\r\n	&nbsp; &nbsp;&nbsp;&nbsp; &nbsp;&nbsp;case a :&nbsp;</div>\r\n<div>\r\n	&nbsp; &nbsp;&nbsp;&nbsp; &nbsp;&nbsp;&nbsp; &nbsp;&nbsp;...</div>\r\n<div>\r\n	&nbsp; &nbsp;&nbsp;}</div>\r\n<div>\r\n	&nbsp;</div>\r\n<div>\r\n	&nbsp; &nbsp;&nbsp;return 0;</div>\r\n<div>\r\n	}</div>', 0, 6, 95, 1, '2015-08-15 04:00:21', 437, NULL, NULL, '', '', NULL, ''),
(519, '<div>\r\n	Which of the following is the correct output for the program given below?</div>\r\n<div>\r\n	#include&lt;stdio.h&gt;</div>\r\n<div>\r\n	int main()</div>\r\n<div>\r\n	{</div>\r\n<div>\r\n	&nbsp; &nbsp; int i = 5;</div>\r\n<div>\r\n	&nbsp; &nbsp; while(i-- &gt;= 0) printf(&quot;%d &quot;, i);</div>\r\n<div>\r\n	&nbsp; &nbsp; i = 5;</div>\r\n<div>\r\n	&nbsp; &nbsp; printf(&quot;\\n&quot;);</div>\r\n<div>\r\n	&nbsp; &nbsp; while(i-- &gt;= 0) printf(&quot;%i &quot;, i);</div>\r\n<div>\r\n	&nbsp; &nbsp; printf(&quot;\\n&quot;);</div>\r\n<div>\r\n	&nbsp; &nbsp; while(i-- &gt;= 0) printf(&quot;%d &quot;, i);</div>\r\n<div>\r\n	&nbsp; &nbsp; printf(&quot;\\n&quot;);</div>\r\n<div>\r\n	&nbsp; &nbsp; return 0;</div>\r\n<div>\r\n	}</div>', 1, 7, 95, 1, '2015-08-15 04:00:21', 438, NULL, NULL, '', '', NULL, ''),
(520, '<div>\r\n	What will be the output of the following program?</div>\r\n<div>\r\n	&nbsp;</div>\r\n<div>\r\n	#include&lt;stdio.h&gt;</div>\r\n<div>\r\n	int main()</div>\r\n<div>\r\n	{</div>\r\n<div>\r\n	&nbsp; &nbsp; int a = 10, b;</div>\r\n<div>\r\n	&nbsp; &nbsp; a &gt;= 5 ? b = 100 : b = 200;</div>\r\n<div>\r\n	&nbsp; &nbsp; printf(&quot;%d\\n&quot;, b);</div>\r\n<div>\r\n	&nbsp; &nbsp; return 0;</div>\r\n<div>\r\n	}</div>\r\n<div>\r\n	&nbsp;</div>', 1, 8, 95, 1, '2015-08-15 04:00:21', 439, NULL, NULL, '', '', NULL, ''),
(521, '<div>\r\n	#include&lt;stdio.h&gt;</div>\r\n<div>\r\n	int main()</div>\r\n<div>\r\n	{</div>\r\n<div>\r\n	&nbsp; &nbsp; unsigned int i = 65535;</div>\r\n<div>\r\n	&nbsp; &nbsp; while(i++ != 0)</div>\r\n<div>\r\n	&nbsp; &nbsp; {</div>\r\n<div>\r\n	&nbsp; &nbsp; &nbsp; &nbsp; printf(&quot;%d &quot;, ++i);</div>\r\n<div>\r\n	&nbsp; &nbsp; }</div>\r\n<div>\r\n	&nbsp; &nbsp; printf(&quot;\\n&quot;);</div>\r\n<div>\r\n	&nbsp; &nbsp; return 0;</div>\r\n<div>\r\n	}</div>\r\n<div>\r\n	&nbsp;</div>', 1, 9, 95, 1, '2015-08-15 04:00:21', 440, NULL, NULL, '', '', NULL, ''),
(522, '<div>\r\n	#include&lt;stdio.h&gt;</div>\r\n<div>\r\n	int main()</div>\r\n<div>\r\n	{</div>\r\n<div>\r\n	&nbsp; &nbsp; int x = y = 40;</div>\r\n<div>\r\n	&nbsp; &nbsp; if(x == y)</div>\r\n<div>\r\n	&nbsp; &nbsp; &nbsp; &nbsp; printf(&quot;x is equal to y\\n&quot;);</div>\r\n<div>\r\n	&nbsp; &nbsp; else if(x &gt; y)</div>\r\n<div>\r\n	&nbsp; &nbsp; &nbsp; &nbsp; printf(&quot;x is greater than y\\n&quot;);</div>\r\n<div>\r\n	&nbsp; &nbsp; else if(x &lt; y)</div>\r\n<div>\r\n	&nbsp; &nbsp; &nbsp; &nbsp; printf(&quot;x is less than y\\n&quot;);</div>\r\n<div>\r\n	&nbsp; &nbsp; return 0;</div>\r\n<div>\r\n	} <span class="Apple-tab-span" style="white-space:pre"> </span></div>\r\n<div>\r\n	&nbsp;</div>', 1, 10, 95, 1, '2015-08-15 04:00:21', 441, NULL, NULL, '', '', NULL, ''),
(523, '<div>\r\n	What will be the output of the following program?</div>\r\n<div>\r\n	&nbsp;</div>\r\n<div>\r\n	#include&lt;stdio.h&gt;</div>\r\n<div>\r\n	int main()</div>\r\n<div>\r\n	{</div>\r\n<div>\r\n	&nbsp; &nbsp; int x, y, z;</div>\r\n<div>\r\n	&nbsp; &nbsp; x = y = z = 1;</div>\r\n<div>\r\n	&nbsp; &nbsp; z = ++x || ++y || ++z;&nbsp;</div>\r\n<div>\r\n	&nbsp; &nbsp; printf(&quot;%d %d %d&quot;, x, y, z);</div>\r\n<div>\r\n	&nbsp; &nbsp; return 0;</div>\r\n<div>\r\n	}&nbsp;</div>', 1, 11, 95, 1, '2015-08-15 04:00:21', 442, NULL, NULL, '', '', NULL, ''),
(524, '<div>\r\n	Which of the following statements are correct about a for loop used in C program?</div>\r\n<div>\r\n	&nbsp;</div>', 0, 12, 95, 1, '2015-08-15 04:00:21', 443, NULL, NULL, '', '', NULL, ''),
(525, '<div>\r\n	Which of the following statements are correct about a switch statement in C program?</div>\r\n<div>\r\n	&nbsp;</div>', 0, 13, 95, 1, '2015-08-15 04:00:21', 444, NULL, NULL, '', '', NULL, ''),
(526, '<div>\r\n	Which of the following are unanry operators in C?</div>\r\n<div>\r\n	&nbsp;</div>', 0, 14, 95, 1, '2015-08-15 04:00:21', 445, NULL, NULL, '', '', NULL, ''),
(527, '<div>\r\n	What will be output of the following program?</div>\r\n<div>\r\n	#include&lt;stdio.h&gt;</div>\r\n<div>\r\n	int main()</div>\r\n<div>\r\n	{</div>\r\n<div>\r\n	&nbsp; &nbsp; int i = 2;</div>\r\n<div>\r\n	&nbsp; &nbsp; printf(&quot;%d %d\\n&quot;, ++i, ++i);</div>\r\n<div>\r\n	&nbsp; &nbsp; return 0;</div>\r\n<div>\r\n	}</div>\r\n<div>\r\n	&nbsp;</div>', 1, 15, 95, 1, '2015-08-15 04:00:21', 446, NULL, NULL, '', '', NULL, ''),
(528, '<div>\r\n	Which of the following is the correct output for the program given below?</div>\r\n<div>\r\n	&nbsp;</div>\r\n<div>\r\n	#include&lt;stdio.h&gt;</div>\r\n<div>\r\n	int main()</div>\r\n<div>\r\n	{</div>\r\n<div>\r\n	&nbsp; &nbsp; double d = 2.25;</div>\r\n<div>\r\n	&nbsp; &nbsp; printf(&quot;%e &quot;, d);</div>\r\n<div>\r\n	&nbsp; &nbsp; printf(&quot;%f &quot;, d);</div>\r\n<div>\r\n	&nbsp; &nbsp; printf(&quot;%g &quot;, d);</div>\r\n<div>\r\n	&nbsp; &nbsp; printf(&quot;%lf\\n&quot;, d);</div>\r\n<div>\r\n	&nbsp; &nbsp; return 0;</div>\r\n<div>\r\n	}</div>', 1, 16, 95, 1, '2015-08-15 04:00:21', 447, NULL, NULL, '', '', NULL, ''),
(529, '<div>\r\n	Which of the following is the correct output for the program given below?</div>\r\n<div>\r\n	&nbsp;</div>\r\n<div>\r\n	#include&lt;stdio.h&gt;</div>\r\n<div>\r\n	int main()</div>\r\n<div>\r\n	{</div>\r\n<div>\r\n	&nbsp; &nbsp; float a = 0.7;</div>\r\n<div>\r\n	&nbsp; &nbsp; if(a &lt; 0.7)</div>\r\n<div>\r\n	&nbsp; &nbsp; &nbsp; &nbsp; printf(&quot;Vivek\\n&quot;);</div>\r\n<div>\r\n	&nbsp; &nbsp; else</div>\r\n<div>\r\n	&nbsp; &nbsp; &nbsp; &nbsp; printf(&quot;Gupta\\n&quot;);</div>\r\n<div>\r\n	&nbsp; &nbsp;&nbsp;</div>\r\n<div>\r\n	&nbsp; &nbsp; return 0;</div>\r\n<div>\r\n	}</div>\r\n<div>\r\n	&nbsp;</div>', 1, 17, 95, 1, '2015-08-15 04:00:21', 448, NULL, NULL, '', '', NULL, ''),
(530, '<div>\r\n	What will be following function give on compilation?</div>\r\n<div>\r\n	&nbsp;</div>\r\n<div>\r\n	f(int a, int b)</div>\r\n<div>\r\n	{</div>\r\n<div>\r\n	&nbsp; &nbsp; int a;</div>\r\n<div>\r\n	&nbsp; &nbsp; a = 20;</div>\r\n<div>\r\n	&nbsp; &nbsp; return a;</div>\r\n<div>\r\n	}</div>', 0, 18, 95, 1, '2015-08-15 04:00:21', 449, NULL, NULL, '', '', NULL, ''),
(531, '<div>\r\n	Point out the error, if any, in the following function.</div>\r\n<div>\r\n	&nbsp;</div>\r\n<div>\r\n	#include&lt;stdio.h&gt;</div>\r\n<div>\r\n	int main()</div>\r\n<div>\r\n	{&nbsp;</div>\r\n<div>\r\n	&nbsp; &nbsp; int f(int);</div>\r\n<div>\r\n	&nbsp; &nbsp; int b;</div>\r\n<div>\r\n	&nbsp; &nbsp; b=f(20);</div>\r\n<div>\r\n	&nbsp; &nbsp; printf(&quot;%d\\n&quot;,b);</div>\r\n<div>\r\n	&nbsp; &nbsp; return 0;</div>\r\n<div>\r\n	}</div>\r\n<div>\r\n	int f(int a)</div>\r\n<div>\r\n	{</div>\r\n<div>\r\n	&nbsp; &nbsp; a&gt;20? return(10):return(20);</div>\r\n<div>\r\n	}</div>', 1, 19, 95, 1, '2015-08-15 04:00:21', 450, NULL, NULL, '', '', NULL, ''),
(532, '<div>\r\n	What will be ouput of the following program?</div>\r\n<div>\r\n	&nbsp;</div>\r\n<div>\r\n	#include&lt;stdio.h&gt;</div>\r\n<div>\r\n	int func1(int);</div>\r\n<div>\r\n	int main()</div>\r\n<div>\r\n	{</div>\r\n<div>\r\n	&nbsp; &nbsp; int k = 35;</div>\r\n<div>\r\n	&nbsp; &nbsp; k = func1(k = func1( k = func1(k)));</div>\r\n<div>\r\n	&nbsp; &nbsp; printf(&quot;%d\\n&quot;, k);</div>\r\n<div>\r\n	&nbsp; &nbsp; return 0;</div>\r\n<div>\r\n	}</div>\r\n<div>\r\n	&nbsp;</div>\r\n<div>\r\n	&nbsp;</div>\r\n<div>\r\n	int func1(int k)</div>\r\n<div>\r\n	{</div>\r\n<div>\r\n	&nbsp; &nbsp; k++;</div>\r\n<div>\r\n	&nbsp; &nbsp; return k;</div>\r\n<div>\r\n	}</div>\r\n<div>\r\n	&nbsp;</div>\r\n<div>\r\n	&nbsp;</div>', 1, 20, 95, 1, '2015-08-15 04:00:21', 451, NULL, NULL, '', '', NULL, ''),
(533, '<div>\r\n	Which of the following are correct about the program given below?</div>\r\n<div>\r\n	&nbsp;</div>\r\n<div>\r\n	#include&lt;stdio.h&gt;</div>\r\n<div>\r\n	int main()</div>\r\n<div>\r\n	{</div>\r\n<div>\r\n	&nbsp; &nbsp; int i = 3, j = 4, k, l;</div>\r\n<div>\r\n	&nbsp; &nbsp; k = addmult(i, j);</div>\r\n<div>\r\n	&nbsp; &nbsp; l = addmult(i, j);</div>\r\n<div>\r\n	&nbsp; &nbsp; printf(&quot;%d %d&quot;, k, l); &nbsp; &nbsp;</div>\r\n<div>\r\n	&nbsp; &nbsp; return 0;</div>\r\n<div>\r\n	}</div>\r\n<div>\r\n	&nbsp;</div>\r\n<div>\r\n	int addmult(int ii, int jj);</div>\r\n<div>\r\n	{</div>\r\n<div>\r\n	&nbsp; &nbsp; int kk, ll;</div>\r\n<div>\r\n	&nbsp; &nbsp; kk = ii + jj;</div>\r\n<div>\r\n	&nbsp; &nbsp; ll = ii * jj;</div>\r\n<div>\r\n	&nbsp; &nbsp; return (kk, ll);</div>\r\n<div>\r\n	}</div>', 0, 21, 95, 1, '2015-08-15 04:00:21', 452, NULL, NULL, '', '', NULL, ''),
(534, '<div>\r\n	Which of the following are correct preprocessors directives in C?</div>', 0, 22, 95, 1, '2015-08-15 04:00:21', 453, NULL, NULL, '', '', NULL, ''),
(535, '<div>\r\n	Which line in the following program will report an error?</div>\r\n<div>\r\n	&nbsp;</div>\r\n<div>\r\n	1. #include&lt;stdio.h&gt;</div>\r\n<div>\r\n	2. #define CIRCUM(R) (3.14 * R * R);</div>\r\n<div>\r\n	3. int main()</div>\r\n<div>\r\n	4. {</div>\r\n<div>\r\n	5. &nbsp; &nbsp; float r = 1.0, c;</div>\r\n<div>\r\n	6. &nbsp; &nbsp; c = CIRCUM(r);</div>\r\n<div>\r\n	7. &nbsp; &nbsp; printf(&quot;%f\\n&quot;, c);</div>\r\n<div>\r\n	8. &nbsp; &nbsp; if(CIRCUM(r) == 6.28)</div>\r\n<div>\r\n	9. &nbsp; &nbsp; &nbsp; &nbsp; &nbsp;printf(&quot;Vivek&quot;);</div>\r\n<div>\r\n	10. &nbsp; &nbsp;return 0;</div>\r\n<div>\r\n	11. }</div>', 1, 23, 95, 1, '2015-08-15 04:00:21', 454, NULL, NULL, '', '', NULL, ''),
(536, '<div>\r\n	What will be output of the following program?</div>\r\n<div>\r\n	#include&lt;stdio.h&gt;</div>\r\n<div>\r\n	#define JOIN(s1, s2) printf(&quot;%s=%s %s=%s&quot;, #s1, s1, #s2, s2)</div>\r\n<div>\r\n	&nbsp;</div>\r\n<div>\r\n	int main()</div>\r\n<div>\r\n	{</div>\r\n<div>\r\n	&nbsp; &nbsp; char *str1 = &quot;Vivek&quot;;</div>\r\n<div>\r\n	&nbsp; &nbsp; char *str2 = &quot;Gupta&quot;;</div>\r\n<div>\r\n	&nbsp; &nbsp; JOIN(str1, st2);</div>\r\n<div>\r\n	&nbsp; &nbsp; return 0;</div>\r\n<div>\r\n	}</div>', 3, 24, 95, 1, '2015-08-15 04:00:21', 455, NULL, NULL, '', '', NULL, '');
INSERT INTO `questions` (`id`, `question_text`, `question_type_id`, `priority`, `quiz_id`, `point`, `added_date`, `parent_id`, `question_total`, `check_total`, `header_text`, `footer_text`, `question_text_eng`, `help_image`) VALUES
(537, '<div>\r\n	What will be the output of the given program?</div>\r\n<div>\r\n	&nbsp;</div>\r\n<div>\r\n	#include&lt;stdio.h&gt;</div>\r\n<div>\r\n	#define MAX(a,b,c) (a &gt; b ? a &gt; c ? a : c b &gt; c ? b : c)</div>\r\n<div>\r\n	&nbsp;</div>\r\n<div>\r\n	int main()</div>\r\n<div>\r\n	{</div>\r\n<div>\r\n	&nbsp; &nbsp; int x;</div>\r\n<div>\r\n	&nbsp; &nbsp; x = MAX(3 + 2, 2 + 7, 3 + 7);</div>\r\n<div>\r\n	&nbsp; &nbsp; printf(&quot;%d&quot;, x);</div>\r\n<div>\r\n	&nbsp; &nbsp; return 0;</div>\r\n<div>\r\n	}</div>\r\n<div>\r\n	&nbsp;</div>', 1, 25, 95, 1, '2015-08-15 04:00:21', 456, NULL, NULL, '', '', NULL, ''),
(538, '<p>\r\n	<span style="color:#ff0000;">*</span> What number should come next in the series &nbsp;8, 6, 9, 23, 87 , ... ?</p>', 1, 1, 96, 2, '2015-08-20 08:42:22', 0, NULL, NULL, '', '', NULL, NULL),
(539, '<div>\r\n	There are 5 ships in a port.</div>\r\n<div>\r\n	&nbsp;</div>\r\n<div>\r\n	The Greek ship leaves at six and carries coffee.</div>\r\n<div>\r\n	The ship in the middle has a black chimney.</div>\r\n<div>\r\n	The English ship leaves at nine.</div>\r\n<div>\r\n	The French ship with a blue chimney is to the left of a ship that carries coffee.</div>\r\n<div>\r\n	To the right of the ship carrying cocoa is a ship going to Marseille.</div>\r\n<div>\r\n	The Brazilian ship is heading for Manila.</div>\r\n<div>\r\n	Next to the ship carrying rice is a ship with a green chimney.</div>\r\n<div>\r\n	A ship going to Genoa leaves at five.</div>\r\n<div>\r\n	The Spanish ship leaves at seven and is to the right of the ship going to Marseille.</div>\r\n<div>\r\n	The ship with a red chimney goes to Hamburg.</div>\r\n<div>\r\n	Next to the ship leaving at seven is a ship with a white chimney.</div>\r\n<div>\r\n	The ship on the border carries corn.</div>\r\n<div>\r\n	The ship with a black chimney leaves at eight.</div>\r\n<div>\r\n	The ship carrying corn is anchored next to the ship carrying rice.</div>\r\n<div>\r\n	The ship to Hamburg leaves at six.</div>\r\n<div>\r\n	&nbsp;</div>\r\n<div>\r\n	Which ship carries tea?</div>', 1, 2, 96, 1, '2015-08-20 08:44:05', 0, NULL, NULL, '', '', NULL, NULL),
(540, '<div>\r\n	There are 5 ships in a port.</div>\r\n<div>\r\n	&nbsp;</div>\r\n<div>\r\n	The Greek ship leaves at six and carries coffee.</div>\r\n<div>\r\n	The ship in the middle has a black chimney.</div>\r\n<div>\r\n	The English ship leaves at nine.</div>\r\n<div>\r\n	The French ship with a blue chimney is to the left of a ship that carries coffee.</div>\r\n<div>\r\n	To the right of the ship carrying cocoa is a ship going to Marseille.</div>\r\n<div>\r\n	The Brazilian ship is heading for Manila.</div>\r\n<div>\r\n	Next to the ship carrying rice is a ship with a green chimney.</div>\r\n<div>\r\n	A ship going to Genoa leaves at five.</div>\r\n<div>\r\n	The Spanish ship leaves at seven and is to the right of the ship going to Marseille.</div>\r\n<div>\r\n	The ship with a red chimney goes to Hamburg.</div>\r\n<div>\r\n	Next to the ship leaving at seven is a ship with a white chimney.</div>\r\n<div>\r\n	The ship on the border carries corn.</div>\r\n<div>\r\n	The ship with a black chimney leaves at eight.</div>\r\n<div>\r\n	The ship carrying corn is anchored next to the ship carrying rice.</div>\r\n<div>\r\n	The ship to Hamburg leaves at six.</div>\r\n<div>\r\n	&nbsp;</div>\r\n<div>\r\n	Which ship leaves at eight?</div>', 1, 3, 96, 1, '2015-08-20 08:49:17', 0, NULL, NULL, '', '', NULL, NULL),
(541, '<div>\r\n	There are 5 ships in a port.</div>\r\n<div>\r\n	&nbsp;</div>\r\n<div>\r\n	The Greek ship leaves at six and carries coffee.</div>\r\n<div>\r\n	The ship in the middle has a black chimney.</div>\r\n<div>\r\n	The English ship leaves at nine.</div>\r\n<div>\r\n	The French ship with a blue chimney is to the left of a ship that carries coffee.</div>\r\n<div>\r\n	To the right of the ship carrying cocoa is a ship going to Marseille.</div>\r\n<div>\r\n	The Brazilian ship is heading for Manila.</div>\r\n<div>\r\n	Next to the ship carrying rice is a ship with a green chimney.</div>\r\n<div>\r\n	A ship going to Genoa leaves at five.</div>\r\n<div>\r\n	The Spanish ship leaves at seven and is to the right of the ship going to Marseille.</div>\r\n<div>\r\n	The ship with a red chimney goes to Hamburg.</div>\r\n<div>\r\n	Next to the ship leaving at seven is a ship with a white chimney.</div>\r\n<div>\r\n	The ship on the border carries corn.</div>\r\n<div>\r\n	The ship with a black chimney leaves at eight.</div>\r\n<div>\r\n	The ship carrying corn is anchored next to the ship carrying rice.</div>\r\n<div>\r\n	The ship to Hamburg leaves at six.</div>\r\n<div>\r\n	&nbsp;</div>\r\n<div>\r\n	The ship that has white chimney carries what?</div>', 1, 4, 96, 1, '2015-08-20 08:50:53', 0, NULL, NULL, '', '', NULL, NULL),
(542, '<div>\r\n	There are 5 ships in a port.</div>\r\n<div>\r\n	&nbsp;</div>\r\n<div>\r\n	The Greek ship leaves at six and carries coffee.</div>\r\n<div>\r\n	The ship in the middle has a black chimney.</div>\r\n<div>\r\n	The English ship leaves at nine.</div>\r\n<div>\r\n	The French ship with a blue chimney is to the left of a ship that carries coffee.</div>\r\n<div>\r\n	To the right of the ship carrying cocoa is a ship going to Marseille.</div>\r\n<div>\r\n	The Brazilian ship is heading for Manila.</div>\r\n<div>\r\n	Next to the ship carrying rice is a ship with a green chimney.</div>\r\n<div>\r\n	A ship going to Genoa leaves at five.</div>\r\n<div>\r\n	The Spanish ship leaves at seven and is to the right of the ship going to Marseille.</div>\r\n<div>\r\n	The ship with a red chimney goes to Hamburg.</div>\r\n<div>\r\n	Next to the ship leaving at seven is a ship with a white chimney.</div>\r\n<div>\r\n	The ship on the border carries corn.</div>\r\n<div>\r\n	The ship with a black chimney leaves at eight.</div>\r\n<div>\r\n	The ship carrying corn is anchored next to the ship carrying rice.</div>\r\n<div>\r\n	The ship to Hamburg leaves at six.</div>\r\n<div>\r\n	&nbsp;</div>\r\n<div>\r\n	Brazilian ship leaves at what time?</div>', 1, 5, 96, 1, '2015-08-20 08:52:01', 0, NULL, NULL, '', '', NULL, NULL),
(543, '<div>\r\n	There are 5 ships in a port.</div>\r\n<div>\r\n	&nbsp;</div>\r\n<div>\r\n	The Greek ship leaves at six and carries coffee.</div>\r\n<div>\r\n	The ship in the middle has a black chimney.</div>\r\n<div>\r\n	The English ship leaves at nine.</div>\r\n<div>\r\n	The French ship with a blue chimney is to the left of a ship that carries coffee.</div>\r\n<div>\r\n	To the right of the ship carrying cocoa is a ship going to Marseille.</div>\r\n<div>\r\n	The Brazilian ship is heading for Manila.</div>\r\n<div>\r\n	Next to the ship carrying rice is a ship with a green chimney.</div>\r\n<div>\r\n	A ship going to Genoa leaves at five.</div>\r\n<div>\r\n	The Spanish ship leaves at seven and is to the right of the ship going to Marseille.</div>\r\n<div>\r\n	The ship with a red chimney goes to Hamburg.</div>\r\n<div>\r\n	Next to the ship leaving at seven is a ship with a white chimney.</div>\r\n<div>\r\n	The ship on the border carries corn.</div>\r\n<div>\r\n	The ship with a black chimney leaves at eight.</div>\r\n<div>\r\n	The ship carrying corn is anchored next to the ship carrying rice.</div>\r\n<div>\r\n	The ship to Hamburg leaves at six.</div>\r\n<div>\r\n	&nbsp;</div>\r\n<div>\r\n	Which ship has red chimney?</div>', 1, 6, 96, 1, '2015-08-20 08:53:06', 0, NULL, NULL, '', '', NULL, NULL),
(544, '<p>\r\n	A, B and C can do a piece of work in 20, 30 and 60 days respectively. In how many days can A do the work if he is assisted by B and C on every third day?</p>', 1, 7, 96, 1, '2015-08-20 08:53:57', 0, NULL, NULL, '', '', NULL, NULL),
(545, '<p>\r\n	A bag contains 2 red, 3 green and 2 blue balls. Two balls are drawn at random. What is the probability that none of the balls drawn is blue?</p>', 1, 8, 96, 1, '2015-08-20 08:54:36', 0, NULL, NULL, '', '', NULL, NULL),
(546, '<div>\r\n	<span style="color:#ff0000;">*</span> At what time will the train reach city X from city Y</div>\r\n<div>\r\n	I. The train crosses another train of equal length of 200 metres and running in opposite directions in 15 seconds.</div>\r\n<div>\r\n	II. The train leaves city Y and 7.15 a.m. for city X situated at a distance of 558 km.</div>\r\n<div>\r\n	III. The 200 metres long train crosses a signal pole in 10 seconds.</div>', 1, 9, 96, 2, '2015-08-20 08:56:12', 0, NULL, NULL, '', '', NULL, NULL),
(547, '<p>\r\n	<span style="color:#ff0000;">**</span> Fill in the next number in the series</p>\r\n<p>\r\n	1, 11, 21, 1211, 111221, ?</p>', 3, 10, 96, 1, '2015-08-20 08:57:15', 0, NULL, NULL, '', '', NULL, NULL),
(548, '<div>\r\n	Here are some words translated from an artificial language.</div>\r\n<div>\r\n	godabim means kidney stones</div>\r\n<div>\r\n	romzbim means kidney beans</div>\r\n<div>\r\n	romzbako means wax beans</div>\r\n<div>\r\n	Which word could mean &quot;wax statue&quot;?</div>', 1, 11, 96, 1, '2015-08-20 09:00:48', 0, NULL, NULL, '', '', NULL, NULL),
(549, '<p style="margin-top: 0.49cm; margin-bottom: 0.49cm; line-height: 0.45cm;">\r\n	Six years ago, the ratio of the ages of Kunal and Sagar was 6:5, Four years hence, the ratio of their ages will be 11:10. What is Sagar age at present</p>', 1, 12, 96, 1, '2015-08-20 09:02:52', 0, NULL, NULL, '', '', NULL, NULL),
(550, '<p>\r\n	Number of zeroes in 137! is ?</p>', 1, 13, 96, 1, '2015-08-20 09:10:31', 0, NULL, NULL, '', '', NULL, NULL),
(551, '<p>\r\n	If N is a prime number and 8N is less than 160 and greater than 72 then 12N-7 is</p>', 1, 14, 96, 1, '2015-08-20 09:11:14', 0, NULL, NULL, '', '', NULL, NULL),
(552, '<div>\r\n	<span style="color:#ff0000;">*</span> Thinking about the treasure, the gringo forgot what day it was, so he asked four aborigines and got these answers:</div>\r\n<div>\r\n	A: Yesterday was Wednesday.</div>\r\n<div>\r\n	B: Tomorrow will be Sunday.</div>\r\n<div>\r\n	C: Today is Friday.</div>\r\n<div>\r\n	D: The day before yesterday was Thursday.</div>\r\n<div>\r\n	Because everything you need to know is how many people lied, I will not tell. What day of the week was it?</div>', 1, 15, 96, 2, '2015-08-20 09:12:30', 0, NULL, NULL, '', '', NULL, NULL),
(583, '<p>\r\n	<span style="color:#ff0000;">*</span> What number should come next in the series &nbsp;8, 6, 9, 23, 87 , ... ?</p>', 1, 1, 99, 2, '2015-08-20 09:32:52', 538, NULL, NULL, '', '', NULL, ''),
(584, '<div>\r\n	There are 5 ships in a port.</div>\r\n<div>\r\n	&nbsp;</div>\r\n<div>\r\n	The Greek ship leaves at six and carries coffee.</div>\r\n<div>\r\n	The ship in the middle has a black chimney.</div>\r\n<div>\r\n	The English ship leaves at nine.</div>\r\n<div>\r\n	The French ship with a blue chimney is to the left of a ship that carries coffee.</div>\r\n<div>\r\n	To the right of the ship carrying cocoa is a ship going to Marseille.</div>\r\n<div>\r\n	The Brazilian ship is heading for Manila.</div>\r\n<div>\r\n	Next to the ship carrying rice is a ship with a green chimney.</div>\r\n<div>\r\n	A ship going to Genoa leaves at five.</div>\r\n<div>\r\n	The Spanish ship leaves at seven and is to the right of the ship going to Marseille.</div>\r\n<div>\r\n	The ship with a red chimney goes to Hamburg.</div>\r\n<div>\r\n	Next to the ship leaving at seven is a ship with a white chimney.</div>\r\n<div>\r\n	The ship on the border carries corn.</div>\r\n<div>\r\n	The ship with a black chimney leaves at eight.</div>\r\n<div>\r\n	The ship carrying corn is anchored next to the ship carrying rice.</div>\r\n<div>\r\n	The ship to Hamburg leaves at six.</div>\r\n<div>\r\n	&nbsp;</div>\r\n<div>\r\n	Which ship carries tea?</div>', 1, 2, 99, 1, '2015-08-20 09:32:52', 539, NULL, NULL, '', '', NULL, ''),
(585, '<div>\r\n	There are 5 ships in a port.</div>\r\n<div>\r\n	&nbsp;</div>\r\n<div>\r\n	The Greek ship leaves at six and carries coffee.</div>\r\n<div>\r\n	The ship in the middle has a black chimney.</div>\r\n<div>\r\n	The English ship leaves at nine.</div>\r\n<div>\r\n	The French ship with a blue chimney is to the left of a ship that carries coffee.</div>\r\n<div>\r\n	To the right of the ship carrying cocoa is a ship going to Marseille.</div>\r\n<div>\r\n	The Brazilian ship is heading for Manila.</div>\r\n<div>\r\n	Next to the ship carrying rice is a ship with a green chimney.</div>\r\n<div>\r\n	A ship going to Genoa leaves at five.</div>\r\n<div>\r\n	The Spanish ship leaves at seven and is to the right of the ship going to Marseille.</div>\r\n<div>\r\n	The ship with a red chimney goes to Hamburg.</div>\r\n<div>\r\n	Next to the ship leaving at seven is a ship with a white chimney.</div>\r\n<div>\r\n	The ship on the border carries corn.</div>\r\n<div>\r\n	The ship with a black chimney leaves at eight.</div>\r\n<div>\r\n	The ship carrying corn is anchored next to the ship carrying rice.</div>\r\n<div>\r\n	The ship to Hamburg leaves at six.</div>\r\n<div>\r\n	&nbsp;</div>\r\n<div>\r\n	Which ship leaves at eight?</div>', 1, 3, 99, 1, '2015-08-20 09:32:52', 540, NULL, NULL, '', '', NULL, ''),
(586, '<div>\r\n	There are 5 ships in a port.</div>\r\n<div>\r\n	&nbsp;</div>\r\n<div>\r\n	The Greek ship leaves at six and carries coffee.</div>\r\n<div>\r\n	The ship in the middle has a black chimney.</div>\r\n<div>\r\n	The English ship leaves at nine.</div>\r\n<div>\r\n	The French ship with a blue chimney is to the left of a ship that carries coffee.</div>\r\n<div>\r\n	To the right of the ship carrying cocoa is a ship going to Marseille.</div>\r\n<div>\r\n	The Brazilian ship is heading for Manila.</div>\r\n<div>\r\n	Next to the ship carrying rice is a ship with a green chimney.</div>\r\n<div>\r\n	A ship going to Genoa leaves at five.</div>\r\n<div>\r\n	The Spanish ship leaves at seven and is to the right of the ship going to Marseille.</div>\r\n<div>\r\n	The ship with a red chimney goes to Hamburg.</div>\r\n<div>\r\n	Next to the ship leaving at seven is a ship with a white chimney.</div>\r\n<div>\r\n	The ship on the border carries corn.</div>\r\n<div>\r\n	The ship with a black chimney leaves at eight.</div>\r\n<div>\r\n	The ship carrying corn is anchored next to the ship carrying rice.</div>\r\n<div>\r\n	The ship to Hamburg leaves at six.</div>\r\n<div>\r\n	&nbsp;</div>\r\n<div>\r\n	The ship that has white chimney carries what?</div>', 1, 4, 99, 1, '2015-08-20 09:32:52', 541, NULL, NULL, '', '', NULL, ''),
(587, '<div>\r\n	There are 5 ships in a port.</div>\r\n<div>\r\n	&nbsp;</div>\r\n<div>\r\n	The Greek ship leaves at six and carries coffee.</div>\r\n<div>\r\n	The ship in the middle has a black chimney.</div>\r\n<div>\r\n	The English ship leaves at nine.</div>\r\n<div>\r\n	The French ship with a blue chimney is to the left of a ship that carries coffee.</div>\r\n<div>\r\n	To the right of the ship carrying cocoa is a ship going to Marseille.</div>\r\n<div>\r\n	The Brazilian ship is heading for Manila.</div>\r\n<div>\r\n	Next to the ship carrying rice is a ship with a green chimney.</div>\r\n<div>\r\n	A ship going to Genoa leaves at five.</div>\r\n<div>\r\n	The Spanish ship leaves at seven and is to the right of the ship going to Marseille.</div>\r\n<div>\r\n	The ship with a red chimney goes to Hamburg.</div>\r\n<div>\r\n	Next to the ship leaving at seven is a ship with a white chimney.</div>\r\n<div>\r\n	The ship on the border carries corn.</div>\r\n<div>\r\n	The ship with a black chimney leaves at eight.</div>\r\n<div>\r\n	The ship carrying corn is anchored next to the ship carrying rice.</div>\r\n<div>\r\n	The ship to Hamburg leaves at six.</div>\r\n<div>\r\n	&nbsp;</div>\r\n<div>\r\n	Brazilian ship leaves at what time?</div>', 1, 5, 99, 1, '2015-08-20 09:32:52', 542, NULL, NULL, '', '', NULL, ''),
(588, '<div>\r\n	There are 5 ships in a port.</div>\r\n<div>\r\n	&nbsp;</div>\r\n<div>\r\n	The Greek ship leaves at six and carries coffee.</div>\r\n<div>\r\n	The ship in the middle has a black chimney.</div>\r\n<div>\r\n	The English ship leaves at nine.</div>\r\n<div>\r\n	The French ship with a blue chimney is to the left of a ship that carries coffee.</div>\r\n<div>\r\n	To the right of the ship carrying cocoa is a ship going to Marseille.</div>\r\n<div>\r\n	The Brazilian ship is heading for Manila.</div>\r\n<div>\r\n	Next to the ship carrying rice is a ship with a green chimney.</div>\r\n<div>\r\n	A ship going to Genoa leaves at five.</div>\r\n<div>\r\n	The Spanish ship leaves at seven and is to the right of the ship going to Marseille.</div>\r\n<div>\r\n	The ship with a red chimney goes to Hamburg.</div>\r\n<div>\r\n	Next to the ship leaving at seven is a ship with a white chimney.</div>\r\n<div>\r\n	The ship on the border carries corn.</div>\r\n<div>\r\n	The ship with a black chimney leaves at eight.</div>\r\n<div>\r\n	The ship carrying corn is anchored next to the ship carrying rice.</div>\r\n<div>\r\n	The ship to Hamburg leaves at six.</div>\r\n<div>\r\n	&nbsp;</div>\r\n<div>\r\n	Which ship has red chimney?</div>', 1, 6, 99, 1, '2015-08-20 09:32:52', 543, NULL, NULL, '', '', NULL, ''),
(589, '<p>\r\n	A, B and C can do a piece of work in 20, 30 and 60 days respectively. In how many days can A do the work if he is assisted by B and C on every third day?</p>', 1, 7, 99, 1, '2015-08-20 09:32:52', 544, NULL, NULL, '', '', NULL, ''),
(590, '<p>\r\n	A bag contains 2 red, 3 green and 2 blue balls. Two balls are drawn at random. What is the probability that none of the balls drawn is blue?</p>', 1, 8, 99, 1, '2015-08-20 09:32:52', 545, NULL, NULL, '', '', NULL, ''),
(591, '<div>\r\n	<span style="color:#ff0000;">*</span> At what time will the train reach city X from city Y</div>\r\n<div>\r\n	I. The train crosses another train of equal length of 200 metres and running in opposite directions in 15 seconds.</div>\r\n<div>\r\n	II. The train leaves city Y and 7.15 a.m. for city X situated at a distance of 558 km.</div>\r\n<div>\r\n	III. The 200 metres long train crosses a signal pole in 10 seconds.</div>', 1, 9, 99, 2, '2015-08-20 09:32:52', 546, NULL, NULL, '', '', NULL, ''),
(592, '<p>\r\n	<span style="color:#ff0000;">**</span> Fill in the next number in the series</p>\r\n<p>\r\n	1, 11, 21, 1211, 111221, ?</p>', 3, 10, 99, 1, '2015-08-20 09:32:52', 547, NULL, NULL, '', '', NULL, ''),
(593, '<div>\r\n	Here are some words translated from an artificial language.</div>\r\n<div>\r\n	godabim means kidney stones</div>\r\n<div>\r\n	romzbim means kidney beans</div>\r\n<div>\r\n	romzbako means wax beans</div>\r\n<div>\r\n	Which word could mean &quot;wax statue&quot;?</div>', 1, 11, 99, 1, '2015-08-20 09:32:52', 548, NULL, NULL, '', '', NULL, ''),
(594, '<p style="margin-top: 0.49cm; margin-bottom: 0.49cm; line-height: 0.45cm;">\r\n	Six years ago, the ratio of the ages of Kunal and Sagar was 6:5, Four years hence, the ratio of their ages will be 11:10. What is Sagar age at present</p>', 1, 12, 99, 1, '2015-08-20 09:32:52', 549, NULL, NULL, '', '', NULL, ''),
(595, '<p>\r\n	Number of zeroes in 137! is ?</p>', 1, 13, 99, 1, '2015-08-20 09:32:52', 550, NULL, NULL, '', '', NULL, ''),
(596, '<p>\r\n	If N is a prime number and 8N is less than 160 and greater than 72 then 12N-7 is</p>', 1, 14, 99, 1, '2015-08-20 09:32:52', 551, NULL, NULL, '', '', NULL, ''),
(597, '<div>\r\n	<span style="color:#ff0000;">*</span> Thinking about the treasure, the gringo forgot what day it was, so he asked four aborigines and got these answers:</div>\r\n<div>\r\n	A: Yesterday was Wednesday.</div>\r\n<div>\r\n	B: Tomorrow will be Sunday.</div>\r\n<div>\r\n	C: Today is Friday.</div>\r\n<div>\r\n	D: The day before yesterday was Thursday.</div>\r\n<div>\r\n	Because everything you need to know is how many people lied, I will not tell. What day of the week was it?</div>', 1, 15, 99, 2, '2015-08-20 09:32:52', 552, NULL, NULL, '', '', NULL, ''),
(598, '<p>\r\n	<span style="color:#ff0000;">*</span> What number should come next in the series &nbsp;8, 6, 9, 23, 87 , ... ?</p>', 1, 1, 100, 2, '2015-08-20 10:47:33', 538, NULL, NULL, '', '', NULL, ''),
(599, '<div>\r\n	There are 5 ships in a port.</div>\r\n<div>\r\n	&nbsp;</div>\r\n<div>\r\n	The Greek ship leaves at six and carries coffee.</div>\r\n<div>\r\n	The ship in the middle has a black chimney.</div>\r\n<div>\r\n	The English ship leaves at nine.</div>\r\n<div>\r\n	The French ship with a blue chimney is to the left of a ship that carries coffee.</div>\r\n<div>\r\n	To the right of the ship carrying cocoa is a ship going to Marseille.</div>\r\n<div>\r\n	The Brazilian ship is heading for Manila.</div>\r\n<div>\r\n	Next to the ship carrying rice is a ship with a green chimney.</div>\r\n<div>\r\n	A ship going to Genoa leaves at five.</div>\r\n<div>\r\n	The Spanish ship leaves at seven and is to the right of the ship going to Marseille.</div>\r\n<div>\r\n	The ship with a red chimney goes to Hamburg.</div>\r\n<div>\r\n	Next to the ship leaving at seven is a ship with a white chimney.</div>\r\n<div>\r\n	The ship on the border carries corn.</div>\r\n<div>\r\n	The ship with a black chimney leaves at eight.</div>\r\n<div>\r\n	The ship carrying corn is anchored next to the ship carrying rice.</div>\r\n<div>\r\n	The ship to Hamburg leaves at six.</div>\r\n<div>\r\n	&nbsp;</div>\r\n<div>\r\n	Which ship carries tea?</div>', 1, 2, 100, 1, '2015-08-20 10:47:33', 539, NULL, NULL, '', '', NULL, ''),
(600, '<div>\r\n	There are 5 ships in a port.</div>\r\n<div>\r\n	&nbsp;</div>\r\n<div>\r\n	The Greek ship leaves at six and carries coffee.</div>\r\n<div>\r\n	The ship in the middle has a black chimney.</div>\r\n<div>\r\n	The English ship leaves at nine.</div>\r\n<div>\r\n	The French ship with a blue chimney is to the left of a ship that carries coffee.</div>\r\n<div>\r\n	To the right of the ship carrying cocoa is a ship going to Marseille.</div>\r\n<div>\r\n	The Brazilian ship is heading for Manila.</div>\r\n<div>\r\n	Next to the ship carrying rice is a ship with a green chimney.</div>\r\n<div>\r\n	A ship going to Genoa leaves at five.</div>\r\n<div>\r\n	The Spanish ship leaves at seven and is to the right of the ship going to Marseille.</div>\r\n<div>\r\n	The ship with a red chimney goes to Hamburg.</div>\r\n<div>\r\n	Next to the ship leaving at seven is a ship with a white chimney.</div>\r\n<div>\r\n	The ship on the border carries corn.</div>\r\n<div>\r\n	The ship with a black chimney leaves at eight.</div>\r\n<div>\r\n	The ship carrying corn is anchored next to the ship carrying rice.</div>\r\n<div>\r\n	The ship to Hamburg leaves at six.</div>\r\n<div>\r\n	&nbsp;</div>\r\n<div>\r\n	Which ship leaves at eight?</div>', 1, 3, 100, 1, '2015-08-20 10:47:33', 540, NULL, NULL, '', '', NULL, ''),
(601, '<div>\r\n	There are 5 ships in a port.</div>\r\n<div>\r\n	&nbsp;</div>\r\n<div>\r\n	The Greek ship leaves at six and carries coffee.</div>\r\n<div>\r\n	The ship in the middle has a black chimney.</div>\r\n<div>\r\n	The English ship leaves at nine.</div>\r\n<div>\r\n	The French ship with a blue chimney is to the left of a ship that carries coffee.</div>\r\n<div>\r\n	To the right of the ship carrying cocoa is a ship going to Marseille.</div>\r\n<div>\r\n	The Brazilian ship is heading for Manila.</div>\r\n<div>\r\n	Next to the ship carrying rice is a ship with a green chimney.</div>\r\n<div>\r\n	A ship going to Genoa leaves at five.</div>\r\n<div>\r\n	The Spanish ship leaves at seven and is to the right of the ship going to Marseille.</div>\r\n<div>\r\n	The ship with a red chimney goes to Hamburg.</div>\r\n<div>\r\n	Next to the ship leaving at seven is a ship with a white chimney.</div>\r\n<div>\r\n	The ship on the border carries corn.</div>\r\n<div>\r\n	The ship with a black chimney leaves at eight.</div>\r\n<div>\r\n	The ship carrying corn is anchored next to the ship carrying rice.</div>\r\n<div>\r\n	The ship to Hamburg leaves at six.</div>\r\n<div>\r\n	&nbsp;</div>\r\n<div>\r\n	The ship that has white chimney carries what?</div>', 1, 4, 100, 1, '2015-08-20 10:47:33', 541, NULL, NULL, '', '', NULL, ''),
(602, '<div>\r\n	There are 5 ships in a port.</div>\r\n<div>\r\n	&nbsp;</div>\r\n<div>\r\n	The Greek ship leaves at six and carries coffee.</div>\r\n<div>\r\n	The ship in the middle has a black chimney.</div>\r\n<div>\r\n	The English ship leaves at nine.</div>\r\n<div>\r\n	The French ship with a blue chimney is to the left of a ship that carries coffee.</div>\r\n<div>\r\n	To the right of the ship carrying cocoa is a ship going to Marseille.</div>\r\n<div>\r\n	The Brazilian ship is heading for Manila.</div>\r\n<div>\r\n	Next to the ship carrying rice is a ship with a green chimney.</div>\r\n<div>\r\n	A ship going to Genoa leaves at five.</div>\r\n<div>\r\n	The Spanish ship leaves at seven and is to the right of the ship going to Marseille.</div>\r\n<div>\r\n	The ship with a red chimney goes to Hamburg.</div>\r\n<div>\r\n	Next to the ship leaving at seven is a ship with a white chimney.</div>\r\n<div>\r\n	The ship on the border carries corn.</div>\r\n<div>\r\n	The ship with a black chimney leaves at eight.</div>\r\n<div>\r\n	The ship carrying corn is anchored next to the ship carrying rice.</div>\r\n<div>\r\n	The ship to Hamburg leaves at six.</div>\r\n<div>\r\n	&nbsp;</div>\r\n<div>\r\n	Brazilian ship leaves at what time?</div>', 1, 5, 100, 1, '2015-08-20 10:47:33', 542, NULL, NULL, '', '', NULL, ''),
(603, '<div>\r\n	There are 5 ships in a port.</div>\r\n<div>\r\n	&nbsp;</div>\r\n<div>\r\n	The Greek ship leaves at six and carries coffee.</div>\r\n<div>\r\n	The ship in the middle has a black chimney.</div>\r\n<div>\r\n	The English ship leaves at nine.</div>\r\n<div>\r\n	The French ship with a blue chimney is to the left of a ship that carries coffee.</div>\r\n<div>\r\n	To the right of the ship carrying cocoa is a ship going to Marseille.</div>\r\n<div>\r\n	The Brazilian ship is heading for Manila.</div>\r\n<div>\r\n	Next to the ship carrying rice is a ship with a green chimney.</div>\r\n<div>\r\n	A ship going to Genoa leaves at five.</div>\r\n<div>\r\n	The Spanish ship leaves at seven and is to the right of the ship going to Marseille.</div>\r\n<div>\r\n	The ship with a red chimney goes to Hamburg.</div>\r\n<div>\r\n	Next to the ship leaving at seven is a ship with a white chimney.</div>\r\n<div>\r\n	The ship on the border carries corn.</div>\r\n<div>\r\n	The ship with a black chimney leaves at eight.</div>\r\n<div>\r\n	The ship carrying corn is anchored next to the ship carrying rice.</div>\r\n<div>\r\n	The ship to Hamburg leaves at six.</div>\r\n<div>\r\n	&nbsp;</div>\r\n<div>\r\n	Which ship has red chimney?</div>', 1, 6, 100, 1, '2015-08-20 10:47:33', 543, NULL, NULL, '', '', NULL, ''),
(604, '<p>\r\n	A, B and C can do a piece of work in 20, 30 and 60 days respectively. In how many days can A do the work if he is assisted by B and C on every third day?</p>', 1, 7, 100, 1, '2015-08-20 10:47:33', 544, NULL, NULL, '', '', NULL, ''),
(605, '<p>\r\n	A bag contains 2 red, 3 green and 2 blue balls. Two balls are drawn at random. What is the probability that none of the balls drawn is blue?</p>', 1, 8, 100, 1, '2015-08-20 10:47:33', 545, NULL, NULL, '', '', NULL, ''),
(606, '<div>\r\n	<span style="color:#ff0000;">*</span> At what time will the train reach city X from city Y</div>\r\n<div>\r\n	I. The train crosses another train of equal length of 200 metres and running in opposite directions in 15 seconds.</div>\r\n<div>\r\n	II. The train leaves city Y and 7.15 a.m. for city X situated at a distance of 558 km.</div>\r\n<div>\r\n	III. The 200 metres long train crosses a signal pole in 10 seconds.</div>', 1, 9, 100, 2, '2015-08-20 10:47:33', 546, NULL, NULL, '', '', NULL, ''),
(607, '<p>\r\n	<span style="color:#ff0000;">**</span> Fill in the next number in the series</p>\r\n<p>\r\n	1, 11, 21, 1211, 111221, ?</p>', 3, 10, 100, 1, '2015-08-20 10:47:33', 547, NULL, NULL, '', '', NULL, ''),
(608, '<div>\r\n	Here are some words translated from an artificial language.</div>\r\n<div>\r\n	godabim means kidney stones</div>\r\n<div>\r\n	romzbim means kidney beans</div>\r\n<div>\r\n	romzbako means wax beans</div>\r\n<div>\r\n	Which word could mean &quot;wax statue&quot;?</div>', 1, 11, 100, 1, '2015-08-20 10:47:33', 548, NULL, NULL, '', '', NULL, ''),
(609, '<p style="margin-top: 0.49cm; margin-bottom: 0.49cm; line-height: 0.45cm;">\r\n	Six years ago, the ratio of the ages of Kunal and Sagar was 6:5, Four years hence, the ratio of their ages will be 11:10. What is Sagar age at present</p>', 1, 12, 100, 1, '2015-08-20 10:47:33', 549, NULL, NULL, '', '', NULL, ''),
(610, '<p>\r\n	Number of zeroes in 137! is ?</p>', 1, 13, 100, 1, '2015-08-20 10:47:33', 550, NULL, NULL, '', '', NULL, ''),
(611, '<p>\r\n	If N is a prime number and 8N is less than 160 and greater than 72 then 12N-7 is</p>', 1, 14, 100, 1, '2015-08-20 10:47:33', 551, NULL, NULL, '', '', NULL, ''),
(612, '<div>\r\n	<span style="color:#ff0000;">*</span> Thinking about the treasure, the gringo forgot what day it was, so he asked four aborigines and got these answers:</div>\r\n<div>\r\n	A: Yesterday was Wednesday.</div>\r\n<div>\r\n	B: Tomorrow will be Sunday.</div>\r\n<div>\r\n	C: Today is Friday.</div>\r\n<div>\r\n	D: The day before yesterday was Thursday.</div>\r\n<div>\r\n	Because everything you need to know is how many people lied, I will not tell. What day of the week was it?</div>', 1, 15, 100, 2, '2015-08-20 10:47:33', 552, NULL, NULL, '', '', NULL, '');

-- --------------------------------------------------------

--
-- Table structure for table `quizzes`
--

CREATE TABLE IF NOT EXISTS `quizzes` (
  `id` int(11) NOT NULL AUTO_INCREMENT,
  `cat_id` int(11) NOT NULL,
  `quiz_name` varchar(500) NOT NULL,
  `quiz_desc` varchar(500) NOT NULL,
  `added_date` datetime NOT NULL,
  `parent_id` int(11) NOT NULL,
  `show_intro` int(11) NOT NULL,
  `intro_text` varchar(3850) DEFAULT NULL,
  PRIMARY KEY (`id`)
) ENGINE=InnoDB  DEFAULT CHARSET=utf8 AUTO_INCREMENT=101 ;

--
-- Dumping data for table `quizzes`
--

INSERT INTO `quizzes` (`id`, `cat_id`, `quiz_name`, `quiz_desc`, `added_date`, `parent_id`, `show_intro`, `intro_text`) VALUES
(41, 61, 'Test quiz', 'This is test quiz ', '2011-10-27 09:28:30', 0, 1, '<p>\r\n	This is an example quiz&nbsp; . This is an open source quiz software written in <span style="color: #ff0000">PHP</span>.</p>\r\n<p>\r\n	You can change design or source code .</p>\r\n<p>\r\n	Please , contact if you will have any questions .</p>\r\n<p>\r\n	<a href="mailto:support@aspnetpower.com">support@aspnetpower.com</a></p>\r\n'),
(57, 61, 'Test quiz', 'This is test quiz ', '2011-10-27 09:28:30', 41, 1, '<p>\r\n	This is an example quiz&nbsp; . This is an open source quiz software written in <span style="color: #ff0000">PHP</span>.</p>\r\n<p>\r\n	You can change design or source code .</p>\r\n<p>\r\n	Please , contact if you will have any questions .</p>\r\n<p>\r\n	<a href="mailto:support@aspnetpower.com">support@aspnetpower.com</a></p>\r\n'),
(58, 61, 'Test quiz', 'This is test quiz ', '2011-10-27 09:28:30', 41, 1, '<p>\r\n	This is an example quiz&nbsp; . This is an open source quiz software written in <span style="color: #ff0000">PHP</span>.</p>\r\n<p>\r\n	You can change design or source code .</p>\r\n<p>\r\n	Please , contact if you will have any questions .</p>\r\n<p>\r\n	<a href="mailto:support@aspnetpower.com">support@aspnetpower.com</a></p>\r\n'),
(59, 61, 'Test quiz', 'This is test quiz ', '2011-10-27 09:28:30', 41, 1, '<p>\r\n	This is an example quiz&nbsp; . This is an open source quiz software written in <span style="color: #ff0000">PHP</span>.</p>\r\n<p>\r\n	You can change design or source code .</p>\r\n<p>\r\n	Please , contact if you will have any questions .</p>\r\n<p>\r\n	<a href="mailto:support@aspnetpower.com">support@aspnetpower.com</a></p>\r\n'),
(60, 61, 'Test quiz', 'This is test quiz ', '2011-10-27 09:28:30', 41, 1, '<p>\r\n	This is an example quiz&nbsp; . This is an open source quiz software written in <span style="color: #ff0000">PHP</span>.</p>\r\n<p>\r\n	You can change design or source code .</p>\r\n<p>\r\n	Please , contact if you will have any questions .</p>\r\n<p>\r\n	<a href="mailto:support@aspnetpower.com">support@aspnetpower.com</a></p>\r\n'),
(61, 61, 'Test quiz', 'This is test quiz ', '2011-10-27 09:28:30', 41, 1, '<p>\r\n	This is an example quiz&nbsp; . This is an open source quiz software written in <span style="color: #ff0000">PHP</span>.</p>\r\n<p>\r\n	You can change design or source code .</p>\r\n<p>\r\n	Please , contact if you will have any questions .</p>\r\n<p>\r\n	<a href="mailto:support@aspnetpower.com">support@aspnetpower.com</a></p>\r\n'),
(62, 61, 'Test quiz', 'This is test quiz ', '2011-10-27 09:28:30', 41, 1, '<p>\r\n	This is an example quiz&nbsp; . This is an open source quiz software written in <span style="color: #ff0000">PHP</span>.</p>\r\n<p>\r\n	You can change design or source code .</p>\r\n<p>\r\n	Please , contact if you will have any questions .</p>\r\n<p>\r\n	<a href="mailto:support@aspnetpower.com">support@aspnetpower.com</a></p>\r\n'),
(63, 61, 'Test quiz', 'This is test quiz ', '2011-10-27 09:28:30', 41, 1, '<p>\r\n	This is an example quiz&nbsp; . This is an open source quiz software written in <span style="color: #ff0000">PHP</span>.</p>\r\n<p>\r\n	You can change design or source code .</p>\r\n<p>\r\n	Please , contact if you will have any questions .</p>\r\n<p>\r\n	<a href="mailto:support@aspnetpower.com">support@aspnetpower.com</a></p>\r\n'),
(64, 61, 'Test quiz', 'This is test quiz ', '2011-10-27 09:28:30', 41, 1, '<p>\r\n	This is an example quiz&nbsp; . This is an open source quiz software written in <span style="color: #ff0000">PHP</span>.</p>\r\n<p>\r\n	You can change design or source code .</p>\r\n<p>\r\n	Please , contact if you will have any questions .</p>\r\n<p>\r\n	<a href="mailto:support@aspnetpower.com">support@aspnetpower.com</a></p>\r\n'),
(65, 61, 'Test quiz', 'This is test quiz ', '2011-10-27 09:28:30', 41, 1, '<p>\r\n	This is an example quiz&nbsp; . This is an open source quiz software written in <span style="color: #ff0000">PHP</span>.</p>\r\n<p>\r\n	You can change design or source code .</p>\r\n<p>\r\n	Please , contact if you will have any questions .</p>\r\n<p>\r\n	<a href="mailto:support@aspnetpower.com">support@aspnetpower.com</a></p>\r\n'),
(66, 61, 'Test quiz', 'This is test quiz ', '2011-10-27 09:28:30', 41, 1, '<p>\r\n	This is an example quiz&nbsp; . This is an open source quiz software written in <span style="color: #ff0000">PHP</span>.</p>\r\n<p>\r\n	You can change design or source code .</p>\r\n<p>\r\n	Please , contact if you will have any questions .</p>\r\n<p>\r\n	<a href="mailto:support@aspnetpower.com">support@aspnetpower.com</a></p>\r\n'),
(67, 61, 'Test quiz', 'This is test quiz ', '2011-10-27 09:28:30', 41, 1, '<p>\r\n	This is an example quiz&nbsp; . This is an open source quiz software written in <span style="color: #ff0000">PHP</span>.</p>\r\n<p>\r\n	You can change design or source code .</p>\r\n<p>\r\n	Please , contact if you will have any questions .</p>\r\n<p>\r\n	<a href="mailto:support@aspnetpower.com">support@aspnetpower.com</a></p>\r\n'),
(68, 61, 'Test quiz', 'This is test quiz ', '2011-10-27 09:28:30', 41, 1, '<p>\r\n	This is an example quiz&nbsp; . This is an open source quiz software written in <span style="color: #ff0000">PHP</span>.</p>\r\n<p>\r\n	You can change design or source code .</p>\r\n<p>\r\n	Please , contact if you will have any questions .</p>\r\n<p>\r\n	<a href="mailto:support@aspnetpower.com">support@aspnetpower.com</a></p>\r\n'),
(69, 61, 'Test quiz', 'This is test quiz ', '2011-10-27 09:28:30', 41, 1, '<p>\r\n	This is an example quiz&nbsp; . This is an open source quiz software written in <span style="color: #ff0000">PHP</span>.</p>\r\n<p>\r\n	You can change design or source code .</p>\r\n<p>\r\n	Please , contact if you will have any questions .</p>\r\n<p>\r\n	<a href="mailto:support@aspnetpower.com">support@aspnetpower.com</a></p>\r\n'),
(70, 61, 'Test quiz', 'This is test quiz ', '2011-10-27 09:28:30', 41, 1, '<p>\r\n	This is an example quiz&nbsp; . This is an open source quiz software written in <span style="color: #ff0000">PHP</span>.</p>\r\n<p>\r\n	You can change design or source code .</p>\r\n<p>\r\n	Please , contact if you will have any questions .</p>\r\n<p>\r\n	<a href="mailto:support@aspnetpower.com">support@aspnetpower.com</a></p>\r\n'),
(71, 61, 'Test quiz', 'This is test quiz ', '2011-10-27 09:28:30', 41, 1, '<p>\r\n	This is an example quiz&nbsp; . This is an open source quiz software written in <span style="color: #ff0000">PHP</span>.</p>\r\n<p>\r\n	You can change design or source code .</p>\r\n<p>\r\n	Please , contact if you will have any questions .</p>\r\n<p>\r\n	<a href="mailto:support@aspnetpower.com">support@aspnetpower.com</a></p>\r\n'),
(72, 61, 'Test quiz', 'This is test quiz ', '2011-10-27 09:28:30', 41, 1, '<p>\r\n	This is an example quiz&nbsp; . This is an open source quiz software written in <span style="color: #ff0000">PHP</span>.</p>\r\n<p>\r\n	You can change design or source code .</p>\r\n<p>\r\n	Please , contact if you will have any questions .</p>\r\n<p>\r\n	<a href="mailto:support@aspnetpower.com">support@aspnetpower.com</a></p>\r\n'),
(73, 61, 'Test quiz', 'This is test quiz ', '2011-10-27 09:28:30', 41, 1, '<p>\r\n	This is an example quiz&nbsp; . This is an open source quiz software written in <span style="color: #ff0000">PHP</span>.</p>\r\n<p>\r\n	You can change design or source code .</p>\r\n<p>\r\n	Please , contact if you will have any questions .</p>\r\n<p>\r\n	<a href="mailto:support@aspnetpower.com">support@aspnetpower.com</a></p>\r\n'),
(74, 61, 'Test quiz', 'This is test quiz ', '2011-10-27 09:28:30', 41, 1, '<p>\r\n	This is an example quiz&nbsp; . This is an open source quiz software written in <span style="color: #ff0000">PHP</span>.</p>\r\n<p>\r\n	You can change design or source code .</p>\r\n<p>\r\n	Please , contact if you will have any questions .</p>\r\n<p>\r\n	<a href="mailto:support@aspnetpower.com">support@aspnetpower.com</a></p>\r\n'),
(75, 61, 'Test quiz', 'This is test quiz ', '2011-10-27 09:28:30', 41, 1, '<p>\r\n	This is an example quiz&nbsp; . This is an open source quiz software written in <span style="color: #ff0000">PHP</span>.</p>\r\n<p>\r\n	You can change design or source code .</p>\r\n<p>\r\n	Please , contact if you will have any questions .</p>\r\n<p>\r\n	<a href="mailto:support@aspnetpower.com">support@aspnetpower.com</a></p>\r\n'),
(76, 61, 'Test quiz', 'This is test quiz ', '2011-10-27 09:28:30', 41, 1, '<p>\r\n	This is an example quiz&nbsp; . This is an open source quiz software written in <span style="color: #ff0000">PHP</span>.</p>\r\n<p>\r\n	You can change design or source code .</p>\r\n<p>\r\n	Please , contact if you will have any questions .</p>\r\n<p>\r\n	<a href="mailto:support@aspnetpower.com">support@aspnetpower.com</a></p>\r\n'),
(77, 61, 'Test quiz', 'This is test quiz ', '2011-10-27 09:28:30', 41, 1, '<p>\r\n	This is an example quiz&nbsp; . This is an open source quiz software written in <span style="color: #ff0000">PHP</span>.</p>\r\n<p>\r\n	You can change design or source code .</p>\r\n<p>\r\n	Please , contact if you will have any questions .</p>\r\n<p>\r\n	<a href="mailto:support@aspnetpower.com">support@aspnetpower.com</a></p>\r\n'),
(78, 61, 'Test quiz', 'This is test quiz ', '2011-10-27 09:28:30', 41, 1, '<p>\r\n	This is an example quiz&nbsp; . This is an open source quiz software written in <span style="color: #ff0000">PHP</span>.</p>\r\n<p>\r\n	You can change design or source code .</p>\r\n<p>\r\n	Please , contact if you will have any questions .</p>\r\n<p>\r\n	<a href="mailto:support@aspnetpower.com">support@aspnetpower.com</a></p>\r\n'),
(79, 61, 'Test quiz', 'This is test quiz ', '2011-10-27 09:28:30', 41, 1, '<p>\r\n	This is an example quiz&nbsp; . This is an open source quiz software written in <span style="color: #ff0000">PHP</span>.</p>\r\n<p>\r\n	You can change design or source code .</p>\r\n<p>\r\n	Please , contact if you will have any questions .</p>\r\n<p>\r\n	<a href="mailto:support@aspnetpower.com">support@aspnetpower.com</a></p>\r\n'),
(80, 61, 'Test quiz', 'This is test quiz ', '2011-10-27 09:28:30', 41, 1, '<p>\r\n	This is an example quiz&nbsp; . This is an open source quiz software written in <span style="color: #ff0000">PHP</span>.</p>\r\n<p>\r\n	You can change design or source code .</p>\r\n<p>\r\n	Please , contact if you will have any questions .</p>\r\n<p>\r\n	<a href="mailto:support@aspnetpower.com">support@aspnetpower.com</a></p>\r\n'),
(81, 61, 'Test quiz', 'This is test quiz ', '2011-10-27 09:28:30', 41, 1, '<p>\r\n	This is an example quiz&nbsp; . This is an open source quiz software written in <span style="color: #ff0000">PHP</span>.</p>\r\n<p>\r\n	You can change design or source code .</p>\r\n<p>\r\n	Please , contact if you will have any questions .</p>\r\n<p>\r\n	<a href="mailto:support@aspnetpower.com">support@aspnetpower.com</a></p>\r\n'),
(82, 61, 'Test quiz', 'This is test quiz ', '2011-10-27 09:28:30', 41, 1, '<p>\r\n	This is an example quiz&nbsp; . This is an open source quiz software written in <span style="color: #ff0000">PHP</span>.</p>\r\n<p>\r\n	You can change design or source code .</p>\r\n<p>\r\n	Please , contact if you will have any questions .</p>\r\n<p>\r\n	<a href="mailto:support@aspnetpower.com">support@aspnetpower.com</a></p>\r\n'),
(83, 61, 'Test quiz', 'This is test quiz ', '2011-10-27 09:28:30', 41, 1, '<p>\r\n	This is an example quiz&nbsp; . This is an open source quiz software written in <span style="color: #ff0000">PHP</span>.</p>\r\n<p>\r\n	You can change design or source code .</p>\r\n<p>\r\n	Please , contact if you will have any questions .</p>\r\n<p>\r\n	<a href="mailto:support@aspnetpower.com">support@aspnetpower.com</a></p>\r\n'),
(84, 61, 'Aptitude', 'Aptitude Quiz', '2015-02-28 15:30:12', 0, 0, ''),
(85, 61, 'Aptitude', 'Aptitude Quiz', '2015-02-28 15:30:12', 84, 0, ''),
(86, 61, 'Aptitude', 'Aptitude Quiz', '2015-02-28 15:30:12', 84, 0, ''),
(87, 61, 'Aptitude', 'Aptitude Quiz', '2015-02-28 15:30:12', 84, 0, ''),
(88, 61, 'Test quiz', 'This is test quiz ', '2011-10-27 09:28:30', 41, 1, '<p>\r\n	This is an example quiz&nbsp; . This is an open source quiz software written in <span style="color: #ff0000">PHP</span>.</p>\r\n<p>\r\n	You can change design or source code .</p>\r\n<p>\r\n	Please , contact if you will have any questions .</p>\r\n<p>\r\n	<a href="mailto:support@aspnetpower.com">support@aspnetpower.com</a></p>\r\n'),
(89, 61, 'fddfs', 'dgdf', '2015-08-05 16:24:00', 0, 0, ''),
(90, 61, 'Test quiz', 'This is test quiz ', '2011-10-27 09:28:30', 41, 1, '<p>\r\n	This is an example quiz&nbsp; . This is an open source quiz software written in <span style="color: #ff0000">PHP</span>.</p>\r\n<p>\r\n	You can change design or source code .</p>\r\n<p>\r\n	Please , contact if you will have any questions .</p>\r\n<p>\r\n	<a href="mailto:support@aspnetpower.com">support@aspnetpower.com</a></p>\r\n'),
(91, 61, 'Day2', 'Day 2 Quiz', '2015-08-14 23:03:03', 0, 0, ''),
(92, 61, 'Day2', 'Day 2 Quiz', '2015-08-14 23:03:03', 91, 0, ''),
(93, 61, 'Day2', 'Day 2 Quiz', '2015-08-14 23:03:03', 91, 0, ''),
(94, 61, 'Test quiz', 'This is test quiz ', '2011-10-27 09:28:30', 41, 1, '<p>\r\n	This is an example quiz&nbsp; . This is an open source quiz software written in <span style="color: #ff0000">PHP</span>.</p>\r\n<p>\r\n	You can change design or source code .</p>\r\n<p>\r\n	Please , contact if you will have any questions .</p>\r\n<p>\r\n	<a href="mailto:support@aspnetpower.com">support@aspnetpower.com</a></p>\r\n'),
(95, 61, 'Day2', 'Day 2 Quiz', '2015-08-14 23:03:03', 91, 0, ''),
(96, 61, 'IOT', 'IOT QUIZ', '2015-08-20 14:10:08', 0, 0, '<p>\r\n	All the Questions except the ones marked <span style="color:#ff0000;">*</span> &nbsp;or <span style="color:#ff0000;">** </span>carry 1 mark.</p>\r\n<p>\r\n	<span style="color:#ff0000;">*</span> questions carry 2 marks.</p>\r\n<p>\r\n	<span style="color:#ff0000;">**</span> questions carry 3 marks.</p>\r\n'),
(99, 61, 'IOT', 'IOT QUIZ', '2015-08-20 14:10:08', 96, 0, '<p>\r\n	All the Questions except the ones marked <span style="color:#ff0000;">*</span> &nbsp;or <span style="color:#ff0000;">** </span>carry 1 mark.</p>\r\n<p>\r\n	<span style="color:#ff0000;">*</span> questions carry 2 marks.</p>\r\n<p>\r\n	<span style="color:#ff0000;">**</span> questions carry 3 marks.</p>\r\n'),
(100, 61, 'IOT', 'IOT QUIZ', '2015-08-20 14:10:08', 96, 0, '<p>\r\n	All the Questions except the ones marked <span style="color:#ff0000;">*</span> &nbsp;or <span style="color:#ff0000;">** </span>carry 1 mark.</p>\r\n<p>\r\n	<span style="color:#ff0000;">*</span> questions carry 2 marks.</p>\r\n<p>\r\n	<span style="color:#ff0000;">**</span> questions carry 3 marks.</p>\r\n');

-- --------------------------------------------------------

--
-- Table structure for table `roles_rights`
--

CREATE TABLE IF NOT EXISTS `roles_rights` (
  `Id` int(11) NOT NULL AUTO_INCREMENT,
  `role_id` int(11) DEFAULT NULL,
  `module_id` int(11) DEFAULT NULL,
  PRIMARY KEY (`Id`)
) ENGINE=MyISAM  DEFAULT CHARSET=utf8 AUTO_INCREMENT=13 ;

--
-- Dumping data for table `roles_rights`
--

INSERT INTO `roles_rights` (`Id`, `role_id`, `module_id`) VALUES
(1, 1, 2),
(2, 1, 3),
(3, 1, 4),
(4, 1, 6),
(5, 1, 7),
(12, 1, 12),
(11, 1, 11),
(9, 2, 9),
(10, 2, 10);

-- --------------------------------------------------------

--
-- Table structure for table `user_answers`
--

CREATE TABLE IF NOT EXISTS `user_answers` (
  `id` int(11) NOT NULL AUTO_INCREMENT,
  `user_quiz_id` int(11) DEFAULT NULL,
  `question_id` int(11) DEFAULT NULL,
  `answer_id` int(11) DEFAULT NULL,
  `user_answer_id` int(11) DEFAULT NULL,
  `user_answer_text` varchar(3800) DEFAULT NULL,
  `added_date` datetime DEFAULT NULL,
  PRIMARY KEY (`id`)
) ENGINE=InnoDB  DEFAULT CHARSET=utf8 AUTO_INCREMENT=3293 ;

--
-- Dumping data for table `user_answers`
--

INSERT INTO `user_answers` (`id`, `user_quiz_id`, `question_id`, `answer_id`, `user_answer_id`, `user_answer_text`, `added_date`) VALUES
(1, 16, 332, 175950, 175950, NULL, '2015-02-02 16:20:15'),
(2, 16, 333, 175954, 175954, NULL, '2015-02-02 16:20:25'),
(3, 16, 333, 175956, 175956, NULL, '2015-02-02 16:20:25'),
(4, 16, 334, 175958, NULL, '2', '2015-02-02 16:20:38'),
(5, 16, 334, 175959, NULL, '3', '2015-02-02 16:20:38'),
(6, 16, 334, 175960, NULL, '4', '2015-02-02 16:20:38'),
(7, 16, 334, 175961, NULL, '5', '2015-02-02 16:20:38'),
(8, 16, 335, 175962, NULL, 'Microsoft', '2015-02-02 16:20:49'),
(9, 16, 336, 175964, 175964, NULL, '2015-02-02 16:21:01'),
(10, 17, 337, 175967, 175967, NULL, '2015-02-02 16:42:03'),
(11, 17, 339, 175975, NULL, '2', '2015-02-02 16:42:31'),
(12, 17, 339, 175976, NULL, '3', '2015-02-02 16:42:31'),
(13, 17, 339, 175977, NULL, '4', '2015-02-02 16:42:31'),
(14, 17, 339, 175978, NULL, '5', '2015-02-02 16:42:31'),
(15, 17, 340, 175979, NULL, 'Microsoft', '2015-02-02 16:42:43'),
(16, 17, 341, 175981, 175981, NULL, '2015-02-02 16:43:02'),
(17, 18, 342, 175984, 175984, NULL, '2015-02-02 16:45:49'),
(18, 18, 345, 175996, NULL, '', '2015-02-02 16:46:11'),
(19, 19, 347, 176001, 176001, NULL, '2015-02-02 17:11:50'),
(20, 19, 348, 176005, 176005, NULL, '2015-02-02 17:12:04'),
(21, 19, 348, 176007, 176007, NULL, '2015-02-02 17:12:04'),
(22, 19, 349, 176009, NULL, '2', '2015-02-02 17:12:22'),
(23, 19, 349, 176010, NULL, '3', '2015-02-02 17:12:22'),
(24, 19, 349, 176011, NULL, '4', '2015-02-02 17:12:22'),
(25, 19, 349, 176012, NULL, '5', '2015-02-02 17:12:22'),
(26, 19, 350, 176013, NULL, 'Microsoft', '2015-02-02 17:12:36'),
(27, 19, 351, 176015, 176015, NULL, '2015-02-02 17:12:47'),
(28, 20, 367, 176069, 176069, NULL, '2015-02-02 17:19:58'),
(29, 20, 368, 176073, 176073, NULL, '2015-02-02 17:20:08'),
(30, 20, 368, 176075, 176075, NULL, '2015-02-02 17:20:08'),
(31, 20, 370, 176081, NULL, '', '2015-02-02 17:20:58'),
(32, 21, 367, 176069, 176069, NULL, '2015-02-02 17:21:54'),
(33, 21, 368, 176073, 176073, NULL, '2015-02-02 17:22:03'),
(34, 21, 368, 176075, 176075, NULL, '2015-02-02 17:22:03'),
(35, 21, 369, 176077, NULL, '2', '2015-02-02 17:22:16'),
(36, 21, 369, 176078, NULL, '3', '2015-02-02 17:22:16'),
(37, 21, 369, 176079, NULL, '4', '2015-02-02 17:22:16'),
(38, 21, 369, 176080, NULL, '5', '2015-02-02 17:22:16'),
(39, 21, 370, 176081, NULL, '', '2015-02-02 17:22:26'),
(40, 22, 367, 176069, 176069, NULL, '2015-02-02 17:23:25'),
(41, 22, 368, 176073, 176073, NULL, '2015-02-02 17:23:49'),
(42, 22, 368, 176075, 176075, NULL, '2015-02-02 17:23:49'),
(43, 22, 370, 176081, NULL, '', '2015-02-02 17:24:33'),
(44, 23, 375, 176098, NULL, '', '2015-02-03 13:50:19'),
(45, 25, 375, 176098, NULL, '', '2015-02-03 14:11:08'),
(47, 26, 380, 176115, NULL, '', '2015-02-03 14:16:24'),
(48, 27, 382, 176120, 176120, NULL, '2015-02-26 17:48:33'),
(49, 27, 383, 176124, 176124, NULL, '2015-02-26 17:48:48'),
(50, 27, 383, 176126, 176126, NULL, '2015-02-26 17:48:48'),
(51, 27, 384, 176128, NULL, '35', '2015-02-26 17:49:05'),
(52, 27, 384, 176129, NULL, '4', '2015-02-26 17:49:05'),
(53, 27, 384, 176130, NULL, '4', '2015-02-26 17:49:05'),
(54, 27, 384, 176131, NULL, '5', '2015-02-26 17:49:05'),
(55, 27, 385, 176132, NULL, 'Microsoft', '2015-02-26 17:49:18'),
(56, 28, 382, 176120, 176120, NULL, '2015-02-26 17:54:44'),
(57, 28, 383, 176124, 176124, NULL, '2015-02-26 17:54:57'),
(58, 28, 383, 176126, 176126, NULL, '2015-02-26 17:54:57'),
(59, 28, 384, 176128, NULL, '2', '2015-02-26 17:55:20'),
(60, 28, 384, 176129, NULL, '5', '2015-02-26 17:55:20'),
(61, 28, 384, 176130, NULL, '5', '2015-02-26 17:55:20'),
(62, 28, 384, 176131, NULL, '5', '2015-02-26 17:55:20'),
(63, 28, 385, 176132, NULL, 'Microsoft', '2015-02-26 17:55:34'),
(64, 29, 387, 176137, 176137, NULL, '2015-02-26 17:59:28'),
(65, 29, 388, 176141, 176141, NULL, '2015-02-26 17:59:38'),
(66, 29, 388, 176143, 176143, NULL, '2015-02-26 17:59:38'),
(67, 29, 389, 176145, NULL, '2', '2015-02-26 17:59:50'),
(68, 29, 389, 176146, NULL, '3', '2015-02-26 17:59:50'),
(69, 29, 389, 176147, NULL, '4', '2015-02-26 17:59:50'),
(70, 29, 389, 176148, NULL, '5', '2015-02-26 17:59:50'),
(71, 29, 390, 176149, NULL, 'Microsoft', '2015-02-26 18:00:02'),
(72, 30, 387, 176137, 176137, NULL, '2015-02-26 18:02:01'),
(73, 30, 388, 176141, 176141, NULL, '2015-02-26 18:02:11'),
(74, 30, 388, 176143, 176143, NULL, '2015-02-26 18:02:11'),
(75, 30, 389, 176145, NULL, '2', '2015-02-26 18:02:23'),
(76, 30, 389, 176146, NULL, '3', '2015-02-26 18:02:23'),
(77, 30, 389, 176147, NULL, '4', '2015-02-26 18:02:23'),
(78, 30, 389, 176148, NULL, '5', '2015-02-26 18:02:23'),
(79, 30, 390, 176149, NULL, 'baba', '2015-02-26 18:02:33'),
(80, 32, 399, 176183, 176183, NULL, '2015-02-28 15:56:29'),
(81, 33, 399, 176183, 176183, NULL, '2015-02-28 16:01:03'),
(82, 33, 400, 176189, 176189, NULL, '2015-02-28 16:01:16'),
(83, 33, 401, 176191, 176191, NULL, '2015-02-28 16:01:30'),
(84, 33, 402, 176199, 176199, NULL, '2015-02-28 16:01:42'),
(85, 37, 413, 176241, 176241, NULL, '2015-02-28 16:21:21'),
(86, 37, 414, 176247, 176247, NULL, '2015-02-28 16:21:30'),
(87, 37, 415, 176250, 176250, NULL, '2015-02-28 16:21:40'),
(88, 37, 416, 176257, 176257, NULL, '2015-02-28 16:21:50'),
(89, 39, 413, 176241, 176241, NULL, '2015-02-28 16:43:58'),
(90, 39, 414, 176247, 176247, NULL, '2015-02-28 16:44:07'),
(91, 39, 415, 176250, 176250, NULL, '2015-02-28 16:44:16'),
(92, 39, 416, 176257, 176257, NULL, '2015-02-28 16:44:25'),
(93, 39, 417, 176258, 176258, NULL, '2015-02-28 16:44:43'),
(94, 39, 418, 176262, 176262, NULL, '2015-02-28 16:44:59'),
(95, 39, 419, 176269, 176269, NULL, '2015-02-28 16:45:10'),
(100, 40, 413, 176241, 176241, NULL, '2015-02-28 16:48:46'),
(101, 40, 414, 176247, 176247, NULL, '2015-02-28 16:48:53'),
(102, 40, 415, 176250, 176250, NULL, '2015-02-28 16:49:01'),
(103, 40, 417, 176258, 176258, NULL, '2015-02-28 16:49:20'),
(104, 41, 413, 176241, 176241, NULL, '2015-02-28 16:52:13'),
(105, 42, 413, 176241, 176241, NULL, '2015-02-28 16:53:31'),
(106, 42, 419, 176269, 176269, NULL, '2015-02-28 16:53:50'),
(107, 44, 413, 176241, 176241, NULL, '2015-02-28 17:00:07'),
(122, 1, 420, 176270, 176270, NULL, '2015-05-25 05:52:20'),
(123, 1, 421, 176274, 176274, NULL, '2015-05-25 05:52:28'),
(124, 1, 421, 176276, 176276, NULL, '2015-05-25 05:52:28'),
(125, 2, 426, 176293, 176293, NULL, '2015-08-12 11:58:17'),
(126, 2, 427, 176295, 176295, NULL, '2015-08-12 11:58:29'),
(127, 2, 427, 176297, 176297, NULL, '2015-08-12 11:58:29'),
(128, 2, 428, 176299, NULL, '2', '2015-08-12 11:58:43'),
(129, 2, 428, 176300, NULL, '3', '2015-08-12 11:58:43'),
(130, 2, 428, 176301, NULL, '4', '2015-08-12 11:58:43'),
(131, 2, 428, 176302, NULL, '5', '2015-08-12 11:58:43'),
(132, 2, 429, 176303, NULL, 'Microsoft', '2015-08-12 11:58:58'),
(133, 2, 430, 176307, 176307, NULL, '2015-08-12 11:59:08'),
(134, 3, 426, 176291, 176291, NULL, '2015-08-12 12:21:38'),
(135, 3, 427, 176295, 176295, NULL, '2015-08-12 12:21:49'),
(136, 3, 427, 176297, 176297, NULL, '2015-08-12 12:21:49'),
(137, 3, 428, 176299, NULL, '23', '2015-08-12 12:22:07'),
(138, 3, 428, 176300, NULL, '4', '2015-08-12 12:22:07'),
(139, 3, 428, 176301, NULL, '4', '2015-08-12 12:22:07'),
(140, 3, 428, 176302, NULL, '5', '2015-08-12 12:22:07'),
(141, 3, 429, 176303, NULL, 'Bojang', '2015-08-12 12:22:19'),
(142, 3, 430, 176307, 176307, NULL, '2015-08-12 12:22:27'),
(143, 4, 457, 176546, NULL, '20 40', '2015-08-15 01:21:47'),
(144, 4, 458, 176550, 176550, NULL, '2015-08-15 01:21:57'),
(145, 4, 459, 176551, 176551, NULL, '2015-08-15 01:22:00'),
(146, 4, 460, 176558, 176558, NULL, '2015-08-15 01:22:27'),
(147, 4, 461, 176561, 176561, NULL, '2015-08-15 01:22:32'),
(148, 4, 462, 176564, 176564, NULL, '2015-08-15 01:22:36'),
(149, 4, 463, 176568, 176568, NULL, '2015-08-15 01:22:40'),
(150, 4, 464, 176573, 176573, NULL, '2015-08-15 01:22:48'),
(151, 4, 465, 176576, 176576, NULL, '2015-08-15 01:22:55'),
(152, 4, 466, 176583, 176583, NULL, '2015-08-15 01:23:17'),
(153, 4, 467, 176584, 176584, NULL, '2015-08-15 01:23:20'),
(154, 4, 468, 176589, 176589, NULL, '2015-08-15 01:23:29'),
(155, 4, 468, 176590, 176590, NULL, '2015-08-15 01:23:29'),
(156, 4, 468, 176591, 176591, NULL, '2015-08-15 01:23:29'),
(157, 4, 469, 176593, 176593, NULL, '2015-08-15 01:23:47'),
(158, 4, 469, 176595, 176595, NULL, '2015-08-15 01:23:47'),
(159, 4, 469, 176596, 176596, NULL, '2015-08-15 01:23:47'),
(160, 4, 470, 176598, 176598, NULL, '2015-08-15 01:23:53'),
(161, 4, 470, 176601, 176601, NULL, '2015-08-15 01:23:53'),
(162, 4, 470, 176602, 176602, NULL, '2015-08-15 01:23:53'),
(163, 4, 471, 176606, 176606, NULL, '2015-08-15 01:23:59'),
(164, 4, 472, 176609, 176609, NULL, '2015-08-15 01:24:03'),
(165, 4, 473, 176611, 176611, NULL, '2015-08-15 01:24:08'),
(166, 4, 474, 176617, 176617, NULL, '2015-08-15 01:24:23'),
(167, 4, 475, 176622, 176622, NULL, '2015-08-15 01:24:28'),
(168, 4, 476, 176626, 176626, NULL, '2015-08-15 01:24:34'),
(169, 4, 477, 176628, 176628, NULL, '2015-08-15 01:24:47'),
(170, 4, 478, 176632, 176632, NULL, '2015-08-15 01:24:52'),
(171, 4, 478, 176633, 176633, NULL, '2015-08-15 01:24:52'),
(172, 4, 478, 176634, 176634, NULL, '2015-08-15 01:24:52'),
(173, 4, 478, 176635, 176635, NULL, '2015-08-15 01:24:52'),
(174, 4, 478, 176636, 176636, NULL, '2015-08-15 01:24:52'),
(175, 4, 479, 176638, 176638, NULL, '2015-08-15 01:24:57'),
(176, 4, 480, 176642, NULL, 'str1=Vivek str2=Gupta', '2015-08-15 01:25:14'),
(177, 4, 481, 176645, 176645, NULL, '2015-08-15 01:25:19'),
(178, 5, 482, 176655, NULL, 'fkdfgk', '2015-08-15 01:27:36'),
(180, 6, 513, 176777, NULL, '20 40', '2015-08-15 12:35:26'),
(181, 3, 513, 176777, NULL, '2040', '2015-08-15 12:35:28'),
(182, 9, 513, 176777, NULL, '20 \n40', '2015-08-15 12:35:30'),
(184, 12, 513, 176777, NULL, '20\n40', '2015-08-15 12:35:33'),
(185, 8, 513, 176777, NULL, '4040', '2015-08-15 12:35:41'),
(186, 11, 513, 176777, NULL, '20 40', '2015-08-15 12:35:43'),
(187, 19, 513, 176777, NULL, '2040', '2015-08-15 12:35:43'),
(188, 2, 513, 176777, NULL, '20 40', '2015-08-15 12:35:44'),
(190, 6, 514, 176779, 176779, NULL, '2015-08-15 12:35:52'),
(191, 10, 513, 176777, NULL, '20 20', '2015-08-15 12:35:54'),
(193, 18, 513, 176777, NULL, '20\n20\n', '2015-08-15 12:35:59'),
(194, 1, 513, 176777, NULL, '20 40', '2015-08-15 12:36:03'),
(195, 4, 513, 176777, NULL, '20 40', '2015-08-15 12:36:03'),
(196, 12, 514, 176781, 176781, NULL, '2015-08-15 12:36:05'),
(197, 3, 514, 176781, 176781, NULL, '2015-08-15 12:36:09'),
(198, 8, 514, 176779, 176779, NULL, '2015-08-15 12:36:12'),
(199, 14, 513, 176777, NULL, '20 40', '2015-08-15 12:36:17'),
(200, 11, 514, 176780, 176780, NULL, '2015-08-15 12:36:17'),
(201, 3, 515, 176782, 176782, NULL, '2015-08-15 12:36:20'),
(202, 6, 515, 176785, 176785, NULL, '2015-08-15 12:36:21'),
(203, 10, 514, 176780, 176780, NULL, '2015-08-15 12:36:23'),
(204, 5, 513, 176777, NULL, '20 40', '2015-08-15 12:36:23'),
(207, 9, 514, 176780, 176780, NULL, '2015-08-15 12:36:26'),
(208, 19, 514, 176781, 176781, NULL, '2015-08-15 12:36:29'),
(209, 16, 513, 176777, NULL, '20 40', '2015-08-15 12:36:33'),
(210, 10, 515, 176783, 176783, NULL, '2015-08-15 12:36:40'),
(212, 5, 514, 176779, 176779, NULL, '2015-08-15 12:36:42'),
(214, 2, 514, 176781, 176781, NULL, '2015-08-15 12:36:48'),
(215, 3, 516, 176789, 176789, NULL, '2015-08-15 12:36:49'),
(217, 9, 515, 176782, 176782, NULL, '2015-08-15 12:36:55'),
(220, 14, 514, 176780, 176780, NULL, '2015-08-15 12:36:56'),
(221, 5, 515, 176785, 176785, NULL, '2015-08-15 12:36:56'),
(223, 6, 516, 176789, 176789, NULL, '2015-08-15 12:36:58'),
(224, 4, 514, 176781, 176781, NULL, '2015-08-15 12:36:59'),
(225, 8, 515, 176782, 176782, NULL, '2015-08-15 12:37:04'),
(226, 19, 515, 176782, 176782, NULL, '2015-08-15 12:37:06'),
(227, 18, 514, 176778, 176778, NULL, '2015-08-15 12:37:08'),
(228, 3, 517, 176792, 176792, NULL, '2015-08-15 12:37:12'),
(229, 11, 515, 176782, 176782, NULL, '2015-08-15 12:37:16'),
(231, 13, 513, 176777, NULL, '2020', '2015-08-15 12:37:23'),
(232, 5, 516, 176789, 176789, NULL, '2015-08-15 12:37:24'),
(233, 20, 513, 176777, NULL, '20 40', '2015-08-15 12:37:30'),
(234, 15, 513, 176777, NULL, '20\n40', '2015-08-15 12:37:31'),
(235, 9, 516, 176789, 176789, NULL, '2015-08-15 12:37:38'),
(236, 2, 515, 176783, 176783, NULL, '2015-08-15 12:37:38'),
(237, 10, 516, 176789, 176789, NULL, '2015-08-15 12:37:44'),
(238, 6, 517, 176790, 176790, NULL, '2015-08-15 12:37:45'),
(239, 16, 514, 176779, 176779, NULL, '2015-08-15 12:37:51'),
(242, 8, 516, 176789, 176789, NULL, '2015-08-15 12:37:53'),
(243, 14, 515, 176783, 176783, NULL, '2015-08-15 12:37:53'),
(244, 15, 514, 176781, 176781, NULL, '2015-08-15 12:37:54'),
(246, 18, 515, 176784, 176784, NULL, '2015-08-15 12:37:59'),
(247, 5, 517, 176792, 176792, NULL, '2015-08-15 12:37:59'),
(251, 13, 514, 176779, 176779, NULL, '2015-08-15 12:38:03'),
(252, 11, 516, 176786, 176786, NULL, '2015-08-15 12:38:11'),
(254, 2, 516, 176789, 176789, NULL, '2015-08-15 12:38:13'),
(255, 6, 518, 176795, 176795, NULL, '2015-08-15 12:38:34'),
(257, 13, 515, 176784, 176784, NULL, '2015-08-15 12:38:39'),
(258, 19, 516, 176789, 176789, NULL, '2015-08-15 12:38:41'),
(259, 16, 515, 176784, 176784, NULL, '2015-08-15 12:38:47'),
(263, 4, 516, 176789, 176789, NULL, '2015-08-15 12:38:53'),
(265, 18, 516, 176789, 176789, NULL, '2015-08-15 12:39:00'),
(266, 5, 518, 176795, 176795, NULL, '2015-08-15 12:39:00'),
(267, 8, 517, 176790, 176790, NULL, '2015-08-15 12:39:04'),
(268, 9, 517, 176792, 176792, NULL, '2015-08-15 12:39:04'),
(269, 3, 518, 176796, 176796, NULL, '2015-08-15 12:39:07'),
(270, 15, 515, 176784, 176784, NULL, '2015-08-15 12:39:09'),
(271, 14, 516, 176789, 176789, NULL, '2015-08-15 12:39:10'),
(273, 1, 517, 176790, 176790, NULL, '2015-08-15 12:39:12'),
(275, 19, 517, 176792, 176792, NULL, '2015-08-15 12:39:15'),
(277, 12, 516, 176789, 176789, NULL, '2015-08-15 12:39:16'),
(278, 11, 517, 176792, 176792, NULL, '2015-08-15 12:39:22'),
(280, 2, 517, 176792, 176792, NULL, '2015-08-15 12:39:26'),
(282, 4, 517, 176790, 176790, NULL, '2015-08-15 12:39:36'),
(283, 14, 517, 176792, 176792, NULL, '2015-08-15 12:39:39'),
(284, 5, 519, 176801, 176801, NULL, '2015-08-15 12:39:40'),
(287, 18, 517, 176790, 176790, NULL, '2015-08-15 12:39:48'),
(289, 16, 516, 176789, 176789, NULL, '2015-08-15 12:39:56'),
(293, 19, 518, 176795, 176795, NULL, '2015-08-15 12:40:01'),
(294, 3, 519, 176801, 176801, NULL, '2015-08-15 12:40:04'),
(295, 13, 516, 176789, 176789, NULL, '2015-08-15 12:40:06'),
(296, 14, 518, 176798, 176798, NULL, '2015-08-15 12:40:07'),
(297, 5, 520, 176805, 176805, NULL, '2015-08-15 12:40:08'),
(298, 6, 519, 176801, 176801, NULL, '2015-08-15 12:40:12'),
(299, 2, 518, 176795, 176795, NULL, '2015-08-15 12:40:15'),
(301, 12, 517, 176792, 176792, NULL, '2015-08-15 12:40:18'),
(303, 21, 513, 176777, NULL, ' 20 40', '2015-08-15 12:40:25'),
(304, 5, 521, 176807, 176807, NULL, '2015-08-15 12:40:30'),
(306, 4, 518, 176795, 176795, NULL, '2015-08-15 12:40:35'),
(307, 15, 518, 176796, 176796, NULL, '2015-08-15 12:40:35'),
(308, 8, 518, 176795, 176795, NULL, '2015-08-15 12:40:41'),
(309, 13, 517, 176790, 176790, NULL, '2015-08-15 12:40:43'),
(310, 9, 518, 176796, 176796, NULL, '2015-08-15 12:40:44'),
(312, 10, 517, 176792, 176792, NULL, '2015-08-15 12:40:47'),
(314, 12, 518, 176795, 176795, NULL, '2015-08-15 12:40:49'),
(315, 3, 520, 176805, 176805, NULL, '2015-08-15 12:40:49'),
(316, 5, 522, 176814, 176814, NULL, '2015-08-15 12:41:01'),
(317, 21, 514, 176779, 176779, NULL, '2015-08-15 12:41:04'),
(318, 11, 518, 176795, 176795, NULL, '2015-08-15 12:41:08'),
(319, 15, 516, 176789, 176789, NULL, '2015-08-15 12:41:10'),
(321, 16, 517, 176792, 176792, NULL, '2015-08-15 12:41:17'),
(323, 1, 518, 176795, 176795, NULL, '2015-08-15 12:41:17'),
(324, 13, 518, 176796, 176796, NULL, '2015-08-15 12:41:24'),
(326, 21, 515, 176782, 176782, NULL, '2015-08-15 12:41:32'),
(327, 18, 518, 176797, 176797, NULL, '2015-08-15 12:41:33'),
(328, 18, 518, 176798, 176798, NULL, '2015-08-15 12:41:33'),
(329, 10, 518, 176795, 176795, NULL, '2015-08-15 12:41:36'),
(330, 10, 518, 176796, 176796, NULL, '2015-08-15 12:41:36'),
(331, 5, 523, 176817, 176817, NULL, '2015-08-15 12:41:40'),
(332, 4, 519, 176800, 176800, NULL, '2015-08-15 12:41:50'),
(333, 19, 519, 176801, 176801, NULL, '2015-08-15 12:41:57'),
(334, 3, 521, 176810, 176810, NULL, '2015-08-15 12:41:59'),
(336, 15, 519, 176800, 176800, NULL, '2015-08-15 12:42:00'),
(337, 16, 518, 176796, 176796, NULL, '2015-08-15 12:42:01'),
(338, 8, 519, 176802, 176802, NULL, '2015-08-15 12:42:02'),
(339, 2, 519, 176799, 176799, NULL, '2015-08-15 12:42:05'),
(342, 5, 524, 176820, 176820, NULL, '2015-08-15 12:42:14'),
(343, 6, 520, 176804, 176804, NULL, '2015-08-15 12:42:16'),
(344, 21, 516, 176789, 176789, NULL, '2015-08-15 12:42:17'),
(345, 15, 517, 176790, 176790, NULL, '2015-08-15 12:42:20'),
(346, 15, 520, 176805, 176805, NULL, '2015-08-15 12:42:23'),
(348, 8, 520, 176805, 176805, NULL, '2015-08-15 12:42:33'),
(349, 19, 520, 176804, 176804, NULL, '2015-08-15 12:42:34'),
(351, 13, 519, 176801, 176801, NULL, '2015-08-15 12:42:40'),
(352, 11, 519, 176800, 176800, NULL, '2015-08-15 12:42:43'),
(353, 6, 521, 176810, 176810, NULL, '2015-08-15 12:42:47'),
(355, 3, 522, 176814, 176814, NULL, '2015-08-15 12:42:48'),
(356, 14, 519, 176802, 176802, NULL, '2015-08-15 12:42:50'),
(357, 21, 517, 176790, 176790, NULL, '2015-08-15 12:42:53'),
(359, 5, 525, 176826, 176826, NULL, '2015-08-15 12:42:55'),
(360, 4, 520, 176804, 176804, NULL, '2015-08-15 12:42:58'),
(361, 22, 513, 176777, NULL, '20\n40\n', '2015-08-15 12:43:03'),
(362, 14, 520, 176805, 176805, NULL, '2015-08-15 12:43:07'),
(363, 22, 514, 176781, 176781, NULL, '2015-08-15 12:43:09'),
(364, 8, 521, 176810, 176810, NULL, '2015-08-15 12:43:12'),
(365, 5, 526, 176829, 176829, NULL, '2015-08-15 12:43:13'),
(366, 5, 526, 176832, 176832, NULL, '2015-08-15 12:43:13'),
(367, 5, 526, 176833, 176833, NULL, '2015-08-15 12:43:13'),
(368, 10, 519, 176799, 176799, NULL, '2015-08-15 12:43:18'),
(369, 22, 515, 176784, 176784, NULL, '2015-08-15 12:43:25'),
(371, 22, 516, 176789, 176789, NULL, '2015-08-15 12:43:31'),
(372, 22, 517, 176790, 176790, NULL, '2015-08-15 12:43:33'),
(373, 15, 521, 176807, 176807, NULL, '2015-08-15 12:43:40'),
(374, 21, 518, 176795, 176795, NULL, '2015-08-15 12:43:40'),
(375, 16, 519, 176801, 176801, NULL, '2015-08-15 12:43:41'),
(376, 11, 520, 176805, 176805, NULL, '2015-08-15 12:43:41'),
(380, 6, 522, 176814, 176814, NULL, '2015-08-15 12:43:42'),
(381, 19, 521, 176809, 176809, NULL, '2015-08-15 12:43:43'),
(382, 1, 519, 176800, 176800, NULL, '2015-08-15 12:43:43'),
(383, 14, 521, 176807, 176807, NULL, '2015-08-15 12:43:49'),
(384, 13, 520, 176805, 176805, NULL, '2015-08-15 12:43:50'),
(386, 15, 522, 176811, 176811, NULL, '2015-08-15 12:43:53'),
(387, 2, 520, 176805, 176805, NULL, '2015-08-15 12:43:55'),
(388, 5, 527, 176836, 176836, NULL, '2015-08-15 12:43:55'),
(389, 14, 522, 176814, 176814, NULL, '2015-08-15 12:43:57'),
(390, 8, 522, 176814, 176814, NULL, '2015-08-15 12:43:59'),
(392, 18, 519, 176800, 176800, NULL, '2015-08-15 12:44:06'),
(394, 1, 520, 176805, 176805, NULL, '2015-08-15 12:44:16'),
(395, 3, 523, 176815, 176815, NULL, '2015-08-15 12:44:19'),
(396, 9, 520, 176805, 176805, NULL, '2015-08-15 12:44:22'),
(400, 16, 520, 176805, 176805, NULL, '2015-08-15 12:44:33'),
(401, 18, 520, 176805, 176805, NULL, '2015-08-15 12:44:36'),
(402, 14, 523, 176816, 176816, NULL, '2015-08-15 12:44:36'),
(404, 4, 521, 176809, 176809, NULL, '2015-08-15 12:44:39'),
(406, 3, 524, 176820, 176820, NULL, '2015-08-15 12:44:47'),
(407, 3, 524, 176821, 176821, NULL, '2015-08-15 12:44:47'),
(408, 3, 524, 176822, 176822, NULL, '2015-08-15 12:44:47'),
(409, 19, 522, 176814, 176814, NULL, '2015-08-15 12:44:48'),
(411, 10, 520, 176804, 176804, NULL, '2015-08-15 12:44:54'),
(412, 8, 523, 176816, 176816, NULL, '2015-08-15 12:44:54'),
(415, 11, 521, 176809, 176809, NULL, '2015-08-15 12:45:01'),
(416, 14, 524, 176820, 176820, NULL, '2015-08-15 12:45:01'),
(417, 14, 524, 176821, 176821, NULL, '2015-08-15 12:45:01'),
(418, 4, 522, 176814, 176814, NULL, '2015-08-15 12:45:08'),
(425, 8, 524, 176820, 176820, NULL, '2015-08-15 12:45:20'),
(426, 8, 524, 176821, 176821, NULL, '2015-08-15 12:45:20'),
(427, 15, 523, 176816, 176816, NULL, '2015-08-15 12:45:22'),
(429, 1, 521, 176808, 176808, NULL, '2015-08-15 12:45:27'),
(430, 2, 521, 176808, 176808, NULL, '2015-08-15 12:45:29'),
(432, 6, 523, 176816, 176816, NULL, '2015-08-15 12:45:29'),
(433, 16, 521, 176807, 176807, NULL, '2015-08-15 12:45:32'),
(437, 3, 525, 176824, 176824, NULL, '2015-08-15 12:45:36'),
(438, 3, 525, 176826, 176826, NULL, '2015-08-15 12:45:36'),
(439, 3, 525, 176827, 176827, NULL, '2015-08-15 12:45:36'),
(441, 19, 523, 176817, 176817, NULL, '2015-08-15 12:45:41'),
(442, 5, 528, 176839, 176839, NULL, '2015-08-15 12:45:42'),
(444, 12, 519, 176800, 176800, NULL, '2015-08-15 12:45:44'),
(446, 12, 520, 176805, 176805, NULL, '2015-08-15 12:45:45'),
(447, 14, 525, 176824, 176824, NULL, '2015-08-15 12:45:46'),
(448, 14, 525, 176826, 176826, NULL, '2015-08-15 12:45:46'),
(449, 14, 525, 176827, 176827, NULL, '2015-08-15 12:45:46'),
(450, 3, 526, 176829, 176829, NULL, '2015-08-15 12:45:47'),
(451, 3, 526, 176832, 176832, NULL, '2015-08-15 12:45:47'),
(452, 3, 526, 176833, 176833, NULL, '2015-08-15 12:45:47'),
(453, 21, 519, 176799, 176799, NULL, '2015-08-15 12:45:48'),
(454, 18, 521, 176810, 176810, NULL, '2015-08-15 12:45:50'),
(455, 13, 521, 176810, 176810, NULL, '2015-08-15 12:45:54'),
(456, 1, 522, 176811, 176811, NULL, '2015-08-15 12:45:54'),
(457, 9, 521, 176810, 176810, NULL, '2015-08-15 12:45:54'),
(458, 22, 518, 176795, 176795, NULL, '2015-08-15 12:45:56'),
(460, 8, 525, 176824, 176824, NULL, '2015-08-15 12:45:59'),
(461, 8, 525, 176826, 176826, NULL, '2015-08-15 12:45:59'),
(462, 8, 525, 176827, 176827, NULL, '2015-08-15 12:45:59'),
(463, 10, 522, 176813, 176813, NULL, '2015-08-15 12:45:59'),
(464, 4, 523, 176816, 176816, NULL, '2015-08-15 12:45:59'),
(465, 14, 526, 176829, 176829, NULL, '2015-08-15 12:46:01'),
(466, 14, 526, 176832, 176832, NULL, '2015-08-15 12:46:01'),
(467, 11, 522, 176814, 176814, NULL, '2015-08-15 12:46:04'),
(468, 5, 529, 176844, 176844, NULL, '2015-08-15 12:46:07'),
(469, 15, 524, 176820, 176820, NULL, '2015-08-15 12:46:08'),
(470, 15, 524, 176821, 176821, NULL, '2015-08-15 12:46:08'),
(471, 8, 526, 176829, 176829, NULL, '2015-08-15 12:46:08'),
(472, 8, 526, 176832, 176832, NULL, '2015-08-15 12:46:08'),
(473, 8, 526, 176833, 176833, NULL, '2015-08-15 12:46:08'),
(474, 21, 520, 176805, 176805, NULL, '2015-08-15 12:46:09'),
(475, 6, 524, 176820, 176820, NULL, '2015-08-15 12:46:10'),
(476, 6, 524, 176821, 176821, NULL, '2015-08-15 12:46:10'),
(477, 6, 524, 176822, 176822, NULL, '2015-08-15 12:46:10'),
(478, 2, 522, 176814, 176814, NULL, '2015-08-15 12:46:13'),
(479, 19, 524, 176820, 176820, NULL, '2015-08-15 12:46:17'),
(480, 19, 524, 176821, 176821, NULL, '2015-08-15 12:46:17'),
(483, 3, 527, 176834, 176834, NULL, '2015-08-15 12:46:22'),
(486, 6, 525, 176824, 176824, NULL, '2015-08-15 12:46:31'),
(487, 6, 525, 176826, 176826, NULL, '2015-08-15 12:46:31'),
(488, 6, 525, 176827, 176827, NULL, '2015-08-15 12:46:31'),
(489, 12, 521, 176807, 176807, NULL, '2015-08-15 12:46:32'),
(491, 5, 530, 176847, 176847, NULL, '2015-08-15 12:46:32'),
(492, 5, 530, 176848, 176848, NULL, '2015-08-15 12:46:32'),
(494, 14, 527, 176834, 176834, NULL, '2015-08-15 12:46:35'),
(495, 11, 523, 176816, 176816, NULL, '2015-08-15 12:46:44'),
(496, 13, 522, 176811, 176811, NULL, '2015-08-15 12:46:45'),
(497, 10, 523, 176816, 176816, NULL, '2015-08-15 12:46:45'),
(498, 19, 525, 176824, 176824, NULL, '2015-08-15 12:46:46'),
(499, 19, 525, 176826, 176826, NULL, '2015-08-15 12:46:46'),
(500, 19, 525, 176827, 176827, NULL, '2015-08-15 12:46:46'),
(501, 8, 527, 176837, 176837, NULL, '2015-08-15 12:46:48'),
(502, 6, 526, 176829, 176829, NULL, '2015-08-15 12:46:48'),
(503, 6, 526, 176831, 176831, NULL, '2015-08-15 12:46:48'),
(504, 6, 526, 176832, 176832, NULL, '2015-08-15 12:46:48'),
(505, 6, 526, 176833, 176833, NULL, '2015-08-15 12:46:48'),
(508, 15, 525, 176824, 176824, NULL, '2015-08-15 12:46:49'),
(509, 15, 525, 176827, 176827, NULL, '2015-08-15 12:46:49'),
(510, 3, 528, 176839, 176839, NULL, '2015-08-15 12:46:52'),
(511, 16, 522, 176814, 176814, NULL, '2015-08-15 12:46:53'),
(512, 21, 521, 176809, 176809, NULL, '2015-08-15 12:46:54'),
(514, 14, 528, 176840, 176840, NULL, '2015-08-15 12:47:00'),
(517, 15, 526, 176829, 176829, NULL, '2015-08-15 12:47:03'),
(518, 15, 526, 176833, 176833, NULL, '2015-08-15 12:47:03'),
(519, 1, 523, 176816, 176816, NULL, '2015-08-15 12:47:05'),
(520, 19, 526, 176829, 176829, NULL, '2015-08-15 12:47:07'),
(521, 19, 526, 176832, 176832, NULL, '2015-08-15 12:47:07'),
(522, 19, 526, 176833, 176833, NULL, '2015-08-15 12:47:07'),
(523, 4, 524, 176820, 176820, NULL, '2015-08-15 12:47:08'),
(524, 4, 524, 176821, 176821, NULL, '2015-08-15 12:47:08'),
(526, 5, 531, 176852, 176852, NULL, '2015-08-15 12:47:15'),
(529, 10, 524, 176819, 176819, NULL, '2015-08-15 12:47:19'),
(530, 10, 524, 176821, 176821, NULL, '2015-08-15 12:47:19'),
(531, 10, 524, 176823, 176823, NULL, '2015-08-15 12:47:19'),
(532, 2, 523, 176817, 176817, NULL, '2015-08-15 12:47:20'),
(536, 1, 524, 176820, 176820, NULL, '2015-08-15 12:47:26'),
(537, 1, 524, 176821, 176821, NULL, '2015-08-15 12:47:26'),
(538, 6, 527, 176837, 176837, NULL, '2015-08-15 12:47:29'),
(539, 14, 529, 176843, 176843, NULL, '2015-08-15 12:47:29'),
(540, 15, 527, 176834, 176834, NULL, '2015-08-15 12:47:30'),
(542, 4, 525, 176826, 176826, NULL, '2015-08-15 12:47:35'),
(543, 4, 525, 176827, 176827, NULL, '2015-08-15 12:47:35'),
(544, 8, 528, 176841, 176841, NULL, '2015-08-15 12:47:35'),
(545, 12, 522, 176811, 176811, NULL, '2015-08-15 12:47:36'),
(546, 18, 522, 176811, 176811, NULL, '2015-08-15 12:47:38'),
(547, 19, 527, 176836, 176836, NULL, '2015-08-15 12:47:41'),
(548, 4, 526, 176829, 176829, NULL, '2015-08-15 12:47:46'),
(549, 4, 526, 176833, 176833, NULL, '2015-08-15 12:47:46'),
(550, 16, 523, 176816, 176816, NULL, '2015-08-15 12:47:48'),
(551, 11, 524, 176820, 176820, NULL, '2015-08-15 12:47:56'),
(552, 21, 522, 176811, 176811, NULL, '2015-08-15 12:47:56'),
(553, 13, 523, 176817, 176817, NULL, '2015-08-15 12:47:57'),
(554, 14, 530, 176848, 176848, NULL, '2015-08-15 12:47:59'),
(557, 2, 524, 176820, 176820, NULL, '2015-08-15 12:48:00'),
(558, 2, 524, 176822, 176822, NULL, '2015-08-15 12:48:00'),
(559, 1, 525, 176824, 176824, NULL, '2015-08-15 12:48:01'),
(560, 1, 525, 176826, 176826, NULL, '2015-08-15 12:48:01'),
(561, 1, 525, 176827, 176827, NULL, '2015-08-15 12:48:01'),
(563, 15, 528, 176840, 176840, NULL, '2015-08-15 12:48:07'),
(564, 4, 527, 176835, 176835, NULL, '2015-08-15 12:48:10'),
(566, 10, 525, 176824, 176824, NULL, '2015-08-15 12:48:10'),
(567, 10, 525, 176826, 176826, NULL, '2015-08-15 12:48:10'),
(568, 10, 525, 176827, 176827, NULL, '2015-08-15 12:48:10'),
(569, 10, 525, 176828, 176828, NULL, '2015-08-15 12:48:10'),
(570, 19, 528, 176840, 176840, NULL, '2015-08-15 12:48:10'),
(571, 9, 522, 176812, 176812, NULL, '2015-08-15 12:48:12'),
(573, 6, 528, 176840, 176840, NULL, '2015-08-15 12:48:12'),
(574, 16, 524, 176820, 176820, NULL, '2015-08-15 12:48:15'),
(575, 16, 524, 176821, 176821, NULL, '2015-08-15 12:48:15'),
(576, 8, 529, 176843, 176843, NULL, '2015-08-15 12:48:15'),
(577, 1, 526, 176829, 176829, NULL, '2015-08-15 12:48:21'),
(578, 1, 526, 176832, 176832, NULL, '2015-08-15 12:48:21'),
(579, 1, 526, 176833, 176833, NULL, '2015-08-15 12:48:21'),
(580, 10, 526, 176829, 176829, NULL, '2015-08-15 12:48:21'),
(581, 10, 526, 176832, 176832, NULL, '2015-08-15 12:48:21'),
(582, 10, 526, 176833, 176833, NULL, '2015-08-15 12:48:21'),
(584, 9, 523, 176815, 176815, NULL, '2015-08-15 12:48:26'),
(588, 15, 529, 176843, 176843, NULL, '2015-08-15 12:48:32'),
(589, 19, 529, 176843, 176843, NULL, '2015-08-15 12:48:33'),
(590, 3, 529, 176842, 176842, NULL, '2015-08-15 12:48:36'),
(591, 5, 532, 176857, 176857, NULL, '2015-08-15 12:48:38'),
(594, 2, 525, 176824, 176824, NULL, '2015-08-15 12:48:41'),
(595, 2, 525, 176826, 176826, NULL, '2015-08-15 12:48:41'),
(596, 2, 525, 176827, 176827, NULL, '2015-08-15 12:48:41'),
(597, 6, 529, 176843, 176843, NULL, '2015-08-15 12:48:44'),
(598, 21, 523, 176817, 176817, NULL, '2015-08-15 12:48:46'),
(599, 4, 528, 176840, 176840, NULL, '2015-08-15 12:48:46'),
(601, 12, 523, 176816, 176816, NULL, '2015-08-15 12:48:46'),
(602, 8, 530, 176847, 176847, NULL, '2015-08-15 12:48:48'),
(603, 2, 526, 176829, 176829, NULL, '2015-08-15 12:48:49'),
(604, 2, 526, 176832, 176832, NULL, '2015-08-15 12:48:49'),
(605, 2, 526, 176833, 176833, NULL, '2015-08-15 12:48:49'),
(606, 10, 527, 176834, 176834, NULL, '2015-08-15 12:48:49'),
(607, 14, 531, 176853, 176853, NULL, '2015-08-15 12:48:50'),
(608, 11, 525, 176825, 176825, NULL, '2015-08-15 12:48:54'),
(609, 11, 525, 176826, 176826, NULL, '2015-08-15 12:48:54'),
(610, 11, 525, 176827, 176827, NULL, '2015-08-15 12:48:54'),
(611, 16, 525, 176826, 176826, NULL, '2015-08-15 12:48:57'),
(612, 16, 525, 176827, 176827, NULL, '2015-08-15 12:48:57'),
(613, 22, 519, 176802, 176802, NULL, '2015-08-15 12:49:03'),
(614, 1, 527, 176836, 176836, NULL, '2015-08-15 12:49:08'),
(617, 13, 524, 176820, 176820, NULL, '2015-08-15 12:49:11'),
(618, 13, 524, 176821, 176821, NULL, '2015-08-15 12:49:11'),
(619, 4, 529, 176845, 176845, NULL, '2015-08-15 12:49:12'),
(620, 15, 530, 176847, 176847, NULL, '2015-08-15 12:49:14'),
(625, 6, 530, 176848, 176848, NULL, '2015-08-15 12:49:22'),
(626, 5, 533, 176859, 176859, NULL, '2015-08-15 12:49:23'),
(627, 5, 533, 176860, 176860, NULL, '2015-08-15 12:49:23'),
(628, 14, 532, 176857, 176857, NULL, '2015-08-15 12:49:27'),
(629, 3, 530, 176847, 176847, NULL, '2015-08-15 12:49:28'),
(630, 19, 530, 176847, 176847, NULL, '2015-08-15 12:49:28'),
(631, 19, 530, 176848, 176848, NULL, '2015-08-15 12:49:28'),
(632, 16, 526, 176829, 176829, NULL, '2015-08-15 12:49:30'),
(633, 16, 526, 176833, 176833, NULL, '2015-08-15 12:49:30'),
(634, 10, 528, 176840, 176840, NULL, '2015-08-15 12:49:36'),
(635, 12, 524, 176819, 176819, NULL, '2015-08-15 12:49:36'),
(636, 12, 524, 176821, 176821, NULL, '2015-08-15 12:49:36'),
(640, 2, 527, 176835, 176835, NULL, '2015-08-15 12:49:38'),
(641, 11, 526, 176829, 176829, NULL, '2015-08-15 12:49:38'),
(642, 11, 526, 176831, 176831, NULL, '2015-08-15 12:49:38'),
(643, 11, 526, 176832, 176832, NULL, '2015-08-15 12:49:38'),
(644, 11, 526, 176833, 176833, NULL, '2015-08-15 12:49:38'),
(645, 5, 534, 176863, 176863, NULL, '2015-08-15 12:49:39'),
(646, 5, 534, 176864, 176864, NULL, '2015-08-15 12:49:39'),
(647, 5, 534, 176867, 176867, NULL, '2015-08-15 12:49:39'),
(650, 22, 520, 176805, 176805, NULL, '2015-08-15 12:49:41'),
(651, 9, 524, 176821, 176821, NULL, '2015-08-15 12:49:43'),
(652, 9, 524, 176823, 176823, NULL, '2015-08-15 12:49:43'),
(653, 13, 525, 176824, 176824, NULL, '2015-08-15 12:49:46'),
(654, 13, 525, 176825, 176825, NULL, '2015-08-15 12:49:46'),
(655, 16, 527, 176834, 176834, NULL, '2015-08-15 12:50:00'),
(656, 1, 528, 176839, 176839, NULL, '2015-08-15 12:50:02'),
(658, 11, 527, 176834, 176834, NULL, '2015-08-15 12:50:04'),
(659, 4, 530, 176847, 176847, NULL, '2015-08-15 12:50:05'),
(660, 13, 526, 176829, 176829, NULL, '2015-08-15 12:50:05'),
(661, 13, 526, 176832, 176832, NULL, '2015-08-15 12:50:05'),
(662, 13, 526, 176833, 176833, NULL, '2015-08-15 12:50:05'),
(663, 8, 531, 176851, 176851, NULL, '2015-08-15 12:50:06'),
(664, 6, 531, 176853, 176853, NULL, '2015-08-15 12:50:06'),
(667, 15, 531, 176851, 176851, NULL, '2015-08-15 12:50:09'),
(668, 21, 524, 176820, 176820, NULL, '2015-08-15 12:50:10'),
(669, 21, 524, 176821, 176821, NULL, '2015-08-15 12:50:10'),
(670, 18, 523, 176817, 176817, NULL, '2015-08-15 12:50:18'),
(671, 14, 533, 176860, 176860, NULL, '2015-08-15 12:50:23'),
(674, 16, 528, 176840, 176840, NULL, '2015-08-15 12:50:32'),
(675, 12, 525, 176824, 176824, NULL, '2015-08-15 12:50:32'),
(676, 12, 525, 176828, 176828, NULL, '2015-08-15 12:50:32'),
(677, 10, 529, 176843, 176843, NULL, '2015-08-15 12:50:33'),
(678, 3, 531, 176851, 176851, NULL, '2015-08-15 12:50:35'),
(679, 14, 534, 176863, 176863, NULL, '2015-08-15 12:50:39'),
(680, 14, 534, 176864, 176864, NULL, '2015-08-15 12:50:39'),
(681, 14, 534, 176865, 176865, NULL, '2015-08-15 12:50:39'),
(682, 14, 534, 176866, 176866, NULL, '2015-08-15 12:50:39'),
(683, 14, 534, 176867, 176867, NULL, '2015-08-15 12:50:39'),
(685, 13, 527, 176834, 176834, NULL, '2015-08-15 12:50:41'),
(689, 12, 526, 176829, 176829, NULL, '2015-08-15 12:50:46'),
(690, 12, 526, 176832, 176832, NULL, '2015-08-15 12:50:46'),
(691, 12, 526, 176833, 176833, NULL, '2015-08-15 12:50:46'),
(692, 2, 528, 176840, 176840, NULL, '2015-08-15 12:50:47'),
(693, 1, 529, 176843, 176843, NULL, '2015-08-15 12:50:51'),
(694, 6, 532, 176857, 176857, NULL, '2015-08-15 12:50:54'),
(695, 9, 525, 176825, 176825, NULL, '2015-08-15 12:50:56'),
(696, 9, 525, 176826, 176826, NULL, '2015-08-15 12:50:56'),
(697, 9, 525, 176827, 176827, NULL, '2015-08-15 12:50:56'),
(699, 15, 532, 176857, 176857, NULL, '2015-08-15 12:50:57'),
(700, 4, 531, 176851, 176851, NULL, '2015-08-15 12:51:00'),
(701, 8, 532, 176857, 176857, NULL, '2015-08-15 12:51:01'),
(703, 21, 525, 176824, 176824, NULL, '2015-08-15 12:51:05'),
(704, 21, 525, 176825, 176825, NULL, '2015-08-15 12:51:05'),
(705, 21, 525, 176826, 176826, NULL, '2015-08-15 12:51:05'),
(706, 3, 532, 176857, 176857, NULL, '2015-08-15 12:51:08'),
(708, 9, 526, 176829, 176829, NULL, '2015-08-15 12:51:10'),
(709, 9, 526, 176831, 176831, NULL, '2015-08-15 12:51:10'),
(710, 9, 526, 176833, 176833, NULL, '2015-08-15 12:51:10'),
(711, 18, 524, 176820, 176820, NULL, '2015-08-15 12:51:12'),
(712, 18, 524, 176821, 176821, NULL, '2015-08-15 12:51:12'),
(713, 18, 524, 176822, 176822, NULL, '2015-08-15 12:51:12'),
(714, 5, 535, 176869, 176869, NULL, '2015-08-15 12:51:20'),
(716, 10, 530, 176848, 176848, NULL, '2015-08-15 12:51:21'),
(717, 13, 528, 176841, 176841, NULL, '2015-08-15 12:51:21'),
(718, 2, 529, 176843, 176843, NULL, '2015-08-15 12:51:29'),
(721, 6, 533, 176859, 176859, NULL, '2015-08-15 12:51:30'),
(722, 6, 533, 176860, 176860, NULL, '2015-08-15 12:51:30'),
(723, 22, 521, 176807, 176807, NULL, '2015-08-15 12:51:30'),
(724, 11, 528, 176840, 176840, NULL, '2015-08-15 12:51:32'),
(725, 1, 530, 176847, 176847, NULL, '2015-08-15 12:51:40'),
(726, 1, 530, 176848, 176848, NULL, '2015-08-15 12:51:40'),
(727, 12, 527, 176835, 176835, NULL, '2015-08-15 12:51:41'),
(728, 6, 534, 176863, 176863, NULL, '2015-08-15 12:51:43'),
(729, 6, 534, 176864, 176864, NULL, '2015-08-15 12:51:43'),
(730, 6, 534, 176865, 176865, NULL, '2015-08-15 12:51:43'),
(731, 4, 532, 176857, 176857, NULL, '2015-08-15 12:51:44'),
(732, 14, 535, 176868, 176868, NULL, '2015-08-15 12:51:47'),
(733, 21, 526, 176829, 176829, NULL, '2015-08-15 12:51:47'),
(734, 21, 526, 176832, 176832, NULL, '2015-08-15 12:51:47'),
(735, 21, 526, 176833, 176833, NULL, '2015-08-15 12:51:47'),
(738, 22, 522, 176811, 176811, NULL, '2015-08-15 12:52:04'),
(739, 13, 529, 176843, 176843, NULL, '2015-08-15 12:52:04'),
(740, 21, 527, 176834, 176834, NULL, '2015-08-15 12:52:08'),
(741, 15, 533, 176859, 176859, NULL, '2015-08-15 12:52:09'),
(742, 15, 533, 176860, 176860, NULL, '2015-08-15 12:52:09'),
(743, 10, 531, 176851, 176851, NULL, '2015-08-15 12:52:10'),
(745, 3, 533, 176860, 176860, NULL, '2015-08-15 12:52:14'),
(746, 9, 527, 176836, 176836, NULL, '2015-08-15 12:52:20'),
(747, 12, 528, 176840, 176840, NULL, '2015-08-15 12:52:25'),
(748, 1, 531, 176851, 176851, NULL, '2015-08-15 12:52:26'),
(752, 15, 534, 176863, 176863, NULL, '2015-08-15 12:52:27'),
(753, 15, 534, 176866, 176866, NULL, '2015-08-15 12:52:27'),
(754, 15, 534, 176867, 176867, NULL, '2015-08-15 12:52:27'),
(755, 11, 529, 176844, 176844, NULL, '2015-08-15 12:52:31'),
(756, 18, 525, 176824, 176824, NULL, '2015-08-15 12:52:33'),
(757, 18, 525, 176826, 176826, NULL, '2015-08-15 12:52:33'),
(758, 18, 525, 176827, 176827, NULL, '2015-08-15 12:52:33'),
(759, 2, 530, 176847, 176847, NULL, '2015-08-15 12:52:36'),
(760, 2, 530, 176848, 176848, NULL, '2015-08-15 12:52:36'),
(761, 6, 535, 176870, 176870, NULL, '2015-08-15 12:52:38'),
(762, 16, 529, 176842, 176842, NULL, '2015-08-15 12:52:39'),
(763, 3, 534, 176863, 176863, NULL, '2015-08-15 12:52:42'),
(764, 3, 534, 176864, 176864, NULL, '2015-08-15 12:52:42'),
(765, 3, 534, 176865, 176865, NULL, '2015-08-15 12:52:42'),
(767, 21, 528, 176840, 176840, NULL, '2015-08-15 12:52:50'),
(768, 22, 523, 176816, 176816, NULL, '2015-08-15 12:52:51'),
(771, 13, 530, 176847, 176847, NULL, '2015-08-15 12:52:51'),
(773, 4, 533, 176859, 176859, NULL, '2015-08-15 12:52:56'),
(774, 4, 533, 176860, 176860, NULL, '2015-08-15 12:52:56'),
(776, 10, 532, 176857, 176857, NULL, '2015-08-15 12:53:03'),
(777, 4, 534, 176863, 176863, NULL, '2015-08-15 12:53:06'),
(778, 4, 534, 176864, 176864, NULL, '2015-08-15 12:53:06'),
(779, 4, 534, 176865, 176865, NULL, '2015-08-15 12:53:06'),
(780, 4, 534, 176867, 176867, NULL, '2015-08-15 12:53:06'),
(781, 21, 529, 176842, 176842, NULL, '2015-08-15 12:53:12'),
(782, 16, 530, 176847, 176847, NULL, '2015-08-15 12:53:13'),
(783, 11, 530, 176847, 176847, NULL, '2015-08-15 12:53:15'),
(784, 11, 530, 176848, 176848, NULL, '2015-08-15 12:53:15'),
(785, 8, 533, 176859, 176859, NULL, '2015-08-15 12:53:17'),
(786, 8, 533, 176860, 176860, NULL, '2015-08-15 12:53:17'),
(788, 12, 529, 176844, 176844, NULL, '2015-08-15 12:53:26'),
(790, 18, 526, 176829, 176829, NULL, '2015-08-15 12:53:29'),
(791, 18, 526, 176831, 176831, NULL, '2015-08-15 12:53:29'),
(792, 18, 526, 176833, 176833, NULL, '2015-08-15 12:53:29'),
(793, 3, 535, 176868, 176868, NULL, '2015-08-15 12:53:34'),
(794, 15, 535, 176872, 176872, NULL, '2015-08-15 12:53:36'),
(798, 10, 533, 176859, 176859, NULL, '2015-08-15 12:53:39'),
(799, 10, 533, 176860, 176860, NULL, '2015-08-15 12:53:39'),
(800, 1, 532, 176857, 176857, NULL, '2015-08-15 12:53:41'),
(801, 16, 531, 176851, 176851, NULL, '2015-08-15 12:53:48'),
(802, 18, 527, 176834, 176834, NULL, '2015-08-15 12:53:51'),
(803, 13, 531, 176851, 176851, NULL, '2015-08-15 12:53:55'),
(804, 21, 530, 176847, 176847, NULL, '2015-08-15 12:54:00'),
(806, 8, 534, 176863, 176863, NULL, '2015-08-15 12:54:01'),
(807, 8, 534, 176864, 176864, NULL, '2015-08-15 12:54:01'),
(808, 8, 534, 176865, 176865, NULL, '2015-08-15 12:54:01'),
(809, 8, 534, 176867, 176867, NULL, '2015-08-15 12:54:01'),
(810, 9, 528, 176839, 176839, NULL, '2015-08-15 12:54:10'),
(811, 2, 531, 176853, 176853, NULL, '2015-08-15 12:54:11'),
(812, 19, 531, 176851, 176851, NULL, '2015-08-15 12:54:17'),
(813, 12, 530, 176847, 176847, NULL, '2015-08-15 12:54:17'),
(814, 10, 534, 176863, 176863, NULL, '2015-08-15 12:54:18'),
(815, 10, 534, 176866, 176866, NULL, '2015-08-15 12:54:18'),
(816, 19, 532, 176857, 176857, NULL, '2015-08-15 12:54:18'),
(817, 4, 535, 176872, 176872, NULL, '2015-08-15 12:54:18'),
(818, 11, 531, 176851, 176851, NULL, '2015-08-15 12:54:23'),
(819, 19, 533, 176862, 176862, NULL, '2015-08-15 12:54:23'),
(820, 3, 536, 176873, NULL, '', '2015-08-15 12:54:27'),
(821, 16, 532, 176857, 176857, NULL, '2015-08-15 12:54:30'),
(822, 6, 536, 176873, NULL, 'Vivek=Vivek Gupta=Gupta', '2015-08-15 12:54:31'),
(824, 21, 531, 176850, 176850, NULL, '2015-08-15 12:54:33'),
(825, 19, 534, 176863, 176863, NULL, '2015-08-15 12:54:36'),
(826, 19, 534, 176864, 176864, NULL, '2015-08-15 12:54:36'),
(827, 22, 524, 176820, 176820, NULL, '2015-08-15 12:54:39'),
(828, 22, 524, 176821, 176821, NULL, '2015-08-15 12:54:39'),
(832, 13, 532, 176857, 176857, NULL, '2015-08-15 12:54:54'),
(833, 2, 532, 176857, 176857, NULL, '2015-08-15 12:55:06'),
(834, 9, 529, 176843, 176843, NULL, '2015-08-15 12:55:08'),
(836, 18, 528, 176841, 176841, NULL, '2015-08-15 12:55:11'),
(837, 21, 532, 176857, 176857, NULL, '2015-08-15 12:55:15'),
(838, 16, 533, 176860, 176860, NULL, '2015-08-15 12:55:17'),
(840, 12, 531, 176851, 176851, NULL, '2015-08-15 12:55:24'),
(841, 11, 532, 176857, 176857, NULL, '2015-08-15 12:55:31'),
(842, 19, 535, 176868, 176868, NULL, '2015-08-15 12:55:34'),
(843, 8, 535, 176872, 176872, NULL, '2015-08-15 12:55:36'),
(844, 1, 533, 176859, 176859, NULL, '2015-08-15 12:55:43'),
(845, 1, 533, 176860, 176860, NULL, '2015-08-15 12:55:43'),
(847, 15, 536, 176873, NULL, 'Vivek=Vivek gupta=gupta', '2015-08-15 12:55:46'),
(849, 18, 529, 176843, 176843, NULL, '2015-08-15 12:55:53'),
(850, 10, 535, 176868, 176868, NULL, '2015-08-15 12:55:53'),
(851, 4, 536, 176873, NULL, 'compile error st2 not declared', '2015-08-15 12:56:01'),
(852, 1, 534, 176863, 176863, NULL, '2015-08-15 12:56:05'),
(853, 9, 530, 176849, 176849, NULL, '2015-08-15 12:56:07'),
(857, 21, 533, 176860, 176860, NULL, '2015-08-15 12:56:33'),
(859, 20, 514, 176780, 176780, NULL, '2015-08-15 12:56:44'),
(860, 11, 533, 176860, 176860, NULL, '2015-08-15 12:56:44'),
(861, 13, 533, 176859, 176859, NULL, '2015-08-15 12:56:45'),
(862, 13, 533, 176860, 176860, NULL, '2015-08-15 12:56:45'),
(863, 20, 515, 176783, 176783, NULL, '2015-08-15 12:56:47'),
(864, 20, 516, 176789, 176789, NULL, '2015-08-15 12:56:48'),
(865, 20, 517, 176792, 176792, NULL, '2015-08-15 12:56:49'),
(866, 20, 518, 176795, 176795, NULL, '2015-08-15 12:56:50'),
(867, 2, 533, 176859, 176859, NULL, '2015-08-15 12:56:51'),
(868, 21, 534, 176863, 176863, NULL, '2015-08-15 12:56:52'),
(869, 21, 534, 176864, 176864, NULL, '2015-08-15 12:56:52'),
(870, 21, 534, 176865, 176865, NULL, '2015-08-15 12:56:52'),
(871, 21, 534, 176866, 176866, NULL, '2015-08-15 12:56:52'),
(875, 20, 519, 176801, 176801, NULL, '2015-08-15 12:56:55'),
(877, 12, 532, 176857, 176857, NULL, '2015-08-15 12:56:55'),
(878, 20, 520, 176805, 176805, NULL, '2015-08-15 12:56:56'),
(879, 22, 525, 176826, 176826, NULL, '2015-08-15 12:56:58'),
(880, 22, 525, 176827, 176827, NULL, '2015-08-15 12:56:58'),
(881, 15, 537, 176876, 176876, NULL, '2015-08-15 12:56:59'),
(882, 16, 535, 176868, 176868, NULL, '2015-08-15 12:57:01'),
(883, 3, 537, 176876, 176876, NULL, '2015-08-15 12:57:02'),
(884, 2, 534, 176863, 176863, NULL, '2015-08-15 12:57:05'),
(885, 2, 534, 176864, 176864, NULL, '2015-08-15 12:57:05'),
(886, 2, 534, 176867, 176867, NULL, '2015-08-15 12:57:05'),
(887, 14, 537, 176876, 176876, NULL, '2015-08-15 12:57:07'),
(890, 13, 534, 176863, 176863, NULL, '2015-08-15 12:57:10'),
(891, 13, 534, 176864, 176864, NULL, '2015-08-15 12:57:10'),
(892, 8, 536, 176873, NULL, 'Vivek=Vivek Gupta=Gupta', '2015-08-15 12:57:10'),
(894, 11, 534, 176866, 176866, NULL, '2015-08-15 12:57:12'),
(895, 11, 534, 176867, 176867, NULL, '2015-08-15 12:57:12'),
(896, 22, 526, 176829, 176829, NULL, '2015-08-15 12:57:17'),
(897, 22, 526, 176831, 176831, NULL, '2015-08-15 12:57:17'),
(898, 22, 526, 176832, 176832, NULL, '2015-08-15 12:57:17'),
(899, 22, 526, 176833, 176833, NULL, '2015-08-15 12:57:17'),
(901, 20, 521, 176809, 176809, NULL, '2015-08-15 12:57:24'),
(902, 18, 530, 176847, 176847, NULL, '2015-08-15 12:57:27'),
(903, 18, 530, 176848, 176848, NULL, '2015-08-15 12:57:27'),
(904, 4, 537, 176875, 176875, NULL, '2015-08-15 12:57:31'),
(905, 1, 535, 176872, 176872, NULL, '2015-08-15 12:57:32'),
(906, 9, 531, 176853, 176853, NULL, '2015-08-15 12:57:36'),
(907, 20, 522, 176811, 176811, NULL, '2015-08-15 12:57:36'),
(908, 6, 537, 176876, 176876, NULL, '2015-08-15 12:57:39'),
(910, 12, 533, 176860, 176860, NULL, '2015-08-15 12:57:41'),
(911, 20, 523, 176816, 176816, NULL, '2015-08-15 12:57:43'),
(912, 12, 534, 176863, 176863, NULL, '2015-08-15 12:57:51'),
(913, 12, 534, 176864, 176864, NULL, '2015-08-15 12:57:51'),
(914, 12, 534, 176866, 176866, NULL, '2015-08-15 12:57:51'),
(915, 20, 524, 176820, 176820, NULL, '2015-08-15 12:57:54'),
(916, 20, 524, 176821, 176821, NULL, '2015-08-15 12:57:54'),
(917, 22, 527, 176834, 176834, NULL, '2015-08-15 12:57:59'),
(919, 20, 525, 176824, 176824, NULL, '2015-08-15 12:58:04'),
(920, 20, 525, 176826, 176826, NULL, '2015-08-15 12:58:04'),
(921, 20, 525, 176827, 176827, NULL, '2015-08-15 12:58:04'),
(922, 20, 526, 176829, 176829, NULL, '2015-08-15 12:58:09'),
(923, 20, 526, 176831, 176831, NULL, '2015-08-15 12:58:09'),
(924, 20, 526, 176832, 176832, NULL, '2015-08-15 12:58:09'),
(925, 20, 526, 176833, 176833, NULL, '2015-08-15 12:58:09'),
(926, 2, 535, 176872, 176872, NULL, '2015-08-15 12:58:25'),
(930, 19, 536, 176873, NULL, 'Vivek=VivekGupta=Gupta', '2015-08-15 12:58:32'),
(936, 13, 535, 176872, 176872, NULL, '2015-08-15 12:58:38'),
(938, 20, 527, 176834, 176834, NULL, '2015-08-15 12:58:45'),
(939, 18, 531, 176853, 176853, NULL, '2015-08-15 12:58:46'),
(940, 20, 528, 176839, 176839, NULL, '2015-08-15 12:58:48'),
(941, 10, 536, 176873, NULL, 'V=Vivek G=Gupta', '2015-08-15 12:58:49'),
(943, 11, 535, 176872, 176872, NULL, '2015-08-15 12:58:50'),
(944, 21, 535, 176872, 176872, NULL, '2015-08-15 12:58:52'),
(946, 20, 529, 176843, 176843, NULL, '2015-08-15 12:58:56'),
(947, 5, 536, 176873, NULL, 'vivek=Vivek Gupta=gupta', '2015-08-15 12:59:00'),
(948, 1, 536, 176873, NULL, 'VivekVivek=Vivek GuptaGupta=Gupta', '2015-08-15 12:59:09'),
(949, 20, 530, 176847, 176847, NULL, '2015-08-15 12:59:12'),
(950, 22, 528, 176840, 176840, NULL, '2015-08-15 12:59:22'),
(951, 8, 537, 176876, 176876, NULL, '2015-08-15 12:59:35'),
(952, 19, 537, 176875, 176875, NULL, '2015-08-15 12:59:38'),
(955, 21, 536, 176873, NULL, 'Vivek Gupta', '2015-08-15 12:59:47'),
(956, 20, 531, 176853, 176853, NULL, '2015-08-15 12:59:48'),
(957, 2, 536, 176873, NULL, 'Vivek=Vivek Gupta=Gupta', '2015-08-15 12:59:49'),
(958, 20, 532, 176857, 176857, NULL, '2015-08-15 12:59:57'),
(962, 22, 529, 176844, 176844, NULL, '2015-08-15 13:00:09'),
(963, 10, 521, 176808, 176808, NULL, '2015-08-15 13:00:10'),
(964, 5, 537, 176876, 176876, NULL, '2015-08-15 13:00:12'),
(965, 20, 533, 176860, 176860, NULL, '2015-08-15 13:00:14'),
(966, 10, 537, 176875, 176875, NULL, '2015-08-15 13:00:15'),
(967, 11, 536, 176873, NULL, 'Vivek=Vivek Gupta=Gupta', '2015-08-15 13:00:17'),
(968, 9, 532, 176856, 176856, NULL, '2015-08-15 13:00:20'),
(970, 13, 536, 176873, NULL, 'Vivek=VivekGupta=Gupta', '2015-08-15 13:00:22'),
(971, 20, 534, 176863, 176863, NULL, '2015-08-15 13:00:25'),
(972, 20, 534, 176864, 176864, NULL, '2015-08-15 13:00:25'),
(973, 20, 534, 176867, 176867, NULL, '2015-08-15 13:00:25'),
(974, 18, 532, 176857, 176857, NULL, '2015-08-15 13:00:31'),
(975, 20, 535, 176868, 176868, NULL, '2015-08-15 13:00:33'),
(976, 16, 536, 176873, NULL, 'VivekGupta VivekGupta', '2015-08-15 13:00:34'),
(977, 20, 536, 176873, NULL, 'Vivek=Vivek Gupta=Gupta', '2015-08-15 13:00:55'),
(978, 22, 530, 176848, 176848, NULL, '2015-08-15 13:00:56'),
(981, 11, 537, 176876, 176876, NULL, '2015-08-15 13:01:01'),
(983, 12, 535, 176870, 176870, NULL, '2015-08-15 13:01:14'),
(986, 18, 533, 176859, 176859, NULL, '2015-08-15 13:01:43'),
(987, 18, 533, 176861, 176861, NULL, '2015-08-15 13:01:43'),
(988, 9, 533, 176861, 176861, NULL, '2015-08-15 13:01:43'),
(989, 9, 533, 176862, 176862, NULL, '2015-08-15 13:01:43'),
(990, 20, 537, 176877, 176877, NULL, '2015-08-15 13:01:44'),
(992, 12, 536, 176873, NULL, 'Vivek', '2015-08-15 13:01:51'),
(993, 17, 513, 176777, NULL, '20 40', '2015-08-15 13:01:52'),
(994, 2, 537, 176876, 176876, NULL, '2015-08-15 13:01:53'),
(995, 17, 514, 176780, 176780, NULL, '2015-08-15 13:01:56'),
(996, 9, 534, 176866, 176866, NULL, '2015-08-15 13:01:58'),
(997, 9, 534, 176867, 176867, NULL, '2015-08-15 13:01:58'),
(1000, 21, 537, 176876, 176876, NULL, '2015-08-15 13:02:00'),
(1001, 1, 514, 176779, 176779, NULL, '2015-08-15 13:02:07'),
(1003, 17, 515, 176782, 176782, NULL, '2015-08-15 13:02:07'),
(1004, 1, 515, 176782, 176782, NULL, '2015-08-15 13:02:07'),
(1005, 1, 516, 176789, 176789, NULL, '2015-08-15 13:02:08'),
(1006, 17, 516, 176786, 176786, NULL, '2015-08-15 13:02:09'),
(1007, 17, 517, 176792, 176792, NULL, '2015-08-15 13:02:11'),
(1008, 17, 518, 176796, 176796, NULL, '2015-08-15 13:02:13'),
(1009, 18, 534, 176866, 176866, NULL, '2015-08-15 13:02:14'),
(1010, 18, 534, 176867, 176867, NULL, '2015-08-15 13:02:14'),
(1011, 17, 519, 176800, 176800, NULL, '2015-08-15 13:02:19'),
(1012, 17, 520, 176804, 176804, NULL, '2015-08-15 13:02:22'),
(1013, 22, 531, 176853, 176853, NULL, '2015-08-15 13:02:23'),
(1014, 17, 521, 176807, 176807, NULL, '2015-08-15 13:02:24'),
(1015, 17, 522, 176814, 176814, NULL, '2015-08-15 13:02:25'),
(1016, 17, 523, 176818, 176818, NULL, '2015-08-15 13:02:26'),
(1017, 17, 524, 176821, 176821, NULL, '2015-08-15 13:02:30'),
(1018, 17, 525, 176824, 176824, NULL, '2015-08-15 13:02:38'),
(1019, 17, 525, 176825, 176825, NULL, '2015-08-15 13:02:38'),
(1020, 17, 526, 176829, 176829, NULL, '2015-08-15 13:02:39'),
(1021, 17, 526, 176832, 176832, NULL, '2015-08-15 13:02:39'),
(1022, 17, 527, 176834, 176834, NULL, '2015-08-15 13:02:41'),
(1023, 17, 528, 176840, 176840, NULL, '2015-08-15 13:02:42'),
(1024, 17, 529, 176842, 176842, NULL, '2015-08-15 13:02:44'),
(1025, 17, 530, 176847, 176847, NULL, '2015-08-15 13:02:46'),
(1026, 17, 530, 176848, 176848, NULL, '2015-08-15 13:02:46'),
(1027, 17, 531, 176853, 176853, NULL, '2015-08-15 13:02:47'),
(1028, 17, 532, 176857, 176857, NULL, '2015-08-15 13:02:51'),
(1029, 17, 533, 176859, 176859, NULL, '2015-08-15 13:02:52'),
(1030, 17, 533, 176860, 176860, NULL, '2015-08-15 13:02:52'),
(1031, 17, 534, 176863, 176863, NULL, '2015-08-15 13:02:53'),
(1032, 17, 534, 176866, 176866, NULL, '2015-08-15 13:02:53'),
(1033, 17, 534, 176867, 176867, NULL, '2015-08-15 13:02:53'),
(1034, 17, 535, 176870, 176870, NULL, '2015-08-15 13:02:55'),
(1035, 9, 535, 176868, 176868, NULL, '2015-08-15 13:02:58'),
(1036, 13, 537, 176877, 176877, NULL, '2015-08-15 13:03:04'),
(1040, 17, 536, 176873, NULL, 'vivek=vivek gupta=gupta', '2015-08-15 13:03:23'),
(1042, 22, 532, 176857, 176857, NULL, '2015-08-15 13:03:46'),
(1046, 7, 513, 176777, NULL, '20 40', '2015-08-15 13:03:54'),
(1047, 7, 514, 176779, 176779, NULL, '2015-08-15 13:03:55'),
(1048, 7, 515, 176782, 176782, NULL, '2015-08-15 13:03:55'),
(1049, 18, 535, 176870, 176870, NULL, '2015-08-15 13:03:56'),
(1050, 7, 516, 176787, 176787, NULL, '2015-08-15 13:03:56'),
(1051, 7, 517, 176790, 176790, NULL, '2015-08-15 13:03:57'),
(1052, 7, 518, 176796, 176796, NULL, '2015-08-15 13:03:59'),
(1053, 7, 518, 176797, 176797, NULL, '2015-08-15 13:03:59'),
(1054, 7, 518, 176798, 176798, NULL, '2015-08-15 13:03:59'),
(1055, 7, 519, 176800, 176800, NULL, '2015-08-15 13:04:01'),
(1056, 7, 520, 176805, 176805, NULL, '2015-08-15 13:04:03'),
(1057, 12, 537, 176877, 176877, NULL, '2015-08-15 13:04:03'),
(1058, 7, 521, 176807, 176807, NULL, '2015-08-15 13:04:04'),
(1059, 7, 522, 176811, 176811, NULL, '2015-08-15 13:04:05'),
(1060, 7, 523, 176817, 176817, NULL, '2015-08-15 13:04:06'),
(1061, 7, 524, 176820, 176820, NULL, '2015-08-15 13:04:07'),
(1062, 7, 524, 176822, 176822, NULL, '2015-08-15 13:04:07'),
(1063, 7, 524, 176823, 176823, NULL, '2015-08-15 13:04:07'),
(1064, 7, 525, 176824, 176824, NULL, '2015-08-15 13:04:08'),
(1065, 7, 525, 176826, 176826, NULL, '2015-08-15 13:04:08'),
(1066, 9, 536, 176873, NULL, 'Vivek=Vivek Gupta=Gupta', '2015-08-15 13:04:08'),
(1067, 7, 526, 176829, 176829, NULL, '2015-08-15 13:04:09'),
(1068, 7, 526, 176832, 176832, NULL, '2015-08-15 13:04:09'),
(1069, 7, 526, 176833, 176833, NULL, '2015-08-15 13:04:09'),
(1070, 7, 527, 176834, 176834, NULL, '2015-08-15 13:04:10'),
(1071, 7, 528, 176839, 176839, NULL, '2015-08-15 13:04:11'),
(1073, 7, 529, 176844, 176844, NULL, '2015-08-15 13:04:12'),
(1074, 17, 537, 176876, 176876, NULL, '2015-08-15 13:04:14'),
(1076, 7, 530, 176846, 176846, NULL, '2015-08-15 13:04:14'),
(1077, 7, 531, 176851, 176851, NULL, '2015-08-15 13:04:17');
INSERT INTO `user_answers` (`id`, `user_quiz_id`, `question_id`, `answer_id`, `user_answer_id`, `user_answer_text`, `added_date`) VALUES
(1078, 7, 532, 176857, 176857, NULL, '2015-08-15 13:04:18'),
(1079, 7, 533, 176859, 176859, NULL, '2015-08-15 13:04:19'),
(1084, 7, 534, 176863, 176863, NULL, '2015-08-15 13:04:20'),
(1085, 7, 534, 176864, 176864, NULL, '2015-08-15 13:04:20'),
(1086, 7, 534, 176865, 176865, NULL, '2015-08-15 13:04:20'),
(1087, 7, 534, 176866, 176866, NULL, '2015-08-15 13:04:20'),
(1088, 7, 535, 176870, 176870, NULL, '2015-08-15 13:04:21'),
(1089, 7, 536, 176873, NULL, '', '2015-08-15 13:04:22'),
(1090, 7, 537, 176875, 176875, NULL, '2015-08-15 13:04:28'),
(1091, 9, 537, 176877, 176877, NULL, '2015-08-15 13:04:42'),
(1092, 18, 536, 176873, NULL, 'Vivek=Gupta', '2015-08-15 13:04:52'),
(1093, 22, 533, 176860, 176860, NULL, '2015-08-15 13:05:40'),
(1094, 22, 534, 176863, 176863, NULL, '2015-08-15 13:05:58'),
(1095, 22, 534, 176864, 176864, NULL, '2015-08-15 13:05:58'),
(1096, 22, 534, 176867, 176867, NULL, '2015-08-15 13:05:58'),
(1097, 22, 535, 176872, 176872, NULL, '2015-08-15 13:07:40'),
(1098, 22, 536, 176873, NULL, 'srt1=Vivek srt2=Gupta', '2015-08-15 13:09:06'),
(1099, 22, 537, 176876, 176876, NULL, '2015-08-15 13:11:16'),
(1100, 23, 583, 177113, 177113, NULL, '2015-08-20 15:03:18'),
(1101, 23, 584, 177114, 177114, NULL, '2015-08-20 15:03:36'),
(1102, 23, 585, 177121, 177121, NULL, '2015-08-20 15:03:39'),
(1103, 24, 583, 177113, 177113, NULL, '2015-08-20 15:03:41'),
(1104, 24, 584, 177114, 177114, NULL, '2015-08-20 15:03:45'),
(1105, 23, 589, 177142, 177142, NULL, '2015-08-20 15:03:46'),
(1106, 24, 585, 177122, 177122, NULL, '2015-08-20 15:03:50'),
(1107, 23, 591, 177150, 177150, NULL, '2015-08-20 15:03:51'),
(1108, 24, 586, 177124, 177124, NULL, '2015-08-20 15:03:53'),
(1109, 24, 587, 177132, 177132, NULL, '2015-08-20 15:03:55'),
(1110, 24, 588, 177135, 177135, NULL, '2015-08-20 15:03:59'),
(1111, 23, 592, 177152, NULL, '', '2015-08-20 15:03:59'),
(1112, 23, 593, 177153, 177153, NULL, '2015-08-20 15:04:01'),
(1113, 24, 589, 177141, 177141, NULL, '2015-08-20 15:04:06'),
(1114, 24, 590, 177143, 177143, NULL, '2015-08-20 15:04:09'),
(1115, 23, 597, 177174, 177174, NULL, '2015-08-20 15:04:12'),
(1116, 24, 591, 177150, 177150, NULL, '2015-08-20 15:04:12'),
(1117, 24, 592, 177152, NULL, '312211', '2015-08-20 15:04:19'),
(1118, 24, 593, 177155, 177155, NULL, '2015-08-20 15:04:21'),
(1119, 24, 594, 177160, 177160, NULL, '2015-08-20 15:04:26'),
(1120, 24, 595, 177162, 177162, NULL, '2015-08-20 15:04:31'),
(1121, 24, 596, 177167, 177167, NULL, '2015-08-20 15:04:35'),
(1122, 24, 597, 177174, 177174, NULL, '2015-08-20 15:04:40'),
(1123, 68, 598, 177177, 177177, NULL, '2015-08-20 16:21:53'),
(1124, 40, 598, 177177, 177177, NULL, '2015-08-20 16:22:06'),
(1125, 33, 598, 177179, 177179, NULL, '2015-08-20 16:22:32'),
(1126, 97, 598, 177177, 177177, NULL, '2015-08-20 16:22:39'),
(1128, 73, 598, 177177, 177177, NULL, '2015-08-20 16:22:53'),
(1129, 55, 598, 177176, 177176, NULL, '2015-08-20 16:22:54'),
(1130, 75, 598, 177177, 177177, NULL, '2015-08-20 16:23:15'),
(1131, 79, 598, 177177, 177177, NULL, '2015-08-20 16:23:30'),
(1132, 80, 598, 177179, 177179, NULL, '2015-08-20 16:23:33'),
(1133, 31, 598, 177177, 177177, NULL, '2015-08-20 16:23:40'),
(1137, 50, 605, 177212, 177212, NULL, '2015-08-20 16:23:53'),
(1138, 115, 598, 177177, 177177, NULL, '2015-08-20 16:23:55'),
(1140, 105, 598, 177177, 177177, NULL, '2015-08-20 16:23:59'),
(1141, 112, 598, 177177, 177177, NULL, '2015-08-20 16:23:59'),
(1142, 118, 598, 177178, 177178, NULL, '2015-08-20 16:24:04'),
(1144, 114, 598, 177178, 177178, NULL, '2015-08-20 16:24:08'),
(1145, 117, 598, 177176, 177176, NULL, '2015-08-20 16:24:12'),
(1146, 104, 599, 177181, 177181, NULL, '2015-08-20 16:24:22'),
(1147, 25, 604, 177206, 177206, NULL, '2015-08-20 16:24:27'),
(1148, 77, 598, 177176, 177176, NULL, '2015-08-20 16:24:33'),
(1149, 40, 599, 177182, 177182, NULL, '2015-08-20 16:24:34'),
(1150, 67, 598, 177177, 177177, NULL, '2015-08-20 16:24:35'),
(1152, 120, 598, 177177, 177177, NULL, '2015-08-20 16:24:54'),
(1155, 114, 599, 177184, 177184, NULL, '2015-08-20 16:25:01'),
(1156, 87, 598, 177179, 177179, NULL, '2015-08-20 16:25:05'),
(1157, 104, 600, 177186, 177186, NULL, '2015-08-20 16:25:07'),
(1159, 47, 599, 177182, 177182, NULL, '2015-08-20 16:25:08'),
(1160, 47, 600, 177187, 177187, NULL, '2015-08-20 16:25:14'),
(1162, 125, 598, 177177, 177177, NULL, '2015-08-20 16:25:25'),
(1163, 31, 599, 177182, 177182, NULL, '2015-08-20 16:25:28'),
(1164, 68, 604, 177206, 177206, NULL, '2015-08-20 16:25:32'),
(1165, 111, 598, 177177, 177177, NULL, '2015-08-20 16:25:32'),
(1169, 106, 598, 177177, 177177, NULL, '2015-08-20 16:25:37'),
(1170, 63, 598, 177177, 177177, NULL, '2015-08-20 16:25:38'),
(1171, 48, 599, 177184, 177184, NULL, '2015-08-20 16:25:44'),
(1174, 43, 599, 177184, 177184, NULL, '2015-08-20 16:25:55'),
(1176, 115, 599, 177182, 177182, NULL, '2015-08-20 16:25:58'),
(1179, 107, 598, 177177, 177177, NULL, '2015-08-20 16:26:02'),
(1181, 114, 600, 177186, 177186, NULL, '2015-08-20 16:26:04'),
(1182, 64, 604, 177205, 177205, NULL, '2015-08-20 16:26:05'),
(1183, 112, 599, 177184, 177184, NULL, '2015-08-20 16:26:07'),
(1187, 83, 604, 177208, 177208, NULL, '2015-08-20 16:26:17'),
(1190, 92, 598, 177177, 177177, NULL, '2015-08-20 16:26:25'),
(1192, 40, 604, 177206, 177206, NULL, '2015-08-20 16:26:34'),
(1194, 114, 601, 177190, 177190, NULL, '2015-08-20 16:26:37'),
(1197, 104, 601, 177191, 177191, NULL, '2015-08-20 16:26:40'),
(1198, 69, 599, 177183, 177183, NULL, '2015-08-20 16:26:41'),
(1200, 105, 599, 177184, 177184, NULL, '2015-08-20 16:26:42'),
(1204, 83, 605, 177209, 177209, NULL, '2015-08-20 16:26:50'),
(1206, 118, 600, 177188, 177188, NULL, '2015-08-20 16:26:56'),
(1208, 31, 600, 177186, 177186, NULL, '2015-08-20 16:26:58'),
(1209, 104, 602, 177195, 177195, NULL, '2015-08-20 16:26:58'),
(1210, 64, 605, 177211, 177211, NULL, '2015-08-20 16:27:05'),
(1211, 120, 599, 177183, 177183, NULL, '2015-08-20 16:27:07'),
(1212, 29, 604, 177205, 177205, NULL, '2015-08-20 16:27:08'),
(1214, 77, 599, 177182, 177182, NULL, '2015-08-20 16:27:12'),
(1218, 72, 604, 177206, 177206, NULL, '2015-08-20 16:27:16'),
(1220, 44, 599, 177184, 177184, NULL, '2015-08-20 16:27:27'),
(1223, 40, 605, 177212, 177212, NULL, '2015-08-20 16:27:29'),
(1225, 31, 601, 177193, 177193, NULL, '2015-08-20 16:27:31'),
(1227, 114, 602, 177196, 177196, NULL, '2015-08-20 16:27:33'),
(1229, 34, 599, 177182, 177182, NULL, '2015-08-20 16:27:34'),
(1230, 34, 600, 177186, 177186, NULL, '2015-08-20 16:27:35'),
(1233, 68, 605, 177209, 177209, NULL, '2015-08-20 16:27:40'),
(1234, 84, 605, 177212, 177212, NULL, '2015-08-20 16:27:41'),
(1235, 55, 605, 177212, 177212, NULL, '2015-08-20 16:27:43'),
(1236, 83, 606, 177216, 177216, NULL, '2015-08-20 16:27:43'),
(1242, 104, 603, 177202, 177202, NULL, '2015-08-20 16:27:57'),
(1243, 48, 600, 177188, 177188, NULL, '2015-08-20 16:27:57'),
(1244, 61, 599, 177183, 177183, NULL, '2015-08-20 16:27:58'),
(1245, 26, 604, 177205, 177205, NULL, '2015-08-20 16:27:59'),
(1246, 41, 604, 177205, 177205, NULL, '2015-08-20 16:27:59'),
(1248, 70, 599, 177184, 177184, NULL, '2015-08-20 16:28:01'),
(1251, 106, 599, 177181, 177181, NULL, '2015-08-20 16:28:02'),
(1252, 25, 605, 177210, 177210, NULL, '2015-08-20 16:28:03'),
(1253, 29, 605, 177212, 177212, NULL, '2015-08-20 16:28:04'),
(1255, 37, 599, 177184, 177184, NULL, '2015-08-20 16:28:07'),
(1257, 69, 600, 177188, 177188, NULL, '2015-08-20 16:28:07'),
(1258, 83, 607, 177218, NULL, '', '2015-08-20 16:28:09'),
(1266, 62, 604, 177207, 177207, NULL, '2015-08-20 16:28:19'),
(1270, 37, 600, 177187, 177187, NULL, '2015-08-20 16:28:25'),
(1271, 117, 599, 177183, 177183, NULL, '2015-08-20 16:28:26'),
(1273, 88, 598, 177178, 177178, NULL, '2015-08-20 16:28:27'),
(1274, 125, 599, 177182, 177182, NULL, '2015-08-20 16:28:28'),
(1277, 37, 601, 177192, 177192, NULL, '2015-08-20 16:28:32'),
(1278, 126, 611, 177231, 177231, NULL, '2015-08-20 16:28:33'),
(1279, 54, 610, 177227, 177227, NULL, '2015-08-20 16:28:33'),
(1280, 76, 604, 177205, 177205, NULL, '2015-08-20 16:28:33'),
(1281, 76, 605, 177212, 177212, NULL, '2015-08-20 16:28:34'),
(1282, 83, 608, 177221, 177221, NULL, '2015-08-20 16:28:35'),
(1283, 54, 611, 177231, 177231, NULL, '2015-08-20 16:28:35'),
(1284, 112, 600, 177186, 177186, NULL, '2015-08-20 16:28:35'),
(1285, 106, 600, 177186, 177186, NULL, '2015-08-20 16:28:36'),
(1286, 82, 599, 177180, 177180, NULL, '2015-08-20 16:28:37'),
(1287, 43, 600, 177188, 177188, NULL, '2015-08-20 16:28:38'),
(1290, 31, 602, 177198, 177198, NULL, '2015-08-20 16:28:48'),
(1293, 114, 603, 177203, 177203, NULL, '2015-08-20 16:28:53'),
(1294, 68, 607, 177218, NULL, '11112211', '2015-08-20 16:28:53'),
(1295, 40, 606, 177216, 177216, NULL, '2015-08-20 16:28:56'),
(1299, 57, 599, 177183, 177183, NULL, '2015-08-20 16:29:03'),
(1300, 63, 599, 177184, 177184, NULL, '2015-08-20 16:29:04'),
(1301, 104, 604, 177206, 177206, NULL, '2015-08-20 16:29:06'),
(1304, 43, 601, 177192, 177192, NULL, '2015-08-20 16:29:13'),
(1305, 26, 605, 177209, 177209, NULL, '2015-08-20 16:29:14'),
(1307, 75, 604, 177206, 177206, NULL, '2015-08-20 16:29:19'),
(1314, 67, 599, 177184, 177184, NULL, '2015-08-20 16:29:31'),
(1323, 74, 609, 177226, 177226, NULL, '2015-08-20 16:29:46'),
(1324, 120, 600, 177187, 177187, NULL, '2015-08-20 16:29:47'),
(1325, 72, 605, 177210, 177210, NULL, '2015-08-20 16:29:48'),
(1326, 67, 600, 177187, 177187, NULL, '2015-08-20 16:29:49'),
(1336, 83, 609, 177226, 177226, NULL, '2015-08-20 16:29:54'),
(1337, 87, 599, 177181, 177181, NULL, '2015-08-20 16:29:55'),
(1339, 68, 608, 177221, 177221, NULL, '2015-08-20 16:29:57'),
(1340, 93, 604, 177206, 177206, NULL, '2015-08-20 16:29:58'),
(1341, 62, 605, 177210, 177210, NULL, '2015-08-20 16:29:58'),
(1342, 105, 600, 177188, 177188, NULL, '2015-08-20 16:30:00'),
(1353, 25, 612, 177239, 177239, NULL, '2015-08-20 16:30:10'),
(1354, 76, 606, 177217, 177217, NULL, '2015-08-20 16:30:11'),
(1357, 125, 600, 177186, 177186, NULL, '2015-08-20 16:30:17'),
(1358, 29, 607, 177218, NULL, '11112211\n', '2015-08-20 16:30:18'),
(1361, 105, 601, 177191, 177191, NULL, '2015-08-20 16:30:25'),
(1363, 34, 604, 177206, 177206, NULL, '2015-08-20 16:30:29'),
(1365, 64, 607, 177218, NULL, '11122111', '2015-08-20 16:30:31'),
(1366, 61, 600, 177188, 177188, NULL, '2015-08-20 16:30:32'),
(1372, 114, 604, 177205, 177205, NULL, '2015-08-20 16:30:40'),
(1374, 43, 602, 177197, 177197, NULL, '2015-08-20 16:30:43'),
(1376, 63, 600, 177188, 177188, NULL, '2015-08-20 16:30:47'),
(1382, 105, 602, 177198, 177198, NULL, '2015-08-20 16:30:53'),
(1383, 87, 600, 177188, 177188, NULL, '2015-08-20 16:30:58'),
(1384, 61, 601, 177193, 177193, NULL, '2015-08-20 16:30:59'),
(1385, 112, 601, 177194, 177194, NULL, '2015-08-20 16:31:05'),
(1389, 105, 603, 177201, 177201, NULL, '2015-08-20 16:31:14'),
(1392, 102, 612, 177240, 177240, NULL, '2015-08-20 16:31:16'),
(1395, 114, 605, 177211, 177211, NULL, '2015-08-20 16:31:23'),
(1397, 68, 610, 177228, 177228, NULL, '2015-08-20 16:31:24'),
(1402, 28, 608, 177221, 177221, NULL, '2015-08-20 16:31:30'),
(1407, 97, 599, 177180, 177180, NULL, '2015-08-20 16:31:32'),
(1408, 61, 602, 177198, 177198, NULL, '2015-08-20 16:31:34'),
(1411, 81, 599, 177183, 177183, NULL, '2015-08-20 16:31:38'),
(1412, 28, 611, 177231, 177231, NULL, '2015-08-20 16:31:38'),
(1413, 97, 600, 177187, 177187, NULL, '2015-08-20 16:31:39'),
(1415, 37, 605, 177209, 177209, NULL, '2015-08-20 16:31:39'),
(1416, 112, 602, 177198, 177198, NULL, '2015-08-20 16:31:40'),
(1418, 76, 607, 177218, NULL, '11112221', '2015-08-20 16:31:41'),
(1424, 61, 603, 177202, 177202, NULL, '2015-08-20 16:31:48'),
(1425, 29, 608, 177221, 177221, NULL, '2015-08-20 16:31:52'),
(1426, 122, 598, 177177, 177177, NULL, '2015-08-20 16:31:52'),
(1429, 43, 603, 177200, 177200, NULL, '2015-08-20 16:31:54'),
(1430, 26, 606, 177216, 177216, NULL, '2015-08-20 16:31:55'),
(1432, 64, 608, 177221, 177221, NULL, '2015-08-20 16:31:57'),
(1434, 111, 599, 177184, 177184, NULL, '2015-08-20 16:31:59'),
(1436, 70, 600, 177188, 177188, NULL, '2015-08-20 16:32:01'),
(1437, 77, 600, 177186, 177186, NULL, '2015-08-20 16:32:02'),
(1438, 112, 603, 177204, 177204, NULL, '2015-08-20 16:32:02'),
(1439, 77, 601, 177193, 177193, NULL, '2015-08-20 16:32:03'),
(1440, 72, 606, 177217, 177217, NULL, '2015-08-20 16:32:04'),
(1441, 81, 600, 177188, 177188, NULL, '2015-08-20 16:32:04'),
(1444, 80, 599, 177182, 177182, NULL, '2015-08-20 16:32:06'),
(1445, 80, 600, 177185, 177185, NULL, '2015-08-20 16:32:07'),
(1447, 118, 601, 177194, 177194, NULL, '2015-08-20 16:32:12'),
(1449, 111, 600, 177186, 177186, NULL, '2015-08-20 16:32:12'),
(1452, 118, 602, 177199, 177199, NULL, '2015-08-20 16:32:14'),
(1454, 63, 601, 177191, 177191, NULL, '2015-08-20 16:32:17'),
(1455, 54, 609, 177226, 177226, NULL, '2015-08-20 16:32:17'),
(1456, 117, 601, 177192, 177192, NULL, '2015-08-20 16:32:18'),
(1457, 76, 608, 177221, 177221, NULL, '2015-08-20 16:32:18'),
(1458, 83, 610, 177228, 177228, NULL, '2015-08-20 16:32:19'),
(1459, 101, 598, 177179, 177179, NULL, '2015-08-20 16:32:21'),
(1464, 122, 599, 177184, 177184, NULL, '2015-08-20 16:32:23'),
(1465, 83, 611, 177231, 177231, NULL, '2015-08-20 16:32:25'),
(1467, 32, 599, 177181, 177181, NULL, '2015-08-20 16:32:27'),
(1468, 101, 599, 177183, 177183, NULL, '2015-08-20 16:32:28'),
(1469, 40, 608, 177221, 177221, NULL, '2015-08-20 16:32:30'),
(1470, 82, 604, 177205, 177205, NULL, '2015-08-20 16:32:31'),
(1472, 32, 600, 177188, 177188, NULL, '2015-08-20 16:32:34'),
(1473, 39, 610, 177230, 177230, NULL, '2015-08-20 16:32:35'),
(1474, 125, 601, 177193, 177193, NULL, '2015-08-20 16:32:36'),
(1475, 120, 601, 177194, 177194, NULL, '2015-08-20 16:32:36'),
(1476, 120, 602, 177198, 177198, NULL, '2015-08-20 16:32:36'),
(1477, 80, 601, 177193, 177193, NULL, '2015-08-20 16:32:38'),
(1478, 45, 607, 177218, NULL, '', '2015-08-20 16:32:39'),
(1479, 70, 598, 177176, 177176, NULL, '2015-08-20 16:32:40'),
(1484, 32, 601, 177192, 177192, NULL, '2015-08-20 16:32:44'),
(1485, 101, 600, 177188, 177188, NULL, '2015-08-20 16:32:45'),
(1486, 44, 604, 177206, 177206, NULL, '2015-08-20 16:32:46'),
(1489, 31, 604, 177206, 177206, NULL, '2015-08-20 16:32:48'),
(1492, 32, 602, 177198, 177198, NULL, '2015-08-20 16:32:50'),
(1495, 104, 606, 177213, 177213, NULL, '2015-08-20 16:32:51'),
(1496, 33, 604, 177206, 177206, NULL, '2015-08-20 16:32:54'),
(1497, 120, 603, 177201, 177201, NULL, '2015-08-20 16:32:55'),
(1498, 87, 601, 177191, 177191, NULL, '2015-08-20 16:32:56'),
(1500, 79, 605, 177209, 177209, NULL, '2015-08-20 16:32:58'),
(1503, 32, 603, 177201, 177201, NULL, '2015-08-20 16:33:00'),
(1504, 63, 602, 177198, 177198, NULL, '2015-08-20 16:33:02'),
(1505, 55, 607, 177218, NULL, '', '2015-08-20 16:33:03'),
(1506, 95, 604, 177206, 177206, NULL, '2015-08-20 16:33:03'),
(1507, 95, 605, 177212, 177212, NULL, '2015-08-20 16:33:03'),
(1508, 57, 604, 177206, 177206, NULL, '2015-08-20 16:33:04'),
(1509, 54, 608, 177221, 177221, NULL, '2015-08-20 16:33:04'),
(1515, 59, 607, 177218, NULL, '312211', '2015-08-20 16:33:05'),
(1516, 118, 603, 177203, 177203, NULL, '2015-08-20 16:33:05'),
(1519, 64, 609, 177224, 177224, NULL, '2015-08-20 16:33:07'),
(1520, 86, 607, 177218, NULL, '', '2015-08-20 16:33:09'),
(1521, 63, 603, 177204, 177204, NULL, '2015-08-20 16:33:09'),
(1522, 80, 602, 177198, 177198, NULL, '2015-08-20 16:33:09'),
(1524, 43, 604, 177205, 177205, NULL, '2015-08-20 16:33:11'),
(1525, 36, 604, 177206, 177206, NULL, '2015-08-20 16:33:11'),
(1527, 36, 605, 177209, 177209, NULL, '2015-08-20 16:33:12'),
(1529, 107, 599, 177183, 177183, NULL, '2015-08-20 16:33:13'),
(1530, 62, 606, 177216, 177216, NULL, '2015-08-20 16:33:13'),
(1531, 111, 601, 177192, 177192, NULL, '2015-08-20 16:33:16'),
(1533, 70, 601, 177191, 177191, NULL, '2015-08-20 16:33:20'),
(1534, 34, 605, 177210, 177210, NULL, '2015-08-20 16:33:20'),
(1535, 45, 608, 177221, 177221, NULL, '2015-08-20 16:33:21'),
(1540, 70, 602, 177198, 177198, NULL, '2015-08-20 16:33:27'),
(1542, 80, 603, 177202, 177202, NULL, '2015-08-20 16:33:28'),
(1544, 97, 601, 177191, 177191, NULL, '2015-08-20 16:33:29'),
(1547, 47, 601, 177192, 177192, NULL, '2015-08-20 16:33:32'),
(1551, 31, 605, 177212, 177212, NULL, '2015-08-20 16:33:38'),
(1553, 97, 602, 177198, 177198, NULL, '2015-08-20 16:33:39'),
(1559, 67, 604, 177206, 177206, NULL, '2015-08-20 16:33:43'),
(1561, 126, 609, 177226, 177226, NULL, '2015-08-20 16:33:44'),
(1562, 104, 607, 177218, NULL, '1211221', '2015-08-20 16:33:45'),
(1563, 97, 603, 177201, 177201, NULL, '2015-08-20 16:33:45'),
(1565, 126, 610, 177227, 177227, NULL, '2015-08-20 16:33:47'),
(1567, 36, 607, 177218, NULL, '', '2015-08-20 16:33:47'),
(1568, 47, 602, 177197, 177197, NULL, '2015-08-20 16:33:50'),
(1570, 68, 611, 177231, 177231, NULL, '2015-08-20 16:33:50'),
(1571, 36, 608, 177221, 177221, NULL, '2015-08-20 16:33:51'),
(1574, 77, 602, 177198, 177198, NULL, '2015-08-20 16:33:52'),
(1576, 76, 609, 177226, 177226, NULL, '2015-08-20 16:33:52'),
(1577, 55, 608, 177221, 177221, NULL, '2015-08-20 16:33:53'),
(1578, 126, 607, 177218, NULL, '', '2015-08-20 16:33:54'),
(1579, 88, 599, 177184, 177184, NULL, '2015-08-20 16:33:56'),
(1580, 126, 608, 177221, 177221, NULL, '2015-08-20 16:33:57'),
(1583, 112, 604, 177208, 177208, NULL, '2015-08-20 16:33:59'),
(1584, 59, 608, 177221, 177221, NULL, '2015-08-20 16:34:02'),
(1588, 44, 605, 177210, 177210, NULL, '2015-08-20 16:34:05'),
(1589, 118, 604, 177206, 177206, NULL, '2015-08-20 16:34:05'),
(1590, 93, 605, 177209, 177209, NULL, '2015-08-20 16:34:05'),
(1592, 77, 603, 177201, 177201, NULL, '2015-08-20 16:34:06'),
(1594, 65, 604, 177205, 177205, NULL, '2015-08-20 16:34:08'),
(1595, 65, 605, 177209, 177209, NULL, '2015-08-20 16:34:09'),
(1596, 85, 599, 177184, 177184, NULL, '2015-08-20 16:34:09'),
(1597, 76, 610, 177227, 177227, NULL, '2015-08-20 16:34:09'),
(1603, 99, 600, 177185, 177185, NULL, '2015-08-20 16:34:13'),
(1604, 47, 603, 177201, 177201, NULL, '2015-08-20 16:34:15'),
(1606, 88, 600, 177188, 177188, NULL, '2015-08-20 16:34:20'),
(1608, 88, 601, 177192, 177192, NULL, '2015-08-20 16:34:20'),
(1611, 43, 605, 177212, 177212, NULL, '2015-08-20 16:34:21'),
(1613, 65, 606, 177216, 177216, NULL, '2015-08-20 16:34:23'),
(1614, 88, 602, 177198, 177198, NULL, '2015-08-20 16:34:24'),
(1618, 107, 600, 177187, 177187, NULL, '2015-08-20 16:34:27'),
(1619, 48, 607, 177218, NULL, '', '2015-08-20 16:34:27'),
(1621, 124, 598, 177177, 177177, NULL, '2015-08-20 16:34:30'),
(1623, 72, 607, 177218, NULL, '1112211', '2015-08-20 16:34:33'),
(1625, 111, 602, 177195, 177195, NULL, '2015-08-20 16:34:33'),
(1626, 124, 599, 177183, 177183, NULL, '2015-08-20 16:34:33'),
(1627, 87, 602, 177195, 177195, NULL, '2015-08-20 16:34:34'),
(1628, 117, 602, 177195, 177195, NULL, '2015-08-20 16:34:35'),
(1631, 82, 605, 177210, 177210, NULL, '2015-08-20 16:34:39'),
(1634, 57, 605, 177212, 177212, NULL, '2015-08-20 16:34:39'),
(1635, 45, 609, 177226, 177226, NULL, '2015-08-20 16:34:41'),
(1637, 105, 604, 177206, 177206, NULL, '2015-08-20 16:34:44'),
(1638, 125, 602, 177199, 177199, NULL, '2015-08-20 16:34:44'),
(1641, 104, 608, 177222, 177222, NULL, '2015-08-20 16:34:47'),
(1645, 128, 610, 177227, 177227, NULL, '2015-08-20 16:34:50'),
(1651, 99, 601, 177191, 177191, NULL, '2015-08-20 16:34:56'),
(1652, 120, 604, 177206, 177206, NULL, '2015-08-20 16:34:58'),
(1654, 86, 608, 177219, 177219, NULL, '2015-08-20 16:34:59'),
(1656, 40, 609, 177226, 177226, NULL, '2015-08-20 16:35:00'),
(1661, 72, 608, 177221, 177221, NULL, '2015-08-20 16:35:07'),
(1671, 32, 604, 177206, 177206, NULL, '2015-08-20 16:35:24'),
(1677, 87, 603, 177202, 177202, NULL, '2015-08-20 16:35:27'),
(1679, 113, 611, 177233, 177233, NULL, '2015-08-20 16:35:27'),
(1680, 118, 605, 177211, 177211, NULL, '2015-08-20 16:35:28'),
(1684, 101, 601, 177192, 177192, NULL, '2015-08-20 16:35:30'),
(1686, 41, 607, 177218, NULL, '', '2015-08-20 16:35:31'),
(1688, 37, 608, 177221, 177221, NULL, '2015-08-20 16:35:32'),
(1690, 70, 603, 177202, 177202, NULL, '2015-08-20 16:35:37'),
(1691, 65, 607, 177218, NULL, '', '2015-08-20 16:35:37'),
(1692, 113, 610, 177228, 177228, NULL, '2015-08-20 16:35:38'),
(1694, 85, 598, 177176, 177176, NULL, '2015-08-20 16:35:39'),
(1695, 65, 608, 177221, 177221, NULL, '2015-08-20 16:35:40'),
(1697, 101, 602, 177198, 177198, NULL, '2015-08-20 16:35:41'),
(1699, 113, 609, 177225, 177225, NULL, '2015-08-20 16:35:43'),
(1700, 111, 603, 177200, 177200, NULL, '2015-08-20 16:35:46'),
(1702, 120, 605, 177210, 177210, NULL, '2015-08-20 16:35:49'),
(1703, 85, 600, 177187, 177187, NULL, '2015-08-20 16:35:49'),
(1706, 101, 603, 177201, 177201, NULL, '2015-08-20 16:35:51'),
(1707, 43, 606, 177216, 177216, NULL, '2015-08-20 16:35:52'),
(1708, 84, 610, 177228, 177228, NULL, '2015-08-20 16:35:52'),
(1710, 79, 606, 177217, 177217, NULL, '2015-08-20 16:35:54'),
(1711, 112, 605, 177210, 177210, NULL, '2015-08-20 16:35:55'),
(1713, 113, 607, 177218, NULL, '', '2015-08-20 16:35:55'),
(1714, 84, 611, 177231, 177231, NULL, '2015-08-20 16:35:56'),
(1715, 124, 600, 177186, 177186, NULL, '2015-08-20 16:35:57'),
(1717, 36, 609, 177226, 177226, NULL, '2015-08-20 16:35:59'),
(1720, 52, 608, 177221, 177221, NULL, '2015-08-20 16:36:01'),
(1721, 128, 611, 177231, 177231, NULL, '2015-08-20 16:36:01'),
(1722, 47, 604, 177206, 177206, NULL, '2015-08-20 16:36:02'),
(1725, 48, 608, 177221, 177221, NULL, '2015-08-20 16:36:03'),
(1726, 26, 607, 177218, NULL, '1221111211', '2015-08-20 16:36:03'),
(1728, 56, 603, 177201, 177201, NULL, '2015-08-20 16:36:07'),
(1729, 52, 610, 177228, 177228, NULL, '2015-08-20 16:36:08'),
(1733, 124, 601, 177191, 177191, NULL, '2015-08-20 16:36:10'),
(1734, 67, 605, 177210, 177210, NULL, '2015-08-20 16:36:11'),
(1736, 32, 605, 177209, 177209, NULL, '2015-08-20 16:36:12'),
(1738, 117, 603, 177201, 177201, NULL, '2015-08-20 16:36:12'),
(1739, 54, 607, 177218, NULL, '11112221', '2015-08-20 16:36:13'),
(1740, 118, 606, 177217, 177217, NULL, '2015-08-20 16:36:13'),
(1743, 88, 603, 177201, 177201, NULL, '2015-08-20 16:36:16'),
(1745, 41, 608, 177221, 177221, NULL, '2015-08-20 16:36:19'),
(1746, 77, 604, 177206, 177206, NULL, '2015-08-20 16:36:20'),
(1749, 63, 604, 177208, 177208, NULL, '2015-08-20 16:36:25'),
(1750, 61, 604, 177206, 177206, NULL, '2015-08-20 16:36:26'),
(1753, 104, 609, 177223, 177223, NULL, '2015-08-20 16:36:27'),
(1758, 122, 600, 177188, 177188, NULL, '2015-08-20 16:36:30'),
(1759, 65, 609, 177224, 177224, NULL, '2015-08-20 16:36:30'),
(1760, 72, 609, 177226, 177226, NULL, '2015-08-20 16:36:31'),
(1761, 44, 606, 177213, 177213, NULL, '2015-08-20 16:36:32'),
(1763, 99, 602, 177195, 177195, NULL, '2015-08-20 16:36:33'),
(1764, 95, 606, 177216, 177216, NULL, '2015-08-20 16:36:33'),
(1767, 120, 606, 177214, 177214, NULL, '2015-08-20 16:36:36'),
(1769, 33, 605, 177209, 177209, NULL, '2015-08-20 16:36:40'),
(1770, 65, 610, 177230, 177230, NULL, '2015-08-20 16:36:42'),
(1773, 65, 611, 177232, 177232, NULL, '2015-08-20 16:36:46'),
(1775, 64, 611, 177231, 177231, NULL, '2015-08-20 16:36:47'),
(1777, 113, 608, 177221, 177221, NULL, '2015-08-20 16:36:49'),
(1779, 107, 601, 177191, 177191, NULL, '2015-08-20 16:36:50'),
(1782, 101, 604, 177205, 177205, NULL, '2015-08-20 16:36:53'),
(1786, 46, 607, 177218, NULL, '2211111211', '2015-08-20 16:36:55'),
(1788, 45, 611, 177231, 177231, NULL, '2015-08-20 16:36:57'),
(1789, 76, 611, 177232, 177232, NULL, '2015-08-20 16:36:58'),
(1792, 112, 606, 177214, 177214, NULL, '2015-08-20 16:36:59'),
(1794, 97, 604, 177205, 177205, NULL, '2015-08-20 16:37:00'),
(1795, 124, 602, 177198, 177198, NULL, '2015-08-20 16:37:01'),
(1797, 128, 604, 177207, 177207, NULL, '2015-08-20 16:37:03'),
(1798, 86, 609, 177226, 177226, NULL, '2015-08-20 16:37:04'),
(1811, 118, 607, 177218, NULL, '222111', '2015-08-20 16:37:13'),
(1812, 62, 607, 177218, NULL, '1111122211', '2015-08-20 16:37:14'),
(1813, 124, 603, 177200, 177200, NULL, '2015-08-20 16:37:14'),
(1816, 124, 604, 177207, 177207, NULL, '2015-08-20 16:37:16'),
(1817, 104, 610, 177230, 177230, NULL, '2015-08-20 16:37:17'),
(1818, 105, 605, 177209, 177209, NULL, '2015-08-20 16:37:18'),
(1820, 77, 605, 177212, 177212, NULL, '2015-08-20 16:37:18'),
(1821, 40, 610, 177228, 177228, NULL, '2015-08-20 16:37:19'),
(1822, 122, 601, 177193, 177193, NULL, '2015-08-20 16:37:20'),
(1823, 28, 606, 177216, 177216, NULL, '2015-08-20 16:37:20'),
(1824, 26, 608, 177221, 177221, NULL, '2015-08-20 16:37:22'),
(1825, 32, 606, 177216, 177216, NULL, '2015-08-20 16:37:24'),
(1826, 34, 606, 177216, 177216, NULL, '2015-08-20 16:37:25'),
(1827, 125, 603, 177201, 177201, NULL, '2015-08-20 16:37:27'),
(1833, 81, 604, 177206, 177206, NULL, '2015-08-20 16:37:35'),
(1835, 54, 606, 177216, 177216, NULL, '2015-08-20 16:37:37'),
(1837, 118, 608, 177221, 177221, NULL, '2015-08-20 16:37:40'),
(1838, 56, 604, 177206, 177206, NULL, '2015-08-20 16:37:41'),
(1841, 99, 603, 177202, 177202, NULL, '2015-08-20 16:37:47'),
(1842, 43, 608, 177221, 177221, NULL, '2015-08-20 16:37:49'),
(1843, 117, 604, 177208, 177208, NULL, '2015-08-20 16:37:49'),
(1844, 37, 609, 177226, 177226, NULL, '2015-08-20 16:37:49'),
(1849, 126, 598, 177177, 177177, NULL, '2015-08-20 16:37:51'),
(1850, 29, 611, 177231, 177231, NULL, '2015-08-20 16:37:51'),
(1855, 124, 605, 177211, 177211, NULL, '2015-08-20 16:37:54'),
(1856, 82, 606, 177217, 177217, NULL, '2015-08-20 16:37:54'),
(1858, 85, 601, 177190, 177190, NULL, '2015-08-20 16:37:54'),
(1861, 52, 611, 177231, 177231, NULL, '2015-08-20 16:37:56'),
(1865, 72, 610, 177228, 177228, NULL, '2015-08-20 16:37:57'),
(1867, 86, 610, 177228, 177228, NULL, '2015-08-20 16:37:59'),
(1868, 79, 608, 177221, 177221, NULL, '2015-08-20 16:37:59'),
(1870, 104, 611, 177231, 177231, NULL, '2015-08-20 16:38:02'),
(1873, 31, 608, 177221, 177221, NULL, '2015-08-20 16:38:05'),
(1874, 27, 611, 177231, 177231, NULL, '2015-08-20 16:38:06'),
(1875, 84, 608, 177222, 177222, NULL, '2015-08-20 16:38:06'),
(1877, 67, 606, 177216, 177216, NULL, '2015-08-20 16:38:07'),
(1879, 39, 611, 177231, 177231, NULL, '2015-08-20 16:38:09'),
(1880, 112, 607, 177218, NULL, '1122221', '2015-08-20 16:38:09'),
(1881, 50, 599, 177182, 177182, NULL, '2015-08-20 16:38:10'),
(1882, 120, 607, 177218, NULL, '111122211', '2015-08-20 16:38:10'),
(1884, 93, 606, 177216, 177216, NULL, '2015-08-20 16:38:13'),
(1885, 61, 605, 177212, 177212, NULL, '2015-08-20 16:38:14'),
(1889, 41, 609, 177224, 177224, NULL, '2015-08-20 16:38:16'),
(1891, 36, 611, 177231, 177231, NULL, '2015-08-20 16:38:19'),
(1892, 122, 602, 177198, 177198, NULL, '2015-08-20 16:38:19'),
(1893, 54, 605, 177212, 177212, NULL, '2015-08-20 16:38:20'),
(1894, 51, 605, 177212, 177212, NULL, '2015-08-20 16:38:21'),
(1897, 56, 605, 177212, 177212, NULL, '2015-08-20 16:38:27'),
(1901, 128, 605, 177212, 177212, NULL, '2015-08-20 16:38:31'),
(1902, 37, 610, 177230, 177230, NULL, '2015-08-20 16:38:33'),
(1905, 122, 603, 177201, 177201, NULL, '2015-08-20 16:38:36'),
(1906, 65, 598, 177177, 177177, NULL, '2015-08-20 16:38:36'),
(1907, 82, 608, 177221, 177221, NULL, '2015-08-20 16:38:36'),
(1908, 58, 604, 177206, 177206, NULL, '2015-08-20 16:38:36'),
(1909, 33, 606, 177216, 177216, NULL, '2015-08-20 16:38:37'),
(1910, 88, 604, 177206, 177206, NULL, '2015-08-20 16:38:37'),
(1914, 57, 606, 177217, 177217, NULL, '2015-08-20 16:38:38'),
(1918, 47, 605, 177209, 177209, NULL, '2015-08-20 16:38:41'),
(1919, 46, 609, 177226, 177226, NULL, '2015-08-20 16:38:41'),
(1922, 107, 602, 177197, 177197, NULL, '2015-08-20 16:38:49'),
(1923, 59, 609, 177226, 177226, NULL, '2015-08-20 16:38:50'),
(1924, 117, 605, 177209, 177209, NULL, '2015-08-20 16:38:51'),
(1925, 51, 608, 177221, 177221, NULL, '2015-08-20 16:38:52'),
(1927, 80, 604, 177206, 177206, NULL, '2015-08-20 16:38:54'),
(1928, 51, 609, 177226, 177226, NULL, '2015-08-20 16:38:55'),
(1929, 48, 610, 177230, 177230, NULL, '2015-08-20 16:38:55'),
(1930, 40, 611, 177231, 177231, NULL, '2015-08-20 16:38:56'),
(1932, 26, 609, 177226, 177226, NULL, '2015-08-20 16:39:02'),
(1933, 46, 598, 177177, 177177, NULL, '2015-08-20 16:39:04'),
(1934, 46, 599, 177182, 177182, NULL, '2015-08-20 16:39:06'),
(1935, 120, 608, 177221, 177221, NULL, '2015-08-20 16:39:07'),
(1936, 77, 606, 177213, 177213, NULL, '2015-08-20 16:39:07'),
(1937, 59, 610, 177228, 177228, NULL, '2015-08-20 16:39:09'),
(1938, 112, 608, 177221, 177221, NULL, '2015-08-20 16:39:09'),
(1939, 63, 605, 177209, 177209, NULL, '2015-08-20 16:39:12'),
(1940, 44, 607, 177218, NULL, '', '2015-08-20 16:39:12'),
(1941, 46, 600, 177186, 177186, NULL, '2015-08-20 16:39:12'),
(1944, 104, 612, 177241, 177241, NULL, '2015-08-20 16:39:13'),
(1949, 125, 604, 177206, 177206, NULL, '2015-08-20 16:39:22'),
(1951, 34, 607, 177218, NULL, '1111222111', '2015-08-20 16:39:24'),
(1954, 118, 609, 177223, 177223, NULL, '2015-08-20 16:39:28'),
(1955, 37, 611, 177231, 177231, NULL, '2015-08-20 16:39:30'),
(1956, 70, 607, 177218, NULL, '211111211', '2015-08-20 16:39:31'),
(1957, 70, 608, 177221, 177221, NULL, '2015-08-20 16:39:33'),
(1958, 44, 608, 177222, 177222, NULL, '2015-08-20 16:39:33'),
(1959, 116, 598, 177178, 177178, NULL, '2015-08-20 16:39:34'),
(1962, 107, 603, 177200, 177200, NULL, '2015-08-20 16:39:37'),
(1963, 46, 608, 177221, 177221, NULL, '2015-08-20 16:39:37'),
(1964, 87, 604, 177207, 177207, NULL, '2015-08-20 16:39:39'),
(1965, 105, 606, 177216, 177216, NULL, '2015-08-20 16:39:41'),
(1966, 29, 610, 177230, 177230, NULL, '2015-08-20 16:39:47'),
(1967, 117, 606, 177217, 177217, NULL, '2015-08-20 16:39:50'),
(1968, 122, 604, 177206, 177206, NULL, '2015-08-20 16:39:52'),
(1970, 43, 609, 177226, 177226, NULL, '2015-08-20 16:39:53'),
(1971, 26, 610, 177227, 177227, NULL, '2015-08-20 16:39:53'),
(1973, 128, 606, 177216, 177216, NULL, '2015-08-20 16:39:54'),
(1976, 95, 607, 177218, NULL, '1122211', '2015-08-20 16:39:57'),
(1977, 77, 607, 177218, NULL, '11122111', '2015-08-20 16:39:58'),
(1978, 32, 608, 177221, 177221, NULL, '2015-08-20 16:40:00'),
(1979, 50, 600, 177189, 177189, NULL, '2015-08-20 16:40:01'),
(1983, 67, 607, 177218, NULL, '212112', '2015-08-20 16:40:05'),
(1984, 34, 608, 177222, 177222, NULL, '2015-08-20 16:40:05'),
(1990, 118, 610, 177229, 177229, NULL, '2015-08-20 16:40:08'),
(1995, 124, 606, 177214, 177214, NULL, '2015-08-20 16:40:18'),
(1997, 120, 609, 177224, 177224, NULL, '2015-08-20 16:40:21'),
(1998, 58, 605, 177210, 177210, NULL, '2015-08-20 16:40:21'),
(2000, 54, 599, 177184, 177184, NULL, '2015-08-20 16:40:23'),
(2002, 59, 611, 177231, 177231, NULL, '2015-08-20 16:40:25'),
(2004, 75, 606, 177217, 177217, NULL, '2015-08-20 16:40:26'),
(2006, 75, 607, 177218, NULL, '', '2015-08-20 16:40:27'),
(2007, 75, 608, 177221, 177221, NULL, '2015-08-20 16:40:28'),
(2008, 125, 605, 177212, 177212, NULL, '2015-08-20 16:40:29'),
(2009, 88, 605, 177209, 177209, NULL, '2015-08-20 16:40:30'),
(2010, 103, 604, 177206, 177206, NULL, '2015-08-20 16:40:30'),
(2011, 30, 598, 177178, 177178, NULL, '2015-08-20 16:40:31'),
(2012, 85, 602, 177198, 177198, NULL, '2015-08-20 16:40:32'),
(2013, 103, 605, 177209, 177209, NULL, '2015-08-20 16:40:33'),
(2014, 48, 611, 177231, 177231, NULL, '2015-08-20 16:40:34'),
(2015, 30, 599, 177182, 177182, NULL, '2015-08-20 16:40:34'),
(2017, 103, 606, 177216, 177216, NULL, '2015-08-20 16:40:34'),
(2019, 77, 608, 177221, 177221, NULL, '2015-08-20 16:40:34'),
(2020, 50, 601, 177192, 177192, NULL, '2015-08-20 16:40:35'),
(2022, 61, 606, 177217, 177217, NULL, '2015-08-20 16:40:36'),
(2023, 103, 607, 177218, NULL, '312211', '2015-08-20 16:40:36'),
(2024, 93, 608, 177221, 177221, NULL, '2015-08-20 16:40:37'),
(2025, 30, 600, 177187, 177187, NULL, '2015-08-20 16:40:37'),
(2026, 97, 605, 177210, 177210, NULL, '2015-08-20 16:40:37'),
(2027, 111, 604, 177206, 177206, NULL, '2015-08-20 16:40:39'),
(2028, 30, 601, 177192, 177192, NULL, '2015-08-20 16:40:39'),
(2029, 65, 599, 177182, 177182, NULL, '2015-08-20 16:40:43'),
(2030, 30, 602, 177197, 177197, NULL, '2015-08-20 16:40:43'),
(2031, 40, 612, 177240, 177240, NULL, '2015-08-20 16:40:44'),
(2032, 120, 610, 177227, 177227, NULL, '2015-08-20 16:40:44'),
(2034, 49, 599, 177182, 177182, NULL, '2015-08-20 16:40:45'),
(2035, 56, 608, 177221, 177221, NULL, '2015-08-20 16:40:45'),
(2041, 30, 603, 177202, 177202, NULL, '2015-08-20 16:40:50'),
(2044, 82, 609, 177226, 177226, NULL, '2015-08-20 16:40:53'),
(2045, 118, 611, 177232, 177232, NULL, '2015-08-20 16:40:54'),
(2046, 30, 604, 177206, 177206, NULL, '2015-08-20 16:40:54'),
(2047, 29, 606, 177217, 177217, NULL, '2015-08-20 16:40:54'),
(2048, 81, 605, 177212, 177212, NULL, '2015-08-20 16:40:54'),
(2049, 47, 606, 177217, 177217, NULL, '2015-08-20 16:40:55'),
(2050, 30, 605, 177212, 177212, NULL, '2015-08-20 16:40:55'),
(2052, 49, 600, 177187, 177187, NULL, '2015-08-20 16:40:56'),
(2053, 103, 609, 177226, 177226, NULL, '2015-08-20 16:40:58'),
(2054, 103, 610, 177228, 177228, NULL, '2015-08-20 16:40:58'),
(2055, 103, 611, 177231, 177231, NULL, '2015-08-20 16:40:59'),
(2056, 117, 607, 177218, NULL, '111222111', '2015-08-20 16:41:02'),
(2057, 49, 601, 177192, 177192, NULL, '2015-08-20 16:41:04'),
(2061, 62, 598, 177179, 177179, NULL, '2015-08-20 16:41:10'),
(2062, 54, 603, 177201, 177201, NULL, '2015-08-20 16:41:10'),
(2063, 101, 606, 177216, 177216, NULL, '2015-08-20 16:41:10'),
(2064, 95, 608, 177221, 177221, NULL, '2015-08-20 16:41:11'),
(2065, 33, 608, 177221, 177221, NULL, '2015-08-20 16:41:11'),
(2066, 72, 611, 177231, 177231, NULL, '2015-08-20 16:41:14'),
(2068, 80, 605, 177209, 177209, NULL, '2015-08-20 16:41:20'),
(2069, 82, 610, 177228, 177228, NULL, '2015-08-20 16:41:23'),
(2070, 31, 609, 177223, 177223, NULL, '2015-08-20 16:41:24'),
(2072, 107, 604, 177207, 177207, NULL, '2015-08-20 16:41:32'),
(2073, 43, 611, 177233, 177233, NULL, '2015-08-20 16:41:34'),
(2074, 99, 607, 177218, NULL, '', '2015-08-20 16:41:34'),
(2075, 120, 611, 177233, 177233, NULL, '2015-08-20 16:41:35'),
(2076, 32, 609, 177226, 177226, NULL, '2015-08-20 16:41:38'),
(2077, 55, 609, 177226, 177226, NULL, '2015-08-20 16:41:38'),
(2079, 122, 605, 177209, 177209, NULL, '2015-08-20 16:41:38'),
(2081, 58, 606, 177216, 177216, NULL, '2015-08-20 16:41:42'),
(2082, 117, 608, 177222, 177222, NULL, '2015-08-20 16:41:43'),
(2083, 85, 603, 177201, 177201, NULL, '2015-08-20 16:41:44'),
(2084, 27, 598, 177178, 177178, NULL, '2015-08-20 16:41:46'),
(2085, 49, 602, 177195, 177195, NULL, '2015-08-20 16:41:48'),
(2086, 30, 606, 177213, 177213, NULL, '2015-08-20 16:41:50'),
(2087, 67, 608, 177221, 177221, NULL, '2015-08-20 16:41:51'),
(2088, 47, 607, 177218, NULL, '11111221', '2015-08-20 16:41:52'),
(2089, 57, 608, 177221, 177221, NULL, '2015-08-20 16:41:52'),
(2091, 49, 603, 177201, 177201, NULL, '2015-08-20 16:41:55'),
(2092, 49, 604, 177206, 177206, NULL, '2015-08-20 16:41:56'),
(2097, 76, 598, 177177, 177177, NULL, '2015-08-20 16:42:01'),
(2100, 69, 598, 177177, 177177, NULL, '2015-08-20 16:42:02'),
(2102, 31, 610, 177228, 177228, NULL, '2015-08-20 16:42:03'),
(2105, 107, 605, 177212, 177212, NULL, '2015-08-20 16:42:07'),
(2106, 50, 602, 177198, 177198, NULL, '2015-08-20 16:42:08'),
(2108, 75, 610, 177228, 177228, NULL, '2015-08-20 16:42:09'),
(2110, 124, 607, 177218, NULL, '121212', '2015-08-20 16:42:11'),
(2111, 61, 607, 177218, NULL, '11211', '2015-08-20 16:42:11'),
(2112, 97, 606, 177216, 177216, NULL, '2015-08-20 16:42:13'),
(2113, 50, 603, 177201, 177201, NULL, '2015-08-20 16:42:15'),
(2115, 54, 604, 177206, 177206, NULL, '2015-08-20 16:42:15'),
(2118, 47, 608, 177221, 177221, NULL, '2015-08-20 16:42:19'),
(2119, 118, 612, 177240, 177240, NULL, '2015-08-20 16:42:19'),
(2120, 105, 607, 177218, NULL, '12212112', '2015-08-20 16:42:19'),
(2122, 63, 606, 177217, 177217, NULL, '2015-08-20 16:42:22'),
(2123, 125, 606, 177216, 177216, NULL, '2015-08-20 16:42:22'),
(2127, 113, 599, 177183, 177183, NULL, '2015-08-20 16:42:27'),
(2128, 49, 605, 177209, 177209, NULL, '2015-08-20 16:42:28'),
(2131, 99, 608, 177222, 177222, NULL, '2015-08-20 16:42:31'),
(2136, 29, 598, 177177, 177177, NULL, '2015-08-20 16:42:32'),
(2143, 117, 609, 177223, 177223, NULL, '2015-08-20 16:42:35'),
(2146, 71, 598, 177177, 177177, NULL, '2015-08-20 16:42:37'),
(2147, 52, 602, 177198, 177198, NULL, '2015-08-20 16:42:37'),
(2149, 26, 611, 177231, 177231, NULL, '2015-08-20 16:42:39'),
(2151, 71, 599, 177180, 177180, NULL, '2015-08-20 16:42:42'),
(2152, 52, 603, 177204, 177204, NULL, '2015-08-20 16:42:42'),
(2156, 88, 606, 177217, 177217, NULL, '2015-08-20 16:42:44'),
(2160, 52, 604, 177208, 177208, NULL, '2015-08-20 16:42:46'),
(2161, 124, 608, 177222, 177222, NULL, '2015-08-20 16:42:46'),
(2162, 30, 607, 177218, NULL, '1111222211', '2015-08-20 16:42:47'),
(2163, 52, 605, 177211, 177211, NULL, '2015-08-20 16:42:47'),
(2164, 101, 607, 177218, NULL, '', '2015-08-20 16:42:48'),
(2165, 30, 608, 177221, 177221, NULL, '2015-08-20 16:42:48'),
(2167, 68, 599, 177183, 177183, NULL, '2015-08-20 16:42:50'),
(2168, 30, 609, 177226, 177226, NULL, '2015-08-20 16:42:50'),
(2170, 30, 610, 177228, 177228, NULL, '2015-08-20 16:42:54'),
(2171, 30, 611, 177231, 177231, NULL, '2015-08-20 16:42:55'),
(2172, 65, 600, 177185, 177185, NULL, '2015-08-20 16:42:56'),
(2173, 120, 612, 177240, 177240, NULL, '2015-08-20 16:42:56'),
(2174, 68, 600, 177188, 177188, NULL, '2015-08-20 16:42:57'),
(2176, 64, 598, 177179, 177179, NULL, '2015-08-20 16:43:00'),
(2178, 42, 604, 177206, 177206, NULL, '2015-08-20 16:43:00'),
(2181, 42, 605, 177209, 177209, NULL, '2015-08-20 16:43:01'),
(2182, 93, 609, 177226, 177226, NULL, '2015-08-20 16:43:02'),
(2184, 42, 606, 177216, 177216, NULL, '2015-08-20 16:43:02'),
(2187, 42, 607, 177218, NULL, '11112211211', '2015-08-20 16:43:03'),
(2188, 42, 608, 177221, 177221, NULL, '2015-08-20 16:43:04'),
(2191, 42, 609, 177226, 177226, NULL, '2015-08-20 16:43:05'),
(2192, 58, 607, 177218, NULL, '', '2015-08-20 16:43:05'),
(2194, 50, 604, 177206, 177206, NULL, '2015-08-20 16:43:05'),
(2198, 58, 608, 177221, 177221, NULL, '2015-08-20 16:43:06'),
(2199, 32, 610, 177227, 177227, NULL, '2015-08-20 16:43:06'),
(2200, 42, 611, 177231, 177231, NULL, '2015-08-20 16:43:07'),
(2201, 46, 605, 177210, 177210, NULL, '2015-08-20 16:43:07'),
(2203, 96, 598, 177179, 177179, NULL, '2015-08-20 16:43:08'),
(2205, 117, 610, 177230, 177230, NULL, '2015-08-20 16:43:09'),
(2206, 57, 609, 177223, 177223, NULL, '2015-08-20 16:43:09'),
(2210, 96, 599, 177182, 177182, NULL, '2015-08-20 16:43:11'),
(2211, 122, 606, 177216, 177216, NULL, '2015-08-20 16:43:13'),
(2212, 87, 605, 177210, 177210, NULL, '2015-08-20 16:43:14'),
(2213, 96, 600, 177186, 177186, NULL, '2015-08-20 16:43:14'),
(2214, 113, 601, 177192, 177192, NULL, '2015-08-20 16:43:16'),
(2215, 57, 610, 177230, 177230, NULL, '2015-08-20 16:43:17'),
(2216, 58, 609, 177225, 177225, NULL, '2015-08-20 16:43:17'),
(2217, 110, 604, 177206, 177206, NULL, '2015-08-20 16:43:18'),
(2218, 96, 601, 177191, 177191, NULL, '2015-08-20 16:43:18'),
(2220, 58, 610, 177228, 177228, NULL, '2015-08-20 16:43:18'),
(2221, 111, 605, 177212, 177212, NULL, '2015-08-20 16:43:19'),
(2222, 110, 605, 177209, 177209, NULL, '2015-08-20 16:43:19'),
(2223, 96, 602, 177197, 177197, NULL, '2015-08-20 16:43:19'),
(2224, 58, 611, 177231, 177231, NULL, '2015-08-20 16:43:20'),
(2226, 77, 609, 177224, 177224, NULL, '2015-08-20 16:43:20'),
(2227, 110, 606, 177216, 177216, NULL, '2015-08-20 16:43:20'),
(2230, 110, 607, 177218, NULL, '312211', '2015-08-20 16:43:21'),
(2231, 96, 603, 177203, 177203, NULL, '2015-08-20 16:43:22'),
(2232, 110, 608, 177221, 177221, NULL, '2015-08-20 16:43:22'),
(2233, 97, 607, 177218, NULL, '1112211', '2015-08-20 16:43:23'),
(2235, 110, 609, 177226, 177226, NULL, '2015-08-20 16:43:23'),
(2236, 96, 604, 177205, 177205, NULL, '2015-08-20 16:43:24'),
(2239, 110, 610, 177228, 177228, NULL, '2015-08-20 16:43:24'),
(2240, 34, 609, 177224, 177224, NULL, '2015-08-20 16:43:24'),
(2241, 96, 605, 177211, 177211, NULL, '2015-08-20 16:43:24'),
(2244, 51, 610, 177227, 177227, NULL, '2015-08-20 16:43:25'),
(2246, 96, 606, 177216, 177216, NULL, '2015-08-20 16:43:26'),
(2247, 80, 606, 177216, 177216, NULL, '2015-08-20 16:43:26'),
(2248, 83, 598, 177179, 177179, NULL, '2015-08-20 16:43:27'),
(2249, 38, 598, 177177, 177177, NULL, '2015-08-20 16:43:27'),
(2250, 46, 610, 177228, 177228, NULL, '2015-08-20 16:43:27'),
(2251, 115, 600, 177185, 177185, NULL, '2015-08-20 16:43:27'),
(2252, 51, 611, 177231, 177231, NULL, '2015-08-20 16:43:28'),
(2253, 115, 601, 177193, 177193, NULL, '2015-08-20 16:43:28'),
(2254, 46, 611, 177231, 177231, NULL, '2015-08-20 16:43:29'),
(2255, 115, 602, 177198, 177198, NULL, '2015-08-20 16:43:29'),
(2256, 39, 598, 177178, 177178, NULL, '2015-08-20 16:43:29'),
(2257, 38, 599, 177182, 177182, NULL, '2015-08-20 16:43:29'),
(2258, 95, 609, 177226, 177226, NULL, '2015-08-20 16:43:29'),
(2259, 115, 603, 177201, 177201, NULL, '2015-08-20 16:43:30'),
(2260, 38, 600, 177187, 177187, NULL, '2015-08-20 16:43:30'),
(2262, 38, 601, 177194, 177194, NULL, '2015-08-20 16:43:30'),
(2263, 38, 602, 177196, 177196, NULL, '2015-08-20 16:43:31'),
(2265, 115, 604, 177205, 177205, NULL, '2015-08-20 16:43:31'),
(2266, 38, 603, 177200, 177200, NULL, '2015-08-20 16:43:31'),
(2269, 114, 606, 177215, 177215, NULL, '2015-08-20 16:43:32'),
(2270, 115, 605, 177212, 177212, NULL, '2015-08-20 16:43:32'),
(2271, 38, 604, 177207, 177207, NULL, '2015-08-20 16:43:32'),
(2272, 38, 605, 177212, 177212, NULL, '2015-08-20 16:43:33'),
(2273, 52, 598, 177177, 177177, NULL, '2015-08-20 16:43:33'),
(2274, 101, 608, 177221, 177221, NULL, '2015-08-20 16:43:33'),
(2275, 114, 607, 177218, NULL, '122211', '2015-08-20 16:43:33'),
(2277, 115, 606, 177217, 177217, NULL, '2015-08-20 16:43:33'),
(2278, 38, 606, 177216, 177216, NULL, '2015-08-20 16:43:34'),
(2280, 114, 608, 177221, 177221, NULL, '2015-08-20 16:43:34'),
(2281, 115, 607, 177218, NULL, '1112211', '2015-08-20 16:43:35'),
(2282, 71, 600, 177189, 177189, NULL, '2015-08-20 16:43:35'),
(2283, 38, 607, 177218, NULL, '1111321', '2015-08-20 16:43:35'),
(2284, 114, 609, 177224, 177224, NULL, '2015-08-20 16:43:35'),
(2285, 115, 608, 177222, 177222, NULL, '2015-08-20 16:43:35'),
(2286, 38, 608, 177221, 177221, NULL, '2015-08-20 16:43:36'),
(2287, 114, 610, 177230, 177230, NULL, '2015-08-20 16:43:36'),
(2289, 115, 609, 177223, 177223, NULL, '2015-08-20 16:43:37'),
(2290, 38, 609, 177226, 177226, NULL, '2015-08-20 16:43:37'),
(2292, 38, 610, 177227, 177227, NULL, '2015-08-20 16:43:38'),
(2293, 115, 610, 177230, 177230, NULL, '2015-08-20 16:43:38'),
(2295, 38, 611, 177231, 177231, NULL, '2015-08-20 16:43:39'),
(2296, 115, 611, 177233, 177233, NULL, '2015-08-20 16:43:39'),
(2297, 63, 607, 177218, NULL, '1112221111', '2015-08-20 16:43:39'),
(2298, 110, 611, 177231, 177231, NULL, '2015-08-20 16:43:39'),
(2299, 53, 598, 177177, 177177, NULL, '2015-08-20 16:43:41'),
(2300, 70, 611, 177231, 177231, NULL, '2015-08-20 16:43:42'),
(2301, 44, 609, 177226, 177226, NULL, '2015-08-20 16:43:43'),
(2302, 115, 612, 177240, 177240, NULL, '2015-08-20 16:43:43'),
(2303, 39, 599, 177182, 177182, NULL, '2015-08-20 16:43:44'),
(2304, 76, 599, 177182, 177182, NULL, '2015-08-20 16:43:44'),
(2307, 38, 612, 177240, 177240, NULL, '2015-08-20 16:43:45'),
(2308, 35, 598, 177177, 177177, NULL, '2015-08-20 16:43:46'),
(2310, 53, 599, 177181, 177181, NULL, '2015-08-20 16:43:48'),
(2311, 96, 607, 177218, NULL, '1122111121', '2015-08-20 16:43:48'),
(2313, 61, 608, 177219, 177219, NULL, '2015-08-20 16:43:48'),
(2317, 53, 600, 177188, 177188, NULL, '2015-08-20 16:43:51'),
(2318, 125, 607, 177218, NULL, '11122211', '2015-08-20 16:43:52'),
(2320, 97, 608, 177221, 177221, NULL, '2015-08-20 16:43:52'),
(2321, 55, 611, 177232, 177232, NULL, '2015-08-20 16:43:53'),
(2324, 53, 601, 177191, 177191, NULL, '2015-08-20 16:43:53'),
(2326, 35, 599, 177180, 177180, NULL, '2015-08-20 16:43:53'),
(2327, 110, 599, 177182, 177182, NULL, '2015-08-20 16:43:55'),
(2329, 39, 600, 177188, 177188, NULL, '2015-08-20 16:43:55'),
(2332, 53, 602, 177197, 177197, NULL, '2015-08-20 16:43:57'),
(2333, 86, 598, 177177, 177177, NULL, '2015-08-20 16:43:57'),
(2335, 110, 600, 177187, 177187, NULL, '2015-08-20 16:43:58'),
(2337, 105, 608, 177221, 177221, NULL, '2015-08-20 16:43:59'),
(2338, 110, 601, 177192, 177192, NULL, '2015-08-20 16:43:59'),
(2343, 110, 602, 177197, 177197, NULL, '2015-08-20 16:44:01'),
(2344, 29, 599, 177183, 177183, NULL, '2015-08-20 16:44:01'),
(2346, 53, 604, 177206, 177206, NULL, '2015-08-20 16:44:02'),
(2347, 31, 611, 177231, 177231, NULL, '2015-08-20 16:44:02'),
(2349, 27, 599, 177180, 177180, NULL, '2015-08-20 16:44:02'),
(2350, 49, 606, 177216, 177216, NULL, '2015-08-20 16:44:04'),
(2351, 110, 603, 177202, 177202, NULL, '2015-08-20 16:44:04'),
(2356, 77, 610, 177228, 177228, NULL, '2015-08-20 16:44:06'),
(2359, 85, 604, 177207, 177207, NULL, '2015-08-20 16:44:07'),
(2361, 52, 607, 177218, NULL, '111112221', '2015-08-20 16:44:09'),
(2362, 35, 600, 177189, 177189, NULL, '2015-08-20 16:44:10'),
(2363, 35, 601, 177192, 177192, NULL, '2015-08-20 16:44:11'),
(2364, 34, 610, 177227, 177227, NULL, '2015-08-20 16:44:11'),
(2365, 47, 609, 177224, 177224, NULL, '2015-08-20 16:44:12'),
(2366, 73, 599, 177183, 177183, NULL, '2015-08-20 16:44:12'),
(2367, 73, 600, 177186, 177186, NULL, '2015-08-20 16:44:14'),
(2368, 116, 599, 177182, 177182, NULL, '2015-08-20 16:44:17'),
(2369, 27, 600, 177189, 177189, NULL, '2015-08-20 16:44:17'),
(2370, 111, 606, 177216, 177216, NULL, '2015-08-20 16:44:17'),
(2371, 125, 608, 177219, 177219, NULL, '2015-08-20 16:44:18'),
(2372, 79, 611, 177232, 177232, NULL, '2015-08-20 16:44:18'),
(2373, 53, 606, 177216, 177216, NULL, '2015-08-20 16:44:19'),
(2374, 35, 602, 177195, 177195, NULL, '2015-08-20 16:44:19'),
(2375, 47, 610, 177230, 177230, NULL, '2015-08-20 16:44:19'),
(2376, 109, 598, 177177, 177177, NULL, '2015-08-20 16:44:19'),
(2377, 32, 611, 177231, 177231, NULL, '2015-08-20 16:44:19'),
(2378, 27, 601, 177191, 177191, NULL, '2015-08-20 16:44:19'),
(2380, 116, 600, 177187, 177187, NULL, '2015-08-20 16:44:20'),
(2381, 53, 607, 177218, NULL, '1111122211', '2015-08-20 16:44:20'),
(2382, 81, 606, 177215, 177215, NULL, '2015-08-20 16:44:21'),
(2384, 80, 607, 177218, NULL, '312211', '2015-08-20 16:44:22'),
(2385, 73, 601, 177192, 177192, NULL, '2015-08-20 16:44:23'),
(2386, 53, 608, 177221, 177221, NULL, '2015-08-20 16:44:23'),
(2387, 76, 600, 177188, 177188, NULL, '2015-08-20 16:44:23'),
(2388, 123, 598, 177177, 177177, NULL, '2015-08-20 16:44:23'),
(2389, 109, 599, 177183, 177183, NULL, '2015-08-20 16:44:24'),
(2390, 34, 611, 177232, 177232, NULL, '2015-08-20 16:44:24'),
(2392, 53, 609, 177226, 177226, NULL, '2015-08-20 16:44:24'),
(2393, 116, 601, 177192, 177192, NULL, '2015-08-20 16:44:24'),
(2394, 27, 602, 177197, 177197, NULL, '2015-08-20 16:44:25'),
(2395, 53, 610, 177228, 177228, NULL, '2015-08-20 16:44:26'),
(2397, 109, 600, 177188, 177188, NULL, '2015-08-20 16:44:26'),
(2398, 59, 599, 177183, 177183, NULL, '2015-08-20 16:44:26'),
(2399, 54, 601, 177192, 177192, NULL, '2015-08-20 16:44:27'),
(2400, 53, 611, 177231, 177231, NULL, '2015-08-20 16:44:27'),
(2402, 109, 601, 177192, 177192, NULL, '2015-08-20 16:44:28'),
(2403, 116, 602, 177197, 177197, NULL, '2015-08-20 16:44:30'),
(2404, 27, 603, 177201, 177201, NULL, '2015-08-20 16:44:31'),
(2405, 47, 611, 177234, 177234, NULL, '2015-08-20 16:44:31'),
(2406, 71, 601, 177193, 177193, NULL, '2015-08-20 16:44:31'),
(2407, 89, 598, 177178, 177178, NULL, '2015-08-20 16:44:31'),
(2408, 109, 602, 177197, 177197, NULL, '2015-08-20 16:44:32'),
(2409, 116, 603, 177202, 177202, NULL, '2015-08-20 16:44:32'),
(2410, 35, 603, 177201, 177201, NULL, '2015-08-20 16:44:32'),
(2411, 73, 602, 177196, 177196, NULL, '2015-08-20 16:44:33'),
(2412, 116, 604, 177206, 177206, NULL, '2015-08-20 16:44:34'),
(2413, 116, 605, 177209, 177209, NULL, '2015-08-20 16:44:35'),
(2414, 27, 604, 177206, 177206, NULL, '2015-08-20 16:44:35'),
(2416, 113, 602, 177198, 177198, NULL, '2015-08-20 16:44:36'),
(2417, 116, 606, 177216, 177216, NULL, '2015-08-20 16:44:36'),
(2418, 50, 598, 177178, 177178, NULL, '2015-08-20 16:44:36'),
(2419, 87, 606, 177217, 177217, NULL, '2015-08-20 16:44:36'),
(2423, 39, 601, 177191, 177191, NULL, '2015-08-20 16:44:37'),
(2426, 35, 605, 177212, 177212, NULL, '2015-08-20 16:44:38'),
(2428, 100, 598, 177179, 177179, NULL, '2015-08-20 16:44:38'),
(2429, 107, 606, 177216, 177216, NULL, '2015-08-20 16:44:38'),
(2430, 54, 602, 177198, 177198, NULL, '2015-08-20 16:44:39'),
(2431, 95, 610, 177227, 177227, NULL, '2015-08-20 16:44:39'),
(2432, 73, 603, 177203, 177203, NULL, '2015-08-20 16:44:39'),
(2433, 116, 607, 177218, NULL, '312211', '2015-08-20 16:44:39'),
(2434, 117, 611, 177231, 177231, NULL, '2015-08-20 16:44:39'),
(2435, 94, 605, 177212, 177212, NULL, '2015-08-20 16:44:39'),
(2436, 73, 604, 177207, 177207, NULL, '2015-08-20 16:44:41'),
(2438, 116, 608, 177221, 177221, NULL, '2015-08-20 16:44:41'),
(2439, 73, 605, 177212, 177212, NULL, '2015-08-20 16:44:41'),
(2440, 71, 602, 177196, 177196, NULL, '2015-08-20 16:44:42'),
(2442, 94, 606, 177217, 177217, NULL, '2015-08-20 16:44:42'),
(2443, 73, 606, 177216, 177216, NULL, '2015-08-20 16:44:42'),
(2444, 33, 609, 177225, 177225, NULL, '2015-08-20 16:44:42'),
(2445, 116, 609, 177226, 177226, NULL, '2015-08-20 16:44:43'),
(2447, 116, 610, 177228, 177228, NULL, '2015-08-20 16:44:44'),
(2448, 69, 601, 177193, 177193, NULL, '2015-08-20 16:44:44'),
(2450, 49, 607, 177218, NULL, '', '2015-08-20 16:44:44'),
(2452, 39, 602, 177198, 177198, NULL, '2015-08-20 16:44:45'),
(2453, 67, 609, 177226, 177226, NULL, '2015-08-20 16:44:45'),
(2454, 109, 603, 177200, 177200, NULL, '2015-08-20 16:44:45'),
(2456, 116, 611, 177231, 177231, NULL, '2015-08-20 16:44:45'),
(2458, 63, 608, 177219, 177219, NULL, '2015-08-20 16:44:46'),
(2459, 56, 611, 177233, 177233, NULL, '2015-08-20 16:44:47'),
(2460, 29, 600, 177186, 177186, NULL, '2015-08-20 16:44:47'),
(2463, 106, 601, 177192, 177192, NULL, '2015-08-20 16:44:48'),
(2464, 96, 608, 177222, 177222, NULL, '2015-08-20 16:44:49'),
(2466, 89, 599, 177182, 177182, NULL, '2015-08-20 16:44:51'),
(2467, 68, 601, 177191, 177191, NULL, '2015-08-20 16:44:51'),
(2468, 50, 606, 177216, 177216, NULL, '2015-08-20 16:44:52'),
(2469, 89, 600, 177188, 177188, NULL, '2015-08-20 16:44:53'),
(2470, 76, 601, 177193, 177193, NULL, '2015-08-20 16:44:53'),
(2471, 124, 609, 177225, 177225, NULL, '2015-08-20 16:44:53'),
(2473, 39, 603, 177204, 177204, NULL, '2015-08-20 16:44:54'),
(2474, 33, 610, 177229, 177229, NULL, '2015-08-20 16:44:55'),
(2475, 121, 598, 177176, 177176, NULL, '2015-08-20 16:44:55'),
(2476, 31, 603, 177202, 177202, NULL, '2015-08-20 16:44:55'),
(2477, 85, 605, 177212, 177212, NULL, '2015-08-20 16:44:56'),
(2479, 39, 604, 177206, 177206, NULL, '2015-08-20 16:44:57'),
(2480, 121, 599, 177181, 177181, NULL, '2015-08-20 16:44:58'),
(2482, 103, 612, 177239, 177239, NULL, '2015-08-20 16:44:58'),
(2484, 121, 600, 177186, 177186, NULL, '2015-08-20 16:44:59'),
(2485, 121, 601, 177192, 177192, NULL, '2015-08-20 16:44:59'),
(2486, 71, 603, 177203, 177203, NULL, '2015-08-20 16:44:59'),
(2487, 121, 602, 177195, 177195, NULL, '2015-08-20 16:45:00'),
(2488, 121, 603, 177202, 177202, NULL, '2015-08-20 16:45:01'),
(2489, 36, 600, 177185, 177185, NULL, '2015-08-20 16:45:02'),
(2490, 60, 598, 177176, 177176, NULL, '2015-08-20 16:45:02'),
(2491, 33, 611, 177232, 177232, NULL, '2015-08-20 16:45:02'),
(2492, 36, 601, 177193, 177193, NULL, '2015-08-20 16:45:02'),
(2493, 121, 604, 177205, 177205, NULL, '2015-08-20 16:45:02'),
(2494, 50, 607, 177218, NULL, '1112221', '2015-08-20 16:45:02'),
(2495, 121, 605, 177211, 177211, NULL, '2015-08-20 16:45:03');
INSERT INTO `user_answers` (`id`, `user_quiz_id`, `question_id`, `answer_id`, `user_answer_id`, `user_answer_text`, `added_date`) VALUES
(2496, 50, 608, 177221, 177221, NULL, '2015-08-20 16:45:03'),
(2497, 69, 602, 177198, 177198, NULL, '2015-08-20 16:45:04'),
(2498, 44, 610, 177228, 177228, NULL, '2015-08-20 16:45:04'),
(2499, 60, 599, 177182, 177182, NULL, '2015-08-20 16:45:04'),
(2500, 121, 606, 177213, 177213, NULL, '2015-08-20 16:45:04'),
(2501, 60, 600, 177188, 177188, NULL, '2015-08-20 16:45:05'),
(2502, 116, 612, 177240, 177240, NULL, '2015-08-20 16:45:05'),
(2503, 60, 601, 177192, 177192, NULL, '2015-08-20 16:45:06'),
(2504, 121, 607, 177218, NULL, '11122121', '2015-08-20 16:45:06'),
(2505, 60, 602, 177199, 177199, NULL, '2015-08-20 16:45:06'),
(2506, 121, 608, 177221, 177221, NULL, '2015-08-20 16:45:06'),
(2507, 86, 599, 177182, 177182, NULL, '2015-08-20 16:45:07'),
(2508, 60, 603, 177200, 177200, NULL, '2015-08-20 16:45:07'),
(2510, 121, 609, 177223, 177223, NULL, '2015-08-20 16:45:07'),
(2512, 54, 600, 177188, 177188, NULL, '2015-08-20 16:45:08'),
(2513, 27, 605, 177209, 177209, NULL, '2015-08-20 16:45:08'),
(2514, 86, 600, 177188, 177188, NULL, '2015-08-20 16:45:08'),
(2515, 106, 602, 177197, 177197, NULL, '2015-08-20 16:45:08'),
(2516, 121, 610, 177230, 177230, NULL, '2015-08-20 16:45:08'),
(2517, 60, 604, 177206, 177206, NULL, '2015-08-20 16:45:09'),
(2518, 86, 601, 177193, 177193, NULL, '2015-08-20 16:45:09'),
(2519, 106, 603, 177202, 177202, NULL, '2015-08-20 16:45:09'),
(2520, 121, 611, 177233, 177233, NULL, '2015-08-20 16:45:09'),
(2521, 60, 605, 177212, 177212, NULL, '2015-08-20 16:45:09'),
(2523, 88, 607, 177218, NULL, '1111212211', '2015-08-20 16:45:10'),
(2524, 49, 608, 177221, 177221, NULL, '2015-08-20 16:45:10'),
(2525, 106, 604, 177206, 177206, NULL, '2015-08-20 16:45:11'),
(2527, 54, 598, 177176, 177176, NULL, '2015-08-20 16:45:11'),
(2528, 106, 605, 177212, 177212, NULL, '2015-08-20 16:45:12'),
(2530, 106, 606, 177217, 177217, NULL, '2015-08-20 16:45:13'),
(2531, 106, 607, 177218, NULL, '2112111112', '2015-08-20 16:45:14'),
(2532, 60, 607, 177218, NULL, '', '2015-08-20 16:45:14'),
(2533, 86, 602, 177195, 177195, NULL, '2015-08-20 16:45:15'),
(2535, 125, 609, 177225, 177225, NULL, '2015-08-20 16:45:15'),
(2536, 71, 604, 177205, 177205, NULL, '2015-08-20 16:45:15'),
(2537, 106, 608, 177222, 177222, NULL, '2015-08-20 16:45:15'),
(2538, 60, 608, 177222, 177222, NULL, '2015-08-20 16:45:15'),
(2539, 98, 604, 177206, 177206, NULL, '2015-08-20 16:45:16'),
(2540, 89, 601, 177192, 177192, NULL, '2015-08-20 16:45:16'),
(2541, 31, 607, 177218, NULL, '122221111', '2015-08-20 16:45:16'),
(2542, 106, 609, 177224, 177224, NULL, '2015-08-20 16:45:16'),
(2543, 27, 606, 177214, 177214, NULL, '2015-08-20 16:45:16'),
(2544, 112, 609, 177224, 177224, NULL, '2015-08-20 16:45:17'),
(2545, 73, 607, 177218, NULL, '11112211', '2015-08-20 16:45:17'),
(2546, 35, 607, 177218, NULL, '1111122211', '2015-08-20 16:45:17'),
(2547, 80, 608, 177221, 177221, NULL, '2015-08-20 16:45:17'),
(2548, 98, 605, 177212, 177212, NULL, '2015-08-20 16:45:17'),
(2549, 112, 610, 177227, 177227, NULL, '2015-08-20 16:45:17'),
(2550, 69, 603, 177202, 177202, NULL, '2015-08-20 16:45:17'),
(2551, 73, 608, 177221, 177221, NULL, '2015-08-20 16:45:17'),
(2552, 35, 608, 177221, 177221, NULL, '2015-08-20 16:45:18'),
(2553, 39, 605, 177210, 177210, NULL, '2015-08-20 16:45:18'),
(2554, 112, 611, 177231, 177231, NULL, '2015-08-20 16:45:18'),
(2555, 73, 609, 177224, 177224, NULL, '2015-08-20 16:45:18'),
(2556, 76, 602, 177195, 177195, NULL, '2015-08-20 16:45:18'),
(2557, 35, 609, 177226, 177226, NULL, '2015-08-20 16:45:19'),
(2558, 71, 605, 177212, 177212, NULL, '2015-08-20 16:45:19'),
(2559, 69, 604, 177206, 177206, NULL, '2015-08-20 16:45:19'),
(2560, 73, 610, 177228, 177228, NULL, '2015-08-20 16:45:19'),
(2561, 69, 605, 177209, 177209, NULL, '2015-08-20 16:45:19'),
(2562, 73, 611, 177231, 177231, NULL, '2015-08-20 16:45:20'),
(2563, 69, 606, 177216, 177216, NULL, '2015-08-20 16:45:21'),
(2564, 106, 610, 177228, 177228, NULL, '2015-08-20 16:45:21'),
(2565, 69, 607, 177218, NULL, '11112221', '2015-08-20 16:45:22'),
(2567, 69, 608, 177221, 177221, NULL, '2015-08-20 16:45:23'),
(2568, 106, 611, 177234, 177234, NULL, '2015-08-20 16:45:23'),
(2569, 33, 607, 177218, NULL, '11112221', '2015-08-20 16:45:23'),
(2570, 35, 610, 177229, 177229, NULL, '2015-08-20 16:45:24'),
(2571, 69, 609, 177223, 177223, NULL, '2015-08-20 16:45:24'),
(2572, 112, 612, 177240, 177240, NULL, '2015-08-20 16:45:24'),
(2574, 41, 600, 177188, 177188, NULL, '2015-08-20 16:45:25'),
(2575, 52, 609, 177226, 177226, NULL, '2015-08-20 16:45:25'),
(2576, 69, 610, 177228, 177228, NULL, '2015-08-20 16:45:25'),
(2577, 28, 599, 177182, 177182, NULL, '2015-08-20 16:45:25'),
(2578, 124, 610, 177228, 177228, NULL, '2015-08-20 16:45:25'),
(2579, 60, 610, 177230, 177230, NULL, '2015-08-20 16:45:25'),
(2580, 69, 611, 177231, 177231, NULL, '2015-08-20 16:45:26'),
(2581, 57, 611, 177231, 177231, NULL, '2015-08-20 16:45:26'),
(2582, 60, 611, 177231, 177231, NULL, '2015-08-20 16:45:26'),
(2584, 86, 603, 177204, 177204, NULL, '2015-08-20 16:45:26'),
(2585, 65, 601, 177191, 177191, NULL, '2015-08-20 16:45:27'),
(2586, 67, 610, 177228, 177228, NULL, '2015-08-20 16:45:27'),
(2587, 39, 606, 177215, 177215, NULL, '2015-08-20 16:45:28'),
(2588, 44, 611, 177233, 177233, NULL, '2015-08-20 16:45:28'),
(2589, 85, 606, 177216, 177216, NULL, '2015-08-20 16:45:28'),
(2590, 106, 612, 177238, 177238, NULL, '2015-08-20 16:45:28'),
(2592, 64, 599, 177183, 177183, NULL, '2015-08-20 16:45:29'),
(2593, 27, 607, 177218, NULL, '', '2015-08-20 16:45:30'),
(2594, 60, 612, 177238, 177238, NULL, '2015-08-20 16:45:31'),
(2595, 113, 603, 177204, 177204, NULL, '2015-08-20 16:45:31'),
(2596, 27, 608, 177221, 177221, NULL, '2015-08-20 16:45:31'),
(2597, 109, 604, 177206, 177206, NULL, '2015-08-20 16:45:32'),
(2598, 43, 607, 177218, NULL, '1112221111', '2015-08-20 16:45:32'),
(2599, 86, 604, 177207, 177207, NULL, '2015-08-20 16:45:32'),
(2601, 82, 600, 177188, 177188, NULL, '2015-08-20 16:45:32'),
(2602, 86, 605, 177210, 177210, NULL, '2015-08-20 16:45:33'),
(2603, 82, 601, 177191, 177191, NULL, '2015-08-20 16:45:33'),
(2604, 113, 604, 177207, 177207, NULL, '2015-08-20 16:45:33'),
(2605, 28, 600, 177187, 177187, NULL, '2015-08-20 16:45:33'),
(2606, 113, 605, 177212, 177212, NULL, '2015-08-20 16:45:34'),
(2607, 66, 612, 177240, 177240, NULL, '2015-08-20 16:45:34'),
(2608, 78, 598, 177177, 177177, NULL, '2015-08-20 16:45:34'),
(2609, 94, 607, 177218, NULL, '1222321', '2015-08-20 16:45:34'),
(2610, 69, 612, 177240, 177240, NULL, '2015-08-20 16:45:35'),
(2611, 86, 606, 177217, 177217, NULL, '2015-08-20 16:45:35'),
(2613, 39, 607, 177218, NULL, '', '2015-08-20 16:45:35'),
(2614, 28, 601, 177192, 177192, NULL, '2015-08-20 16:45:36'),
(2617, 39, 608, 177221, 177221, NULL, '2015-08-20 16:45:36'),
(2618, 43, 612, 177240, 177240, NULL, '2015-08-20 16:45:37'),
(2619, 94, 608, 177221, 177221, NULL, '2015-08-20 16:45:38'),
(2620, 71, 606, 177217, 177217, NULL, '2015-08-20 16:45:39'),
(2621, 88, 608, 177219, 177219, NULL, '2015-08-20 16:45:39'),
(2622, 78, 599, 177183, 177183, NULL, '2015-08-20 16:45:39'),
(2624, 100, 599, 177183, 177183, NULL, '2015-08-20 16:45:39'),
(2625, 100, 600, 177188, 177188, NULL, '2015-08-20 16:45:40'),
(2626, 123, 604, 177207, 177207, NULL, '2015-08-20 16:45:40'),
(2627, 89, 602, 177198, 177198, NULL, '2015-08-20 16:45:40'),
(2628, 100, 601, 177191, 177191, NULL, '2015-08-20 16:45:40'),
(2629, 100, 602, 177198, 177198, NULL, '2015-08-20 16:45:41'),
(2630, 71, 607, 177218, NULL, '', '2015-08-20 16:45:41'),
(2631, 100, 603, 177202, 177202, NULL, '2015-08-20 16:45:42'),
(2632, 52, 612, 177240, 177240, NULL, '2015-08-20 16:45:42'),
(2633, 68, 603, 177204, 177204, NULL, '2015-08-20 16:45:42'),
(2634, 125, 610, 177230, 177230, NULL, '2015-08-20 16:45:42'),
(2635, 48, 601, 177191, 177191, NULL, '2015-08-20 16:45:42'),
(2636, 71, 608, 177221, 177221, NULL, '2015-08-20 16:45:43'),
(2637, 61, 609, 177226, 177226, NULL, '2015-08-20 16:45:43'),
(2638, 123, 605, 177209, 177209, NULL, '2015-08-20 16:45:43'),
(2639, 41, 601, 177194, 177194, NULL, '2015-08-20 16:45:43'),
(2640, 100, 604, 177206, 177206, NULL, '2015-08-20 16:45:43'),
(2641, 90, 599, 177183, 177183, NULL, '2015-08-20 16:45:44'),
(2642, 119, 598, 177177, 177177, NULL, '2015-08-20 16:45:44'),
(2643, 123, 606, 177216, 177216, NULL, '2015-08-20 16:45:44'),
(2644, 31, 612, 177235, 177235, NULL, '2015-08-20 16:45:45'),
(2645, 36, 602, 177195, 177195, NULL, '2015-08-20 16:45:45'),
(2646, 78, 600, 177188, 177188, NULL, '2015-08-20 16:45:45'),
(2647, 50, 609, 177225, 177225, NULL, '2015-08-20 16:45:46'),
(2648, 54, 612, 177240, 177240, NULL, '2015-08-20 16:45:46'),
(2649, 34, 598, 177178, 177178, NULL, '2015-08-20 16:45:46'),
(2650, 48, 602, 177198, 177198, NULL, '2015-08-20 16:45:46'),
(2651, 77, 611, 177231, 177231, NULL, '2015-08-20 16:45:46'),
(2652, 89, 603, 177200, 177200, NULL, '2015-08-20 16:45:47'),
(2653, 70, 604, 177206, 177206, NULL, '2015-08-20 16:45:47'),
(2654, 91, 598, 177179, 177179, NULL, '2015-08-20 16:45:47'),
(2655, 48, 603, 177204, 177204, NULL, '2015-08-20 16:45:47'),
(2656, 94, 609, 177224, 177224, NULL, '2015-08-20 16:45:47'),
(2658, 72, 599, 177183, 177183, NULL, '2015-08-20 16:45:48'),
(2660, 78, 601, 177192, 177192, NULL, '2015-08-20 16:45:48'),
(2661, 48, 604, 177206, 177206, NULL, '2015-08-20 16:45:48'),
(2662, 58, 598, 177176, 177176, NULL, '2015-08-20 16:45:48'),
(2663, 50, 610, 177228, 177228, NULL, '2015-08-20 16:45:49'),
(2664, 81, 607, 177218, NULL, '', '2015-08-20 16:45:49'),
(2665, 78, 602, 177198, 177198, NULL, '2015-08-20 16:45:49'),
(2666, 101, 609, 177226, 177226, NULL, '2015-08-20 16:45:49'),
(2667, 48, 605, 177212, 177212, NULL, '2015-08-20 16:45:49'),
(2668, 50, 611, 177231, 177231, NULL, '2015-08-20 16:45:49'),
(2669, 89, 604, 177206, 177206, NULL, '2015-08-20 16:45:50'),
(2670, 78, 603, 177201, 177201, NULL, '2015-08-20 16:45:50'),
(2671, 94, 610, 177227, 177227, NULL, '2015-08-20 16:45:50'),
(2672, 89, 605, 177209, 177209, NULL, '2015-08-20 16:45:51'),
(2673, 100, 605, 177210, 177210, NULL, '2015-08-20 16:45:51'),
(2674, 78, 604, 177206, 177206, NULL, '2015-08-20 16:45:51'),
(2675, 61, 610, 177230, 177230, NULL, '2015-08-20 16:45:51'),
(2676, 90, 600, 177186, 177186, NULL, '2015-08-20 16:45:51'),
(2677, 70, 605, 177211, 177211, NULL, '2015-08-20 16:45:52'),
(2678, 71, 609, 177226, 177226, NULL, '2015-08-20 16:45:52'),
(2679, 78, 605, 177210, 177210, NULL, '2015-08-20 16:45:52'),
(2680, 100, 606, 177216, 177216, NULL, '2015-08-20 16:45:52'),
(2681, 75, 611, 177233, 177233, NULL, '2015-08-20 16:45:52'),
(2682, 48, 606, 177216, 177216, NULL, '2015-08-20 16:45:52'),
(2683, 117, 612, 177240, 177240, NULL, '2015-08-20 16:45:52'),
(2684, 41, 602, 177198, 177198, NULL, '2015-08-20 16:45:53'),
(2685, 91, 604, 177206, 177206, NULL, '2015-08-20 16:45:53'),
(2686, 89, 606, 177216, 177216, NULL, '2015-08-20 16:45:53'),
(2687, 100, 607, 177218, NULL, '1111221', '2015-08-20 16:45:53'),
(2688, 94, 611, 177231, 177231, NULL, '2015-08-20 16:45:53'),
(2689, 91, 605, 177209, 177209, NULL, '2015-08-20 16:45:53'),
(2690, 50, 612, 177237, 177237, NULL, '2015-08-20 16:45:54'),
(2691, 90, 601, 177192, 177192, NULL, '2015-08-20 16:45:54'),
(2692, 100, 608, 177221, 177221, NULL, '2015-08-20 16:45:54'),
(2693, 78, 606, 177217, 177217, NULL, '2015-08-20 16:45:54'),
(2694, 72, 600, 177188, 177188, NULL, '2015-08-20 16:45:54'),
(2696, 91, 606, 177216, 177216, NULL, '2015-08-20 16:45:54'),
(2697, 96, 609, 177225, 177225, NULL, '2015-08-20 16:45:55'),
(2698, 98, 606, 177216, 177216, NULL, '2015-08-20 16:45:55'),
(2699, 70, 606, 177215, 177215, NULL, '2015-08-20 16:45:55'),
(2701, 100, 609, 177226, 177226, NULL, '2015-08-20 16:45:55'),
(2702, 122, 607, 177218, NULL, '11112211', '2015-08-20 16:45:55'),
(2703, 59, 600, 177187, 177187, NULL, '2015-08-20 16:45:55'),
(2704, 58, 599, 177182, 177182, NULL, '2015-08-20 16:45:55'),
(2705, 96, 610, 177228, 177228, NULL, '2015-08-20 16:45:55'),
(2706, 91, 607, 177218, NULL, '', '2015-08-20 16:45:56'),
(2707, 123, 607, 177218, NULL, '', '2015-08-20 16:45:56'),
(2708, 74, 598, 177176, 177176, NULL, '2015-08-20 16:45:56'),
(2709, 96, 611, 177231, 177231, NULL, '2015-08-20 16:45:56'),
(2710, 78, 607, 177218, NULL, '', '2015-08-20 16:45:56'),
(2711, 100, 610, 177228, 177228, NULL, '2015-08-20 16:45:56'),
(2712, 90, 602, 177195, 177195, NULL, '2015-08-20 16:45:56'),
(2713, 91, 608, 177222, 177222, NULL, '2015-08-20 16:45:56'),
(2714, 123, 608, 177221, 177221, NULL, '2015-08-20 16:45:56'),
(2715, 97, 609, 177223, 177223, NULL, '2015-08-20 16:45:57'),
(2716, 100, 611, 177231, 177231, NULL, '2015-08-20 16:45:57'),
(2717, 109, 605, 177210, 177210, NULL, '2015-08-20 16:45:57'),
(2718, 78, 608, 177219, 177219, NULL, '2015-08-20 16:45:57'),
(2719, 123, 609, 177226, 177226, NULL, '2015-08-20 16:45:58'),
(2720, 91, 609, 177226, 177226, NULL, '2015-08-20 16:45:58'),
(2721, 58, 600, 177186, 177186, NULL, '2015-08-20 16:45:58'),
(2722, 61, 611, 177231, 177231, NULL, '2015-08-20 16:45:58'),
(2723, 78, 609, 177224, 177224, NULL, '2015-08-20 16:45:59'),
(2724, 123, 610, 177230, 177230, NULL, '2015-08-20 16:45:59'),
(2725, 114, 611, 177231, 177231, NULL, '2015-08-20 16:45:59'),
(2726, 56, 599, 177181, 177181, NULL, '2015-08-20 16:45:59'),
(2727, 74, 599, 177182, 177182, NULL, '2015-08-20 16:46:00'),
(2729, 91, 610, 177228, 177228, NULL, '2015-08-20 16:46:00'),
(2730, 123, 611, 177231, 177231, NULL, '2015-08-20 16:46:00'),
(2731, 78, 610, 177228, 177228, NULL, '2015-08-20 16:46:00'),
(2732, 71, 610, 177228, 177228, NULL, '2015-08-20 16:46:00'),
(2733, 56, 600, 177189, 177189, NULL, '2015-08-20 16:46:00'),
(2734, 72, 601, 177192, 177192, NULL, '2015-08-20 16:46:00'),
(2735, 70, 609, 177223, 177223, NULL, '2015-08-20 16:46:00'),
(2736, 90, 603, 177203, 177203, NULL, '2015-08-20 16:46:00'),
(2737, 51, 607, 177218, NULL, '1111122211', '2015-08-20 16:46:00'),
(2738, 56, 601, 177192, 177192, NULL, '2015-08-20 16:46:01'),
(2740, 58, 601, 177191, 177191, NULL, '2015-08-20 16:46:01'),
(2741, 78, 611, 177232, 177232, NULL, '2015-08-20 16:46:01'),
(2743, 56, 602, 177199, 177199, NULL, '2015-08-20 16:46:01'),
(2746, 96, 612, 177241, 177241, NULL, '2015-08-20 16:46:02'),
(2747, 76, 603, 177204, 177204, NULL, '2015-08-20 16:46:03'),
(2749, 74, 600, 177188, 177188, NULL, '2015-08-20 16:46:03'),
(2750, 125, 611, 177233, 177233, NULL, '2015-08-20 16:46:04'),
(2751, 70, 610, 177230, 177230, NULL, '2015-08-20 16:46:04'),
(2752, 72, 602, 177198, 177198, NULL, '2015-08-20 16:46:04'),
(2753, 114, 612, 177238, 177238, NULL, '2015-08-20 16:46:05'),
(2756, 65, 602, 177195, 177195, NULL, '2015-08-20 16:46:05'),
(2757, 74, 601, 177190, 177190, NULL, '2015-08-20 16:46:06'),
(2758, 92, 599, 177181, 177181, NULL, '2015-08-20 16:46:06'),
(2759, 65, 603, 177201, 177201, NULL, '2015-08-20 16:46:06'),
(2760, 94, 598, 177179, 177179, NULL, '2015-08-20 16:46:06'),
(2761, 67, 611, 177233, 177233, NULL, '2015-08-20 16:46:06'),
(2762, 90, 604, 177206, 177206, NULL, '2015-08-20 16:46:07'),
(2763, 82, 602, 177198, 177198, NULL, '2015-08-20 16:46:08'),
(2764, 74, 602, 177199, 177199, NULL, '2015-08-20 16:46:08'),
(2765, 90, 605, 177209, 177209, NULL, '2015-08-20 16:46:08'),
(2766, 92, 600, 177189, 177189, NULL, '2015-08-20 16:46:09'),
(2767, 90, 606, 177214, 177214, NULL, '2015-08-20 16:46:09'),
(2769, 70, 612, 177240, 177240, NULL, '2015-08-20 16:46:10'),
(2770, 74, 603, 177202, 177202, NULL, '2015-08-20 16:46:10'),
(2771, 97, 610, 177230, 177230, NULL, '2015-08-20 16:46:10'),
(2772, 87, 607, 177218, NULL, '1111221', '2015-08-20 16:46:10'),
(2773, 80, 609, 177224, 177224, NULL, '2015-08-20 16:46:11'),
(2774, 74, 604, 177206, 177206, NULL, '2015-08-20 16:46:11'),
(2775, 98, 607, 177218, NULL, '11221211', '2015-08-20 16:46:11'),
(2776, 77, 612, 177240, 177240, NULL, '2015-08-20 16:46:11'),
(2779, 98, 608, 177221, 177221, NULL, '2015-08-20 16:46:12'),
(2780, 99, 611, 177232, 177232, NULL, '2015-08-20 16:46:12'),
(2781, 72, 603, 177201, 177201, NULL, '2015-08-20 16:46:12'),
(2782, 92, 601, 177192, 177192, NULL, '2015-08-20 16:46:12'),
(2783, 87, 608, 177220, 177220, NULL, '2015-08-20 16:46:13'),
(2784, 98, 609, 177226, 177226, NULL, '2015-08-20 16:46:13'),
(2785, 82, 603, 177201, 177201, NULL, '2015-08-20 16:46:14'),
(2786, 98, 610, 177227, 177227, NULL, '2015-08-20 16:46:14'),
(2787, 87, 609, 177225, 177225, NULL, '2015-08-20 16:46:15'),
(2788, 92, 602, 177195, 177195, NULL, '2015-08-20 16:46:15'),
(2790, 89, 607, 177218, NULL, '111122211', '2015-08-20 16:46:16'),
(2791, 119, 599, 177182, 177182, NULL, '2015-08-20 16:46:16'),
(2792, 76, 612, 177240, 177240, NULL, '2015-08-20 16:46:17'),
(2793, 98, 611, 177231, 177231, NULL, '2015-08-20 16:46:18'),
(2794, 119, 600, 177187, 177187, NULL, '2015-08-20 16:46:18'),
(2795, 87, 610, 177227, 177227, NULL, '2015-08-20 16:46:18'),
(2797, 119, 601, 177191, 177191, NULL, '2015-08-20 16:46:19'),
(2798, 92, 603, 177200, 177200, NULL, '2015-08-20 16:46:19'),
(2799, 119, 602, 177198, 177198, NULL, '2015-08-20 16:46:19'),
(2800, 90, 607, 177218, NULL, '11122212', '2015-08-20 16:46:20'),
(2801, 119, 603, 177202, 177202, NULL, '2015-08-20 16:46:20'),
(2802, 81, 608, 177220, 177220, NULL, '2015-08-20 16:46:20'),
(2803, 80, 610, 177228, 177228, NULL, '2015-08-20 16:46:20'),
(2804, 93, 611, 177234, 177234, NULL, '2015-08-20 16:46:20'),
(2805, 87, 611, 177232, 177232, NULL, '2015-08-20 16:46:20'),
(2806, 90, 608, 177221, 177221, NULL, '2015-08-20 16:46:21'),
(2807, 119, 604, 177207, 177207, NULL, '2015-08-20 16:46:21'),
(2808, 92, 604, 177205, 177205, NULL, '2015-08-20 16:46:21'),
(2810, 90, 609, 177223, 177223, NULL, '2015-08-20 16:46:22'),
(2811, 119, 605, 177211, 177211, NULL, '2015-08-20 16:46:22'),
(2812, 92, 605, 177209, 177209, NULL, '2015-08-20 16:46:22'),
(2813, 91, 611, 177231, 177231, NULL, '2015-08-20 16:46:23'),
(2814, 119, 606, 177215, 177215, NULL, '2015-08-20 16:46:23'),
(2815, 90, 610, 177228, 177228, NULL, '2015-08-20 16:46:23'),
(2816, 92, 606, 177216, 177216, NULL, '2015-08-20 16:46:23'),
(2818, 84, 599, 177180, 177180, NULL, '2015-08-20 16:46:24'),
(2819, 95, 611, 177234, 177234, NULL, '2015-08-20 16:46:24'),
(2820, 89, 608, 177221, 177221, NULL, '2015-08-20 16:46:24'),
(2821, 90, 611, 177233, 177233, NULL, '2015-08-20 16:46:24'),
(2822, 119, 607, 177218, NULL, '22221121', '2015-08-20 16:46:24'),
(2823, 107, 607, 177218, NULL, '11112221', '2015-08-20 16:46:25'),
(2824, 119, 608, 177222, 177222, NULL, '2015-08-20 16:46:25'),
(2825, 119, 609, 177225, 177225, NULL, '2015-08-20 16:46:26'),
(2826, 89, 609, 177226, 177226, NULL, '2015-08-20 16:46:26'),
(2827, 119, 610, 177227, 177227, NULL, '2015-08-20 16:46:27'),
(2828, 91, 612, 177240, 177240, NULL, '2015-08-20 16:46:28'),
(2829, 119, 611, 177232, 177232, NULL, '2015-08-20 16:46:28'),
(2830, 85, 607, 177218, NULL, '111111222111', '2015-08-20 16:46:28'),
(2831, 98, 598, 177178, 177178, NULL, '2015-08-20 16:46:28'),
(2832, 122, 608, 177219, 177219, NULL, '2015-08-20 16:46:28'),
(2833, 84, 600, 177188, 177188, NULL, '2015-08-20 16:46:28'),
(2834, 105, 609, 177226, 177226, NULL, '2015-08-20 16:46:29'),
(2835, 90, 612, 177240, 177240, NULL, '2015-08-20 16:46:29'),
(2836, 98, 599, 177182, 177182, NULL, '2015-08-20 16:46:30'),
(2838, 92, 607, 177218, NULL, '111121212', '2015-08-20 16:46:31'),
(2839, 94, 599, 177182, 177182, NULL, '2015-08-20 16:46:32'),
(2841, 85, 608, 177220, 177220, NULL, '2015-08-20 16:46:32'),
(2842, 89, 610, 177228, 177228, NULL, '2015-08-20 16:46:32'),
(2843, 88, 612, 177237, 177237, NULL, '2015-08-20 16:46:33'),
(2844, 92, 608, 177221, 177221, NULL, '2015-08-20 16:46:34'),
(2845, 92, 609, 177226, 177226, NULL, '2015-08-20 16:46:34'),
(2846, 119, 612, 177240, 177240, NULL, '2015-08-20 16:46:36'),
(2847, 92, 610, 177229, 177229, NULL, '2015-08-20 16:46:37'),
(2848, 92, 611, 177231, 177231, NULL, '2015-08-20 16:46:37'),
(2850, 97, 611, 177232, 177232, NULL, '2015-08-20 16:46:40'),
(2852, 98, 600, 177188, 177188, NULL, '2015-08-20 16:46:41'),
(2855, 98, 601, 177192, 177192, NULL, '2015-08-20 16:46:44'),
(2857, 125, 612, 177236, 177236, NULL, '2015-08-20 16:46:45'),
(2858, 110, 598, 177179, 177179, NULL, '2015-08-20 16:46:45'),
(2859, 109, 607, 177218, NULL, '112112', '2015-08-20 16:46:47'),
(2860, 111, 607, 177218, NULL, '111211', '2015-08-20 16:46:49'),
(2861, 110, 612, 177240, 177240, NULL, '2015-08-20 16:46:50'),
(2863, 109, 608, 177222, 177222, NULL, '2015-08-20 16:46:52'),
(2864, 126, 599, 177184, 177184, NULL, '2015-08-20 16:46:54'),
(2865, 126, 600, 177188, 177188, NULL, '2015-08-20 16:46:54'),
(2866, 126, 601, 177190, 177190, NULL, '2015-08-20 16:46:55'),
(2867, 126, 602, 177198, 177198, NULL, '2015-08-20 16:46:55'),
(2868, 126, 603, 177201, 177201, NULL, '2015-08-20 16:46:55'),
(2869, 105, 610, 177227, 177227, NULL, '2015-08-20 16:46:56'),
(2870, 107, 608, 177221, 177221, NULL, '2015-08-20 16:47:09'),
(2871, 124, 611, 177232, 177232, NULL, '2015-08-20 16:47:10'),
(2872, 111, 608, 177222, 177222, NULL, '2015-08-20 16:47:20'),
(2874, 123, 599, 177183, 177183, NULL, '2015-08-20 16:47:25'),
(2875, 109, 609, 177224, 177224, NULL, '2015-08-20 16:47:31'),
(2876, 109, 610, 177228, 177228, NULL, '2015-08-20 16:47:34'),
(2877, 109, 611, 177231, 177231, NULL, '2015-08-20 16:47:39'),
(2878, 107, 609, 177224, 177224, NULL, '2015-08-20 16:47:43'),
(2879, 111, 609, 177224, 177224, NULL, '2015-08-20 16:47:45'),
(2880, 108, 598, 177176, 177176, NULL, '2015-08-20 16:47:45'),
(2881, 108, 600, 177188, 177188, NULL, '2015-08-20 16:47:47'),
(2882, 108, 602, 177196, 177196, NULL, '2015-08-20 16:47:48'),
(2883, 108, 603, 177202, 177202, NULL, '2015-08-20 16:47:49'),
(2884, 108, 604, 177206, 177206, NULL, '2015-08-20 16:47:50'),
(2885, 108, 605, 177209, 177209, NULL, '2015-08-20 16:47:51'),
(2886, 108, 606, 177217, 177217, NULL, '2015-08-20 16:47:52'),
(2887, 108, 607, 177218, NULL, '111111222', '2015-08-20 16:47:53'),
(2888, 109, 612, 177240, 177240, NULL, '2015-08-20 16:47:53'),
(2889, 108, 608, 177221, 177221, NULL, '2015-08-20 16:47:54'),
(2890, 108, 609, 177226, 177226, NULL, '2015-08-20 16:47:55'),
(2891, 108, 610, 177228, 177228, NULL, '2015-08-20 16:47:56'),
(2892, 108, 611, 177231, 177231, NULL, '2015-08-20 16:47:57'),
(2893, 111, 610, 177228, 177228, NULL, '2015-08-20 16:48:03'),
(2894, 105, 611, 177234, 177234, NULL, '2015-08-20 16:48:03'),
(2895, 111, 611, 177233, 177233, NULL, '2015-08-20 16:48:10'),
(2896, 122, 609, 177224, 177224, NULL, '2015-08-20 16:48:12'),
(2897, 123, 600, 177188, 177188, NULL, '2015-08-20 16:48:15'),
(2898, 122, 610, 177229, 177229, NULL, '2015-08-20 16:48:19'),
(2900, 122, 611, 177231, 177231, NULL, '2015-08-20 16:48:22'),
(2901, 123, 601, 177193, 177193, NULL, '2015-08-20 16:48:27'),
(2902, 122, 612, 177240, 177240, NULL, '2015-08-20 16:48:28'),
(2904, 126, 605, 177209, 177209, NULL, '2015-08-20 16:49:01'),
(2905, 126, 606, 177216, 177216, NULL, '2015-08-20 16:49:02'),
(2908, 130, 598, 177177, 177177, NULL, '2015-08-20 16:49:38'),
(2911, 130, 599, 177182, 177182, NULL, '2015-08-20 16:50:29'),
(2923, 130, 600, 177187, 177187, NULL, '2015-08-20 16:51:08'),
(2924, 130, 601, 177191, 177191, NULL, '2015-08-20 16:51:09'),
(2925, 130, 602, 177198, 177198, NULL, '2015-08-20 16:51:20'),
(2926, 127, 598, 177177, 177177, NULL, '2015-08-20 16:51:30'),
(2927, 127, 599, 177183, 177183, NULL, '2015-08-20 16:51:34'),
(2928, 127, 600, 177188, 177188, NULL, '2015-08-20 16:51:35'),
(2929, 127, 601, 177191, 177191, NULL, '2015-08-20 16:51:36'),
(2930, 127, 602, 177197, 177197, NULL, '2015-08-20 16:51:37'),
(2931, 127, 603, 177203, 177203, NULL, '2015-08-20 16:51:38'),
(2932, 130, 603, 177204, 177204, NULL, '2015-08-20 16:51:38'),
(2933, 127, 604, 177206, 177206, NULL, '2015-08-20 16:51:39'),
(2934, 130, 604, 177207, 177207, NULL, '2015-08-20 16:51:40'),
(2935, 130, 605, 177212, 177212, NULL, '2015-08-20 16:51:40'),
(2936, 127, 605, 177209, 177209, NULL, '2015-08-20 16:51:41'),
(2938, 127, 606, 177216, 177216, NULL, '2015-08-20 16:51:42'),
(2939, 127, 607, 177218, NULL, '11122211', '2015-08-20 16:51:42'),
(2940, 127, 608, 177222, 177222, NULL, '2015-08-20 16:51:43'),
(2942, 127, 609, 177226, 177226, NULL, '2015-08-20 16:51:44'),
(2944, 127, 610, 177228, 177228, NULL, '2015-08-20 16:51:45'),
(2945, 127, 611, 177231, 177231, NULL, '2015-08-20 16:51:45'),
(2947, 127, 612, 177240, 177240, NULL, '2015-08-20 16:51:55'),
(2948, 130, 606, 177216, 177216, NULL, '2015-08-20 16:52:10'),
(2949, 130, 607, 177218, NULL, '11112221', '2015-08-20 16:52:50'),
(2950, 130, 608, 177221, 177221, NULL, '2015-08-20 16:52:51'),
(2951, 130, 609, 177225, 177225, NULL, '2015-08-20 16:52:54'),
(2952, 130, 610, 177230, 177230, NULL, '2015-08-20 16:52:55'),
(2953, 130, 611, 177234, 177234, NULL, '2015-08-20 16:53:15'),
(2954, 130, 612, 177240, 177240, NULL, '2015-08-20 16:53:20'),
(2959, 129, 598, 177177, 177177, NULL, '2015-08-20 16:56:43'),
(2967, 142, 598, 177176, 177176, NULL, '2015-08-20 16:58:23'),
(2971, 137, 598, 177178, 177178, NULL, '2015-08-20 16:58:38'),
(2996, 132, 598, 177177, 177177, NULL, '2015-08-20 17:00:37'),
(2997, 129, 599, 177182, 177182, NULL, '2015-08-20 17:00:39'),
(2999, 129, 600, 177186, 177186, NULL, '2015-08-20 17:01:16'),
(3004, 129, 601, 177191, 177191, NULL, '2015-08-20 17:01:31'),
(3005, 133, 598, 177176, 177176, NULL, '2015-08-20 17:01:38'),
(3007, 133, 599, 177184, 177184, NULL, '2015-08-20 17:01:43'),
(3009, 129, 602, 177199, 177199, NULL, '2015-08-20 17:01:54'),
(3010, 129, 603, 177204, 177204, NULL, '2015-08-20 17:02:00'),
(3011, 129, 604, 177207, 177207, NULL, '2015-08-20 17:02:05'),
(3013, 129, 605, 177212, 177212, NULL, '2015-08-20 17:02:08'),
(3015, 129, 606, 177216, 177216, NULL, '2015-08-20 17:02:11'),
(3017, 129, 607, 177218, NULL, '211221', '2015-08-20 17:02:22'),
(3018, 129, 608, 177222, 177222, NULL, '2015-08-20 17:02:24'),
(3019, 129, 609, 177226, 177226, NULL, '2015-08-20 17:02:26'),
(3020, 129, 610, 177227, 177227, NULL, '2015-08-20 17:02:29'),
(3021, 129, 611, 177231, 177231, NULL, '2015-08-20 17:02:30'),
(3024, 129, 612, 177239, 177239, NULL, '2015-08-20 17:02:34'),
(3026, 132, 599, 177182, 177182, NULL, '2015-08-20 17:02:49'),
(3027, 132, 600, 177187, 177187, NULL, '2015-08-20 17:02:50'),
(3028, 142, 599, 177183, 177183, NULL, '2015-08-20 17:02:54'),
(3029, 132, 601, 177192, 177192, NULL, '2015-08-20 17:03:03'),
(3034, 142, 600, 177188, 177188, NULL, '2015-08-20 17:03:32'),
(3036, 132, 602, 177198, 177198, NULL, '2015-08-20 17:03:47'),
(3037, 132, 603, 177204, 177204, NULL, '2015-08-20 17:03:52'),
(3041, 139, 601, 177192, 177192, NULL, '2015-08-20 17:04:09'),
(3042, 139, 602, 177198, 177198, NULL, '2015-08-20 17:04:10'),
(3045, 133, 604, 177208, 177208, NULL, '2015-08-20 17:04:46'),
(3046, 139, 603, 177201, 177201, NULL, '2015-08-20 17:04:48'),
(3048, 132, 604, 177206, 177206, NULL, '2015-08-20 17:05:03'),
(3051, 139, 604, 177207, 177207, NULL, '2015-08-20 17:05:48'),
(3052, 140, 608, 177221, 177221, NULL, '2015-08-20 17:05:58'),
(3055, 139, 605, 177210, 177210, NULL, '2015-08-20 17:06:20'),
(3057, 132, 605, 177209, 177209, NULL, '2015-08-20 17:06:23'),
(3059, 142, 601, 177190, 177190, NULL, '2015-08-20 17:06:38'),
(3063, 142, 602, 177198, 177198, NULL, '2015-08-20 17:06:50'),
(3067, 140, 609, 177226, 177226, NULL, '2015-08-20 17:07:09'),
(3068, 136, 608, 177221, 177221, NULL, '2015-08-20 17:07:10'),
(3070, 142, 603, 177204, 177204, NULL, '2015-08-20 17:07:27'),
(3072, 132, 606, 177216, 177216, NULL, '2015-08-20 17:07:33'),
(3073, 140, 610, 177228, 177228, NULL, '2015-08-20 17:07:37'),
(3075, 133, 605, 177211, 177211, NULL, '2015-08-20 17:07:59'),
(3084, 139, 607, 177218, NULL, '1111111222211', '2015-08-20 17:08:43'),
(3091, 135, 604, 177207, 177207, NULL, '2015-08-20 17:09:12'),
(3093, 142, 604, 177208, 177208, NULL, '2015-08-20 17:09:19'),
(3094, 139, 608, 177221, 177221, NULL, '2015-08-20 17:09:42'),
(3096, 133, 606, 177214, 177214, NULL, '2015-08-20 17:09:49'),
(3103, 136, 609, 177226, 177226, NULL, '2015-08-20 17:10:14'),
(3105, 133, 607, 177218, NULL, '', '2015-08-20 17:10:21'),
(3107, 140, 611, 177231, 177231, NULL, '2015-08-20 17:10:24'),
(3109, 142, 605, 177212, 177212, NULL, '2015-08-20 17:10:43'),
(3110, 132, 607, 177218, NULL, '11222111', '2015-08-20 17:10:45'),
(3114, 139, 609, 177225, 177225, NULL, '2015-08-20 17:11:00'),
(3115, 136, 610, 177227, 177227, NULL, '2015-08-20 17:11:45'),
(3117, 138, 598, 177177, 177177, NULL, '2015-08-20 17:11:51'),
(3118, 138, 599, 177180, 177180, NULL, '2015-08-20 17:11:54'),
(3119, 133, 608, 177221, 177221, NULL, '2015-08-20 17:11:54'),
(3120, 139, 610, 177228, 177228, NULL, '2015-08-20 17:11:55'),
(3121, 135, 606, 177214, 177214, NULL, '2015-08-20 17:11:55'),
(3122, 138, 600, 177185, 177185, NULL, '2015-08-20 17:11:55'),
(3123, 138, 601, 177192, 177192, NULL, '2015-08-20 17:11:56'),
(3125, 132, 608, 177221, 177221, NULL, '2015-08-20 17:11:57'),
(3126, 138, 602, 177195, 177195, NULL, '2015-08-20 17:11:57'),
(3139, 142, 606, 177216, 177216, NULL, '2015-08-20 17:12:58'),
(3143, 138, 603, 177202, 177202, NULL, '2015-08-20 17:13:31'),
(3144, 131, 605, 177211, 177211, NULL, '2015-08-20 17:13:33'),
(3145, 138, 604, 177207, 177207, NULL, '2015-08-20 17:13:33'),
(3146, 138, 605, 177212, 177212, NULL, '2015-08-20 17:13:33'),
(3147, 138, 606, 177216, 177216, NULL, '2015-08-20 17:13:35'),
(3148, 138, 607, 177218, NULL, '112221', '2015-08-20 17:13:36'),
(3149, 138, 608, 177222, 177222, NULL, '2015-08-20 17:13:38'),
(3152, 138, 609, 177223, 177223, NULL, '2015-08-20 17:13:40'),
(3153, 138, 610, 177228, 177228, NULL, '2015-08-20 17:13:41'),
(3155, 138, 611, 177232, 177232, NULL, '2015-08-20 17:13:41'),
(3157, 132, 609, 177225, 177225, NULL, '2015-08-20 17:13:48'),
(3160, 138, 612, 177236, 177236, NULL, '2015-08-20 17:13:58'),
(3170, 142, 607, 177218, NULL, '11112221', '2015-08-20 17:14:18'),
(3175, 132, 610, 177229, 177229, NULL, '2015-08-20 17:14:57'),
(3176, 142, 608, 177222, 177222, NULL, '2015-08-20 17:15:00'),
(3177, 131, 606, 177216, 177216, NULL, '2015-08-20 17:15:04'),
(3178, 139, 611, 177231, 177231, NULL, '2015-08-20 17:15:06'),
(3179, 141, 598, 177177, 177177, NULL, '2015-08-20 17:15:07'),
(3180, 141, 599, 177182, 177182, NULL, '2015-08-20 17:15:10'),
(3181, 141, 600, 177186, 177186, NULL, '2015-08-20 17:15:11'),
(3182, 141, 601, 177191, 177191, NULL, '2015-08-20 17:15:11'),
(3184, 141, 602, 177198, 177198, NULL, '2015-08-20 17:15:12'),
(3185, 141, 603, 177201, 177201, NULL, '2015-08-20 17:15:13'),
(3186, 141, 604, 177206, 177206, NULL, '2015-08-20 17:15:15'),
(3188, 141, 605, 177210, 177210, NULL, '2015-08-20 17:15:16'),
(3189, 133, 609, 177225, 177225, NULL, '2015-08-20 17:15:16'),
(3190, 141, 606, 177215, 177215, NULL, '2015-08-20 17:15:17'),
(3192, 141, 607, 177218, NULL, '1222111', '2015-08-20 17:15:19'),
(3195, 141, 608, 177222, 177222, NULL, '2015-08-20 17:15:19'),
(3196, 141, 609, 177223, 177223, NULL, '2015-08-20 17:15:20'),
(3202, 132, 611, 177231, 177231, NULL, '2015-08-20 17:16:13'),
(3204, 131, 607, 177218, NULL, '11112221', '2015-08-20 17:16:26'),
(3205, 133, 610, 177229, 177229, NULL, '2015-08-20 17:16:28'),
(3207, 134, 598, 177177, 177177, NULL, '2015-08-20 17:16:43'),
(3208, 134, 599, 177182, 177182, NULL, '2015-08-20 17:16:46'),
(3209, 131, 608, 177222, 177222, NULL, '2015-08-20 17:16:47'),
(3210, 134, 600, 177185, 177185, NULL, '2015-08-20 17:16:47'),
(3211, 139, 606, 177216, 177216, NULL, '2015-08-20 17:16:47'),
(3212, 134, 601, 177192, 177192, NULL, '2015-08-20 17:16:47'),
(3213, 134, 602, 177195, 177195, NULL, '2015-08-20 17:16:48'),
(3214, 134, 603, 177200, 177200, NULL, '2015-08-20 17:16:49'),
(3215, 134, 604, 177208, 177208, NULL, '2015-08-20 17:16:50'),
(3216, 140, 598, 177177, 177177, NULL, '2015-08-20 17:16:50'),
(3217, 134, 605, 177212, 177212, NULL, '2015-08-20 17:16:51'),
(3218, 142, 609, 177223, 177223, NULL, '2015-08-20 17:16:52'),
(3219, 134, 606, 177216, 177216, NULL, '2015-08-20 17:16:52'),
(3220, 134, 607, 177218, NULL, '1111122211', '2015-08-20 17:16:54'),
(3221, 134, 608, 177221, 177221, NULL, '2015-08-20 17:16:55'),
(3222, 134, 609, 177226, 177226, NULL, '2015-08-20 17:16:56'),
(3223, 134, 610, 177228, 177228, NULL, '2015-08-20 17:16:57'),
(3224, 134, 611, 177231, 177231, NULL, '2015-08-20 17:16:59'),
(3226, 141, 610, 177227, 177227, NULL, '2015-08-20 17:17:20'),
(3228, 132, 612, 177240, 177240, NULL, '2015-08-20 17:17:23'),
(3229, 136, 598, 177177, 177177, NULL, '2015-08-20 17:17:31'),
(3232, 131, 609, 177225, 177225, NULL, '2015-08-20 17:17:32'),
(3233, 142, 610, 177228, 177228, NULL, '2015-08-20 17:17:34'),
(3236, 131, 610, 177228, 177228, NULL, '2015-08-20 17:17:36'),
(3238, 133, 611, 177232, 177232, NULL, '2015-08-20 17:17:45'),
(3239, 134, 612, 177240, 177240, NULL, '2015-08-20 17:17:51'),
(3241, 131, 611, 177232, 177232, NULL, '2015-08-20 17:17:52'),
(3242, 140, 599, 177183, 177183, NULL, '2015-08-20 17:17:52'),
(3243, 133, 612, 177239, 177239, NULL, '2015-08-20 17:17:53'),
(3244, 141, 611, 177231, 177231, NULL, '2015-08-20 17:17:54'),
(3245, 136, 599, 177183, 177183, NULL, '2015-08-20 17:17:59'),
(3246, 139, 598, 177177, 177177, NULL, '2015-08-20 17:18:00'),
(3248, 131, 598, 177177, 177177, NULL, '2015-08-20 17:18:00'),
(3249, 131, 599, 177183, 177183, NULL, '2015-08-20 17:18:06'),
(3250, 141, 612, 177237, 177237, NULL, '2015-08-20 17:18:06'),
(3251, 131, 600, 177188, 177188, NULL, '2015-08-20 17:18:08'),
(3252, 131, 601, 177193, 177193, NULL, '2015-08-20 17:18:08'),
(3253, 131, 602, 177198, 177198, NULL, '2015-08-20 17:18:08'),
(3254, 131, 603, 177201, 177201, NULL, '2015-08-20 17:18:09'),
(3255, 131, 604, 177207, 177207, NULL, '2015-08-20 17:18:10'),
(3257, 136, 600, 177188, 177188, NULL, '2015-08-20 17:18:42'),
(3258, 136, 601, 177190, 177190, NULL, '2015-08-20 17:19:16'),
(3259, 136, 602, 177198, 177198, NULL, '2015-08-20 17:19:21'),
(3260, 136, 603, 177202, 177202, NULL, '2015-08-20 17:19:34'),
(3261, 136, 604, 177205, 177205, NULL, '2015-08-20 17:19:35'),
(3262, 136, 605, 177210, 177210, NULL, '2015-08-20 17:19:43'),
(3263, 135, 607, 177218, NULL, '111112221', '2015-08-20 17:19:44'),
(3264, 136, 606, 177217, 177217, NULL, '2015-08-20 17:19:45'),
(3265, 135, 608, 177221, 177221, NULL, '2015-08-20 17:19:45'),
(3267, 135, 609, 177225, 177225, NULL, '2015-08-20 17:19:46'),
(3268, 135, 610, 177229, 177229, NULL, '2015-08-20 17:19:50'),
(3269, 135, 611, 177231, 177231, NULL, '2015-08-20 17:19:50'),
(3270, 140, 600, 177188, 177188, NULL, '2015-08-20 17:20:02'),
(3271, 140, 601, 177193, 177193, NULL, '2015-08-20 17:20:04'),
(3272, 135, 598, 177179, 177179, NULL, '2015-08-20 17:20:09'),
(3273, 135, 599, 177183, 177183, NULL, '2015-08-20 17:20:13'),
(3274, 135, 600, 177187, 177187, NULL, '2015-08-20 17:20:14'),
(3275, 135, 601, 177192, 177192, NULL, '2015-08-20 17:20:14'),
(3276, 135, 602, 177197, 177197, NULL, '2015-08-20 17:20:14'),
(3277, 135, 603, 177202, 177202, NULL, '2015-08-20 17:20:15'),
(3278, 136, 607, 177218, NULL, '11121211', '2015-08-20 17:20:30'),
(3279, 137, 599, 177183, 177183, NULL, '2015-08-20 17:20:49'),
(3280, 137, 600, 177186, 177186, NULL, '2015-08-20 17:20:52'),
(3281, 142, 611, 177231, 177231, NULL, '2015-08-20 17:20:54'),
(3282, 137, 601, 177192, 177192, NULL, '2015-08-20 17:21:01'),
(3283, 139, 599, 177183, 177183, NULL, '2015-08-20 17:21:06'),
(3284, 140, 602, 177198, 177198, NULL, '2015-08-20 17:21:23'),
(3285, 140, 603, 177202, 177202, NULL, '2015-08-20 17:21:33'),
(3286, 139, 600, 177186, 177186, NULL, '2015-08-20 17:21:34'),
(3287, 140, 604, 177205, 177205, NULL, '2015-08-20 17:21:38'),
(3288, 140, 605, 177211, 177211, NULL, '2015-08-20 17:21:39'),
(3289, 140, 606, 177216, 177216, NULL, '2015-08-20 17:21:40'),
(3290, 140, 607, 177218, NULL, '11112211', '2015-08-20 17:21:41'),
(3291, 139, 612, 177238, 177238, NULL, '2015-08-20 17:21:44'),
(3292, 142, 612, 177236, 177236, NULL, '2015-08-20 17:21:52');

-- --------------------------------------------------------

--
-- Table structure for table `user_quizzes`
--

CREATE TABLE IF NOT EXISTS `user_quizzes` (
  `id` int(11) NOT NULL AUTO_INCREMENT,
  `assignment_id` int(11) DEFAULT NULL,
  `user_id` int(11) DEFAULT NULL,
  `status` int(11) DEFAULT NULL,
  `added_date` datetime DEFAULT NULL,
  `success` int(11) DEFAULT NULL,
  `finish_date` datetime DEFAULT NULL,
  `pass_score_point` decimal(10,2) DEFAULT NULL,
  `pass_score_perc` decimal(10,2) DEFAULT NULL,
  `user_time` int(11) NOT NULL COMMENT '(time in seconds)',
  PRIMARY KEY (`id`),
  KEY `assignment_id` (`assignment_id`)
) ENGINE=InnoDB  DEFAULT CHARSET=utf8 AUTO_INCREMENT=143 ;

--
-- Dumping data for table `user_quizzes`
--

INSERT INTO `user_quizzes` (`id`, `assignment_id`, `user_id`, `status`, `added_date`, `success`, `finish_date`, `pass_score_point`, `pass_score_perc`, `user_time`) VALUES
(1, 6, 16, 2, '2015-08-15 12:34:36', 1, '2015-08-15 13:02:16', 27.87, 71.47, 1658),
(2, 6, 17, 2, '2015-08-15 12:34:39', 1, '2015-08-15 13:01:53', 40.27, 111.07, 1632),
(3, 6, 28, 2, '2015-08-15 12:34:44', 1, '2015-08-15 12:57:02', 32.60, 83.73, 1322),
(4, 6, 27, 2, '2015-08-15 12:34:48', 1, '2015-08-15 12:57:31', 35.80, 143.20, 1362),
(5, 6, 20, 2, '2015-08-15 12:34:49', 1, '2015-08-15 13:00:12', 11.27, 45.07, 1518),
(6, 6, 34, 2, '2015-08-15 12:34:50', 1, '2015-08-15 12:57:39', 14.27, 57.07, 1367),
(7, 6, 15, 2, '2015-08-15 12:34:51', 1, '2015-08-15 13:04:28', 7.80, 31.20, 1772),
(8, 6, 35, 2, '2015-08-15 12:34:51', 1, '2015-08-15 12:59:35', 10.47, 41.87, 1483),
(9, 6, 30, 2, '2015-08-15 12:34:52', 1, '2015-08-15 13:04:42', 6.07, 24.27, 1789),
(10, 6, 36, 2, '2015-08-15 12:34:52', 1, '2015-08-15 13:00:15', 9.07, 36.27, 1522),
(11, 6, 18, 2, '2015-08-15 12:34:53', 1, '2015-08-15 13:01:01', 9.73, 38.93, 1567),
(12, 6, 32, 2, '2015-08-15 12:34:53', 1, '2015-08-15 13:04:03', 8.60, 34.40, 1748),
(13, 6, 21, 2, '2015-08-15 12:34:54', 1, '2015-08-15 13:03:05', 4.07, 16.27, 1688),
(14, 6, 29, 2, '2015-08-15 12:34:55', 1, '2015-08-15 12:57:07', 13.33, 53.33, 1331),
(15, 6, 23, 2, '2015-08-15 12:35:03', 1, '2015-08-15 12:56:59', 8.60, 34.40, 1313),
(16, 6, 38, 2, '2015-08-15 12:35:04', 1, '2015-08-15 13:00:36', 50.00, 140.00, 1531),
(17, 6, 37, 2, '2015-08-15 12:35:05', 1, '2015-08-15 13:04:14', 42.60, 130.40, 1748),
(18, 6, 31, 3, '2015-08-15 12:35:08', 1, '2015-08-15 13:05:11', 15.73, 42.93, 1800),
(19, 6, 19, 2, '2015-08-15 12:35:23', 1, '2015-08-15 12:59:38', 52.07, 148.27, 1453),
(20, 6, 22, 2, '2015-08-15 12:35:47', 1, '2015-08-15 13:01:44', 28.93, 75.73, 1554),
(21, 6, 39, 2, '2015-08-15 12:39:29', 1, '2015-08-15 13:02:00', 40.80, 103.20, 1350),
(22, 6, 33, 2, '2015-08-15 12:42:42', 1, '2015-08-15 13:11:16', 31.60, 86.40, 1713),
(23, 7, 119, 2, '2015-08-20 15:03:14', 1, '2015-08-20 15:04:12', 7.00, 26.67, 56),
(24, 7, 118, 2, '2015-08-20 15:03:35', 1, '2015-08-20 15:04:40', 15.00, 80.00, 64),
(25, 8, 80, 2, '2015-08-20 16:20:05', 1, '2015-08-20 16:30:10', 1.00, 6.67, 604),
(26, 8, 79, 3, '2015-08-20 16:20:20', 1, '2015-08-20 16:45:50', 6.00, 33.33, 1500),
(27, 8, 85, 3, '2015-08-20 16:20:33', 1, '2015-08-20 16:45:34', 31.00, 100.00, 1500),
(28, 8, 87, 3, '2015-08-20 16:20:37', 1, '2015-08-20 16:45:41', 30.00, 86.67, 1500),
(29, 8, 84, 4, '2015-08-20 16:20:39', 1, '2015-08-20 17:22:46', 37.00, 93.33, 0),
(30, 8, 86, 3, '2015-08-20 16:20:42', 1, '2015-08-20 16:45:53', 36.00, 100.00, 1500),
(31, 8, 67, 2, '2015-08-20 16:20:50', 1, '2015-08-20 16:45:45', 5.00, 33.33, 1493),
(32, 8, 82, 3, '2015-08-20 16:20:51', 1, '2015-08-20 16:45:51', 12.00, 80.95, 1500),
(33, 8, 81, 3, '2015-08-20 16:20:52', 1, '2015-08-20 16:46:22', 10.00, 76.19, 1500),
(34, 8, 75, 3, '2015-08-20 16:20:54', 1, '2015-08-20 16:45:55', 3.00, 13.33, 1500),
(35, 8, 97, 3, '2015-08-20 16:20:56', 1, '2015-08-20 16:46:20', 5.00, 33.33, 1500),
(36, 8, 91, 3, '2015-08-20 16:20:56', 1, '2015-08-20 16:46:20', 5.00, 33.33, 1500),
(37, 8, 94, 3, '2015-08-20 16:20:56', 1, '2015-08-20 16:46:25', 9.00, 90.48, 1500),
(38, 8, 92, 2, '2015-08-20 16:20:56', 1, '2015-08-20 16:43:46', 7.00, 33.33, 1369),
(39, 8, 93, 3, '2015-08-20 16:20:56', 1, '2015-08-20 16:46:05', 12.00, 133.33, 1500),
(40, 8, 98, 2, '2015-08-20 16:20:57', 1, '2015-08-20 16:40:44', 13.00, 103.81, 1186),
(41, 8, 48, 3, '2015-08-20 16:20:57', 1, '2015-08-20 16:45:57', 4.00, 34.29, 1500),
(42, 8, 89, 3, '2015-08-20 16:20:57', 1, '2015-08-20 16:46:02', 9.00, 68.57, 1500),
(43, 8, 41, 2, '2015-08-20 16:20:57', 1, '2015-08-20 16:45:37', 8.00, 40.00, 1479),
(44, 8, 90, 3, '2015-08-20 16:20:57', 1, '2015-08-20 16:45:58', 4.00, 34.29, 1499),
(45, 8, 88, 3, '2015-08-20 16:20:58', 1, '2015-08-20 16:46:17', 3.00, 20.00, 1500),
(46, 8, 68, 3, '2015-08-20 16:20:58', 1, '2015-08-20 16:46:09', 4.00, 26.67, 1500),
(47, 8, 96, 4, '2015-08-20 16:20:59', 1, '2015-08-20 17:22:46', 5.00, 33.33, 0),
(48, 8, 16, 3, '2015-08-20 16:20:59', 1, '2015-08-20 16:46:07', 7.00, 40.00, 1500),
(49, 8, 95, 3, '2015-08-20 16:21:00', 1, '2015-08-20 16:46:03', 7.00, 40.00, 1500),
(50, 8, 83, 2, '2015-08-20 16:21:00', 1, '2015-08-20 16:45:54', 9.00, 53.33, 1492),
(51, 8, 59, 3, '2015-08-20 16:21:01', 1, '2015-08-20 16:46:17', 3.00, 20.00, 1500),
(52, 8, 40, 2, '2015-08-20 16:21:01', 1, '2015-08-20 16:45:42', 7.00, 40.00, 1480),
(53, 8, 17, 3, '2015-08-20 16:21:01', 1, '2015-08-20 16:46:04', 8.00, 46.67, 1500),
(54, 8, 77, 2, '2015-08-20 16:21:02', 1, '2015-08-20 16:45:46', 12.00, 66.67, 1483),
(55, 8, 78, 3, '2015-08-20 16:21:02', 1, '2015-08-20 16:46:15', 2.00, 13.33, 1500),
(56, 8, 69, 3, '2015-08-20 16:21:02', 1, '2015-08-20 16:46:02', 4.00, 26.67, 1499),
(57, 8, 56, 3, '2015-08-20 16:21:03', 1, '2015-08-20 16:46:17', 3.00, 20.00, 1500),
(58, 8, 70, 3, '2015-08-20 16:21:03', 1, '2015-08-20 16:46:03', 6.00, 33.33, 1500),
(59, 8, 74, 3, '2015-08-20 16:21:04', 1, '2015-08-20 16:46:12', 5.00, 33.33, 1500),
(60, 8, 62, 2, '2015-08-20 16:21:04', 1, '2015-08-20 16:45:31', 4.00, 26.67, 1464),
(61, 8, 61, 3, '2015-08-20 16:21:04', 1, '2015-08-20 16:46:08', 5.00, 33.33, 1500),
(62, 8, 60, 4, '2015-08-20 16:21:04', 1, '2015-08-20 17:22:46', 4.00, 13.33, 0),
(63, 8, 66, 3, '2015-08-20 16:21:05', 1, '2015-08-20 16:46:09', 3.00, 20.00, 1500),
(64, 8, 76, 3, '2015-08-20 16:21:07', 1, '2015-08-20 16:46:13', 4.00, 20.00, 1500),
(65, 8, 39, 3, '2015-08-20 16:21:07', 1, '2015-08-20 16:46:07', 5.00, 26.67, 1500),
(66, 8, 65, 2, '2015-08-20 16:21:07', 1, '2015-08-20 16:45:34', 2.00, 6.67, 1466),
(67, 8, 47, 3, '2015-08-20 16:21:09', 1, '2015-08-20 16:46:18', 6.00, 33.33, 1500),
(68, 8, 38, 2, '2015-08-20 16:21:09', 1, '2015-08-20 16:45:49', 6.00, 40.00, 1479),
(69, 8, 31, 2, '2015-08-20 16:21:11', 1, '2015-08-20 16:45:35', 11.00, 60.00, 1461),
(70, 8, 64, 2, '2015-08-20 16:21:11', 1, '2015-08-20 16:46:10', 7.00, 40.00, 1498),
(71, 8, 30, 3, '2015-08-20 16:21:11', 1, '2015-08-20 16:46:12', 4.00, 26.67, 1479),
(72, 8, 49, 3, '2015-08-20 16:21:14', 1, '2015-08-20 16:46:17', 9.00, 60.00, 1500),
(73, 8, 44, 3, '2015-08-20 16:21:17', 1, '2015-08-20 16:46:30', 6.00, 33.33, 1500),
(74, 8, 50, 3, '2015-08-20 16:21:17', 1, '2015-08-20 16:46:27', 3.00, 20.00, 1500),
(75, 8, 45, 3, '2015-08-20 16:21:18', 1, '2015-08-20 16:46:19', 3.00, 20.00, 1500),
(76, 8, 37, 2, '2015-08-20 16:21:18', 1, '2015-08-20 16:46:17', 5.00, 26.67, 1498),
(77, 8, 54, 2, '2015-08-20 16:21:18', 1, '2015-08-20 16:46:11', 8.00, 46.67, 1492),
(78, 8, 43, 3, '2015-08-20 16:21:19', 1, '2015-08-20 16:46:49', 6.00, 40.00, 1500),
(79, 8, 46, 3, '2015-08-20 16:21:21', 1, '2015-08-20 16:46:41', 2.00, 13.33, 1500),
(80, 8, 53, 3, '2015-08-20 16:21:22', 1, '2015-08-20 16:46:22', 10.00, 53.33, 1499),
(81, 8, 55, 3, '2015-08-20 16:21:22', 1, '2015-08-20 16:46:27', 2.00, 13.33, 1500),
(82, 8, 42, 3, '2015-08-20 16:21:22', 1, '2015-08-20 16:46:31', 7.00, 46.67, 1500),
(83, 8, 28, 3, '2015-08-20 16:21:29', 1, '2015-08-20 16:46:55', 9.00, 46.67, 1500),
(84, 8, 51, 3, '2015-08-20 16:21:31', 1, '2015-08-20 16:46:39', 4.00, 26.67, 1500),
(85, 8, 18, 3, '2015-08-20 16:21:33', 1, '2015-08-20 16:46:33', 4.00, 20.00, 1500),
(86, 8, 34, 3, '2015-08-20 16:21:34', 1, '2015-08-20 16:46:55', 3.00, 20.00, 1496),
(87, 8, 73, 3, '2015-08-20 16:21:34', 1, '2015-08-20 16:46:44', 3.00, 13.33, 1500),
(88, 8, 35, 2, '2015-08-20 16:21:35', 1, '2015-08-20 16:46:33', 6.00, 40.00, 1499),
(89, 8, 33, 3, '2015-08-20 16:21:36', 1, '2015-08-20 16:46:40', 10.00, 60.00, 1500),
(90, 8, 19, 2, '2015-08-20 16:21:36', 1, '2015-08-20 16:46:29', 7.00, 40.00, 1492),
(91, 8, 57, 2, '2015-08-20 16:21:36', 1, '2015-08-20 16:46:28', 11.00, 53.33, 1489),
(92, 8, 58, 3, '2015-08-20 16:21:38', 1, '2015-08-20 16:46:54', 7.00, 40.00, 1500),
(93, 8, 72, 3, '2015-08-20 16:21:38', 1, '2015-08-20 16:46:52', 6.00, 33.33, 1500),
(94, 8, 32, 3, '2015-08-20 16:21:38', 1, '2015-08-20 16:46:45', 4.00, 20.00, 1486),
(95, 8, 71, 3, '2015-08-20 16:21:39', 1, '2015-08-20 16:46:39', 5.00, 26.67, 1500),
(96, 8, 63, 2, '2015-08-20 16:21:40', 1, '2015-08-20 16:46:02', 6.00, 26.67, 1460),
(97, 8, 20, 3, '2015-08-20 16:21:42', 1, '2015-08-20 16:46:47', 6.00, 33.33, 1503),
(98, 8, 52, 3, '2015-08-20 16:21:45', 1, '2015-08-20 16:46:46', 8.00, 46.67, 1500),
(99, 8, 15, 3, '2015-08-20 16:21:45', 1, '2015-08-20 16:47:02', 0.00, 0.00, 1500),
(100, 8, 23, 3, '2015-08-20 16:21:50', 1, '2015-08-20 16:46:51', 11.00, 60.00, 1500),
(101, 8, 22, 3, '2015-08-20 16:21:53', 1, '2015-08-20 16:47:12', 10.00, 53.33, 1500),
(102, 8, 104, 2, '2015-08-20 16:23:01', 1, '2015-08-20 16:31:16', 2.00, 6.67, 493),
(103, 8, 101, 2, '2015-08-20 16:23:04', 1, '2015-08-20 16:44:58', 8.00, 46.67, 1314),
(104, 8, 120, 2, '2015-08-20 16:23:04', 1, '2015-08-20 16:39:13', 2.00, 13.33, 968),
(105, 8, 103, 3, '2015-08-20 16:23:05', 1, '2015-08-20 16:48:11', 9.00, 53.33, 1500),
(106, 8, 123, 2, '2015-08-20 16:23:07', 1, '2015-08-20 16:45:29', 3.00, 20.00, 1340),
(107, 8, 21, 3, '2015-08-20 16:23:07', 1, '2015-08-20 16:48:08', 3.00, 13.33, 1500),
(108, 8, 107, 3, '2015-08-20 16:23:08', 1, '2015-08-20 16:48:38', 7.00, 46.67, 1500),
(109, 8, 102, 2, '2015-08-20 16:23:09', 1, '2015-08-20 16:47:53', 7.00, 40.00, 1482),
(110, 8, 100, 2, '2015-08-20 16:23:09', 1, '2015-08-20 16:46:51', 14.00, 73.33, 1421),
(111, 8, 108, 3, '2015-08-20 16:23:12', 1, '2015-08-20 16:48:34', 5.00, 26.67, 1500),
(112, 8, 105, 2, '2015-08-20 16:23:12', 1, '2015-08-20 16:45:24', 5.00, 26.67, 1329),
(113, 8, 106, 3, '2015-08-20 16:23:13', 1, '2015-08-20 16:48:13', 4.00, 26.67, 1500),
(114, 8, 116, 2, '2015-08-20 16:23:13', 1, '2015-08-20 16:46:05', 2.00, 13.33, 1366),
(115, 8, 111, 2, '2015-08-20 16:23:13', 1, '2015-08-20 16:43:43', 4.00, 20.00, 1223),
(116, 8, 99, 2, '2015-08-20 16:23:16', 1, '2015-08-20 16:45:05', 12.00, 66.67, 1308),
(117, 8, 122, 2, '2015-08-20 16:23:23', 1, '2015-08-20 16:45:52', 6.00, 33.33, 1348),
(118, 8, 115, 2, '2015-08-20 16:23:24', 1, '2015-08-20 16:42:20', 5.00, 26.67, 1130),
(119, 8, 121, 2, '2015-08-20 16:23:27', 1, '2015-08-20 16:46:36', 3.00, 13.33, 1387),
(120, 8, 114, 2, '2015-08-20 16:23:29', 1, '2015-08-20 16:42:56', 6.00, 33.33, 1157),
(121, 8, 113, 2, '2015-08-20 16:23:32', 1, '2015-08-20 16:45:22', 2.00, 13.33, 1308),
(122, 8, 110, 2, '2015-08-20 16:23:33', 1, '2015-08-20 16:48:28', 10.00, 53.33, 1494),
(123, 8, 109, 3, '2015-08-20 16:23:37', 1, '2015-08-20 16:48:37', 7.00, 40.00, 1497),
(124, 8, 117, 3, '2015-08-20 16:23:41', 1, '2015-08-20 16:48:41', 2.00, 13.33, 1500),
(125, 8, 112, 2, '2015-08-20 16:23:45', 1, '2015-08-20 16:46:45', 4.00, 20.00, 1379),
(126, 8, 29, 3, '2015-08-20 16:24:48', 1, '2015-08-20 16:49:50', 9.00, 53.33, 1500),
(127, 8, 129, 2, '2015-08-20 16:29:27', 1, '2015-08-20 16:51:55', 10.00, 53.33, 1347),
(128, 8, 130, 4, '2015-08-20 16:33:27', 1, '2015-08-20 17:22:46', 3.00, 13.33, 0),
(129, 8, 124, 2, '2015-08-20 16:40:24', 1, '2015-08-20 17:02:34', 4.00, 20.00, 1330),
(130, 8, 131, 2, '2015-08-20 16:43:16', 1, '2015-08-20 16:53:20', 6.00, 26.67, 605),
(131, 8, 128, 3, '2015-08-20 16:53:11', 1, '2015-08-20 17:18:11', 6.00, 33.33, 1499),
(132, 8, 136, 2, '2015-08-20 16:53:56', 1, '2015-08-20 17:17:23', 10.00, 53.33, 1403),
(133, 8, 126, 2, '2015-08-20 16:54:09', 1, '2015-08-20 17:17:53', 1.00, 6.67, 1422),
(134, 8, 133, 2, '2015-08-20 16:54:57', 1, '2015-08-20 17:17:51', 9.00, 46.67, 1372),
(135, 8, 141, 3, '2015-08-20 16:55:16', 1, '2015-08-20 17:20:16', 5.00, 26.67, 1496),
(136, 8, 138, 4, '2015-08-20 16:55:32', 1, '2015-08-20 17:22:46', 4.00, 26.67, 0),
(137, 8, 127, 3, '2015-08-20 16:56:02', 1, '2015-08-20 17:21:07', 1.00, 6.67, 1500),
(138, 8, 135, 2, '2015-08-20 16:56:05', 1, '2015-08-20 17:13:58', 5.00, 26.67, 1060),
(139, 8, 132, 2, '2015-08-20 16:56:55', 1, '2015-08-20 17:21:45', 8.00, 46.67, 1472),
(140, 8, 36, 3, '2015-08-20 16:57:00', 1, '2015-08-20 17:22:02', 8.00, 46.67, 1481),
(141, 8, 125, 2, '2015-08-20 16:57:07', 1, '2015-08-20 17:18:06', 4.00, 26.67, 1237),
(142, 8, 140, 2, '2015-08-20 16:57:14', 1, '2015-08-20 17:21:52', 6.00, 33.33, 1456);

-- --------------------------------------------------------

--
-- Table structure for table `user_types`
--

CREATE TABLE IF NOT EXISTS `user_types` (
  `id` int(11) NOT NULL,
  `type_name` varchar(200) DEFAULT NULL,
  PRIMARY KEY (`id`)
) ENGINE=InnoDB DEFAULT CHARSET=utf8;

--
-- Dumping data for table `user_types`
--

INSERT INTO `user_types` (`id`, `type_name`) VALUES
(1, 'Admin'),
(2, 'User');

-- --------------------------------------------------------

--
-- Table structure for table `users`
--

CREATE TABLE IF NOT EXISTS `users` (
  `UserID` int(11) NOT NULL AUTO_INCREMENT,
  `UserName` varchar(50) NOT NULL,
  `Password` varchar(50) NOT NULL,
  `Name` varchar(150) NOT NULL,
  `Surname` varchar(150) NOT NULL,
  `added_date` timestamp NOT NULL DEFAULT CURRENT_TIMESTAMP ON UPDATE CURRENT_TIMESTAMP,
  `user_type` int(11) DEFAULT NULL,
  `email` varchar(200) DEFAULT NULL,
  PRIMARY KEY (`UserID`)
) ENGINE=InnoDB  DEFAULT CHARSET=utf8 AUTO_INCREMENT=160 ;

--
-- Dumping data for table `users`
--

INSERT INTO `users` (`UserID`, `UserName`, `Password`, `Name`, `Surname`, `added_date`, `user_type`, `email`) VALUES
(12, 'admin', '21232f297a57a5a743894a0e4a801fc3', 'admin', 'admin', '2011-10-27 06:32:06', 1, 'admin'),
(14, 'user', 'ee11cbb19052e40b07aac0ca060c23ee', 'user', 'user', '2011-10-27 08:40:30', 2, 'user'),
(15, 'user2', '7e58d63b60197ceb55a1c487989a3720', 'user2', 'user2', '2011-10-27 08:40:40', 2, 'user2'),
(16, 'user3', '92877af70a45fd6a2ed7fe81e1236b78', 'user3', 'user3', '2011-10-27 08:40:53', 2, 'user3'),
(17, 'user4', '3f02ebe3d7929b091e3d8ccfde2f3bc6', 'user4', 'user4', '2011-10-27 08:41:03', 2, 'user4'),
(18, 'user5', '0a791842f52a0acfbb3a783378c066b8', 'user5', 'user5', '2011-10-27 08:41:11', 2, 'user5'),
(19, 'user6', 'affec3b64cf90492377a8114c86fc093', 'user6', 'user6', '2011-10-27 08:41:19', 2, 'user6'),
(20, 'user7', '3e0469fb134991f8f75a2760e409c6ed', 'user7', 'user7', '2011-10-27 08:41:32', 2, 'user7'),
(21, 'user8', '7668f673d5669995175ef91b5d171945', 'user8', 'user8', '2011-10-27 08:41:39', 2, 'user8'),
(22, 'user9', '8808a13b854c2563da1a5f6cb2130868', 'user9', 'user9', '2011-10-27 08:42:01', 2, 'user9'),
(23, 'user10', '990d67a9f94696b1abe2dccf06900322', 'user10', 'user10', '2011-10-27 08:42:08', 2, 'user10'),
(24, 'user', 'ee11cbb19052e40b07aac0ca060c23ee', 'test', 'giver', '2015-02-01 00:08:27', 2, ''),
(27, 'user1', '24c9e15e52afc47c225b757e7bee1f9d', 'user1', 'user1', '2015-02-28 15:51:32', 2, 'user1'),
(28, 'user11', '03aa1a0b0375b0461c1b8f35b234e67a', 'user11', 'user11', '2015-02-27 08:09:13', 2, 'user11'),
(29, 'user12', 'd781eaae8248db6ce1a7b82e58e60435', 'user12', 'user12', '2015-02-27 08:09:13', 2, 'user12'),
(30, 'user13', 'd09979d794a6ee60d836f884739f7196', 'user13', 'user13', '2015-02-27 08:09:13', 2, 'user13'),
(31, 'user14', 'ef06d5cbf35386ff2203d186eeff7923', 'user14', 'user14', '2015-02-27 08:09:13', 2, 'user14'),
(32, 'user15', '726dedc0d6788b05f486730edcc0e871', 'user15', 'user15', '2015-02-27 08:09:13', 2, 'user15'),
(33, 'user16', '8a62f0beaa5ae938956f5ea290321336', 'user16', 'user16', '2015-02-27 08:09:13', 2, 'user16'),
(34, 'user17', '2b4233ebec7a45e1fb8ddd1aab794f7b', 'user17', 'user17', '2015-02-27 08:09:13', 2, 'user17'),
(35, 'user18', '7ac18a1893e1d2bd5b46958ce1d2a8d0', 'user18', 'user18', '2015-02-27 08:09:13', 2, 'user18'),
(36, 'user19', '2baab43f784b5b530b5347a50490bb0a', 'user19', 'user19', '2015-02-27 08:09:13', 2, 'user19'),
(37, 'user20', '10880c7f4e4209eeda79711e1ea1723e', 'user20', 'user20', '2015-02-27 08:09:13', 2, 'user20'),
(38, 'user21', '2e129db15b6d6db5342ba5d328642262', 'user21', 'user21', '2015-02-27 08:09:13', 2, 'user21'),
(39, 'user22', '87dc1e131a1369fdf8f1c824a6a62dff', 'user22', 'user22', '2015-02-27 08:09:13', 2, 'user22'),
(40, 'user23', '00a65dd47e842bcc3d82a296301071fb', 'user23', 'user23', '2015-02-27 08:09:13', 2, 'user23'),
(41, 'user24', '5e6c9b24829588e0ac8f7d8074a4bfd4', 'user24', 'user24', '2015-02-27 08:09:13', 2, 'user24'),
(42, 'user25', '0f8f84c18bfd5244ed976f63924a8a0e', 'user25', 'user25', '2015-02-27 08:09:13', 2, 'user25'),
(43, 'user26', 'a507ac920f797876259f3c91f5cdef99', 'user26', 'user26', '2015-02-27 08:09:13', 2, 'user26'),
(44, 'user27', '078d079e6146dec4dbf2135a8e513e2e', 'user27', 'user27', '2015-02-27 08:09:13', 2, 'user27'),
(45, 'user28', 'b6f7fac0074f6508e5a4540ad89b55c0', 'user28', 'user28', '2015-02-27 08:09:13', 2, 'user28'),
(46, 'user29', '244fd63d0adbf673130fce2f222078a5', 'user29', 'user29', '2015-02-27 08:09:13', 2, 'user29'),
(47, 'user30', '40b13b85e6e4fc9c4a6f24379db20a39', 'user30', 'user30', '2015-02-27 08:09:14', 2, 'user30'),
(48, 'user31', '0c673c53a29acb19c7e55b292d259e4d', 'user31', 'user31', '2015-02-27 08:09:14', 2, 'user31'),
(49, 'user32', 'd21dbd2c4e178b2cb55dce0c6a43effc', 'user32', 'user32', '2015-02-27 08:09:14', 2, 'user32'),
(50, 'user33', 'c6f273ac241a04216e0a703c18c36532', 'user33', 'user33', '2015-02-27 08:09:14', 2, 'user33'),
(51, 'user34', '9ece8c4020f8aed10676cd1c56a41889', 'user34', 'user34', '2015-02-27 08:09:14', 2, 'user34'),
(52, 'user35', '8cd5a487792e95045574fe205e4efdf9', 'user35', 'user35', '2015-02-27 08:09:14', 2, 'user35'),
(53, 'user36', '41a2abe109f243e12e72133cf46ea5db', 'user36', 'user36', '2015-02-27 08:09:14', 2, 'user36'),
(54, 'user37', '657bc81a9e2fba4293ed712d02a82191', 'user37', 'user37', '2015-02-27 08:09:14', 2, 'user37'),
(55, 'user38', 'e6f3956464556eb0f7e310ccfaebe1d1', 'user38', 'user38', '2015-02-27 08:09:14', 2, 'user38'),
(56, 'user39', '89a0afa8bca03ba74e75fe1e36d1a431', 'user39', 'user39', '2015-02-27 08:09:14', 2, 'user39'),
(57, 'user40', '3695b09d29f3d88d21ad2bbfc230edae', 'user40', 'user40', '2015-02-27 08:09:14', 2, 'user40'),
(58, 'user41', 'bb534b6741a863fd098b8ea0a709d680', 'user41', 'user41', '2015-02-27 08:09:14', 2, 'user41'),
(59, 'user42', 'fd8689cb80113b68be586d8b5a6aa06a', 'user42', 'user42', '2015-02-27 08:09:14', 2, 'user42'),
(60, 'user43', 'f0b3b7623d3bedf898459673d778319e', 'user43', 'user43', '2015-02-27 08:09:14', 2, 'user43'),
(61, 'user44', '93b1ad3cfaeb254ea3c68ee7ea23c582', 'user44', 'user44', '2015-02-27 08:09:14', 2, 'user44'),
(62, 'user45', 'ff0aa5febff01840387a57bf41db361d', 'user45', 'user45', '2015-02-27 08:09:14', 2, 'user45'),
(63, 'user46', 'e02181454edbd5c9103b73061e58cd9c', 'user46', 'user46', '2015-02-27 08:09:14', 2, 'user46'),
(64, 'user47', 'cd654cbb5fea850adf5a28ef7a6e2994', 'user47', 'user47', '2015-02-27 08:09:14', 2, 'user47'),
(65, 'user48', '92007d4feb0c68600f6ea3423d65dea0', 'user48', 'user48', '2015-02-27 08:09:14', 2, 'user48'),
(66, 'user49', '923b25d9d294c98405bfd70ac7604701', 'user49', 'user49', '2015-02-27 08:09:14', 2, 'user49'),
(67, 'user50', '5d68f62085335588b67cf713ed6b3cfb', 'user50', 'user50', '2015-02-27 08:09:14', 2, 'user50'),
(68, 'user51', '903a4fb3dc3db3f194ff4d50d5dd1f06', 'user51', 'user51', '2015-02-27 08:09:14', 2, 'user51'),
(69, 'user52', '603ac5175e0b004e988fa8b1fda8c142', 'user52', 'user52', '2015-02-27 08:09:15', 2, 'user52'),
(70, 'user53', '5a7b32f28b607c1cdca4f6821054a998', 'user53', 'user53', '2015-02-27 08:09:15', 2, 'user53'),
(71, 'user54', 'a45c60cc393deac09b742f8bb58e275f', 'user54', 'user54', '2015-02-27 08:09:15', 2, 'user54'),
(72, 'user55', '0bbf349b0c07a1777892a8d13937571e', 'user55', 'user55', '2015-02-27 08:09:15', 2, 'user55'),
(73, 'user56', '75626fed9acb19545a0e2c0a6d5b19d7', 'user56', 'user56', '2015-02-27 08:09:15', 2, 'user56'),
(74, 'user57', '0699ddd40db0b8a986ecf120f5b872e5', 'user57', 'user57', '2015-02-27 08:09:15', 2, 'user57'),
(75, 'user58', '81a84a94d8313e42753674c2eeaa0186', 'user58', 'user58', '2015-02-27 08:09:15', 2, 'user58'),
(76, 'user59', '03a2b89f849223644395d2951dadff6c', 'user59', 'user59', '2015-02-27 08:09:15', 2, 'user59'),
(77, 'user60', '0d44502f9db3fa0f1c2dd0b523573f8b', 'user60', 'user60', '2015-02-27 08:09:15', 2, 'user60'),
(78, 'user61', 'c16fd6e47644c2451f53235797d05252', 'user61', 'user61', '2015-02-27 08:09:15', 2, 'user61'),
(79, 'user62', '9708fa05fcb3e7f4ccc675379da49353', 'user62', 'user62', '2015-02-27 08:09:15', 2, 'user62'),
(80, 'user63', 'be2b07d84f10f8b3b3cae84b620cf166', 'user63', 'user63', '2015-02-27 08:09:15', 2, 'user63'),
(81, 'user64', '8f03eb402fb51efd87a8fa821ef71e36', 'user64', 'user64', '2015-02-27 08:09:15', 2, 'user64'),
(82, 'user65', '994204a8bf2b1cb2dd875643c0607be7', 'user65', 'user65', '2015-02-27 08:09:15', 2, 'user65'),
(83, 'user66', 'ee8c50f66027b5867b029f14d8cc6566', 'user66', 'user66', '2015-02-27 08:09:15', 2, 'user66'),
(84, 'user67', 'c8ce9fddb99dbb5d3a80b207246f74b5', 'user67', 'user67', '2015-02-27 08:09:15', 2, 'user67'),
(85, 'user68', 'e40c701b30b098a3c632425d845f95e3', 'user68', 'user68', '2015-02-27 08:09:15', 2, 'user68'),
(86, 'user69', '446e3045851a8538cd64d8b7e82dbc37', 'user69', 'user69', '2015-02-27 08:09:15', 2, 'user69'),
(87, 'user70', '1af70c8771c50d65f8ba3d678e90e1e9', 'user70', 'user70', '2015-02-27 08:09:15', 2, 'user70'),
(88, 'user71', 'ceb8dce4ae22145e78522275f277435d', 'user71', 'user71', '2015-02-27 08:09:15', 2, 'user71'),
(89, 'user72', '8c4b3595f4509c39f6435176354b61b9', 'user72', 'user72', '2015-02-27 08:09:15', 2, 'user72'),
(90, 'user73', '00ed29a6406651afe71482b5470432f5', 'user73', 'user73', '2015-02-27 08:09:15', 2, 'user73'),
(91, 'user74', '5e9ea435dd2df6ec80402f291d9df643', 'user74', 'user74', '2015-02-27 08:09:16', 2, 'user74'),
(92, 'user75', 'f0c42ab73bcb8e92099ab3c7d389b57e', 'user75', 'user75', '2015-02-27 08:09:16', 2, 'user75'),
(93, 'user76', '05d7c46897b133cde5c4345442737622', 'user76', 'user76', '2015-02-27 08:09:16', 2, 'user76'),
(94, 'user77', 'f330353f8c4cc94205ec099bead3053c', 'user77', 'user77', '2015-02-27 08:09:16', 2, 'user77'),
(95, 'user78', 'a9f93a64f168d5eb0de529331648591b', 'user78', 'user78', '2015-02-27 08:09:16', 2, 'user78'),
(96, 'user79', '3d62bbb65605350d9cf43fad107b093e', 'user79', 'user79', '2015-02-27 08:09:16', 2, 'user79'),
(97, 'user80', 'e876db23879ffaa9793f6a102e5063e6', 'user80', 'user80', '2015-02-27 08:09:16', 2, 'user80'),
(98, 'user81', '2b2c3ac6fd5656c66b6349297f7c8f34', 'user81', 'user81', '2015-02-27 08:09:16', 2, 'user81'),
(99, 'user82', '9edb92515fc5ae08c2d8f9bca5c16c4b', 'user82', 'user82', '2015-02-27 08:09:16', 2, 'user82'),
(100, 'user83', 'ccf718bf7d49ae991b33f88452a627ed', 'user83', 'user83', '2015-02-27 08:09:16', 2, 'user83'),
(101, 'user84', '7f11aff8ee3ab2d4561f4f5bb996f538', 'user84', 'user84', '2015-02-27 08:09:16', 2, 'user84'),
(102, 'user85', '5e50bebfaee0312ad55e13ced21b88e6', 'user85', 'user85', '2015-02-27 08:09:16', 2, 'user85'),
(103, 'user86', 'd59cfe083c72a3fad01d607c9e347122', 'user86', 'user86', '2015-02-27 08:09:16', 2, 'user86'),
(104, 'user87', '117c29a4d1b26107f19570a5d1595ee0', 'user87', 'user87', '2015-02-27 08:09:16', 2, 'user87'),
(105, 'user88', '2077a0f8539ebe890a3dc0beb6c7a444', 'user88', 'user88', '2015-02-27 08:09:16', 2, 'user88'),
(106, 'user89', '3ebab37e751cc294662d6b3a24d01b40', 'user89', 'user89', '2015-02-27 08:09:16', 2, 'user89'),
(107, 'user90', '13731d57d40149e7b6a3a549e4042293', 'user90', 'user90', '2015-02-27 08:09:16', 2, 'user90'),
(108, 'user91', '0e4552acbe2f5ff5416fea0a7c0fbf7a', 'user91', 'user91', '2015-02-27 08:09:16', 2, 'user91'),
(109, 'user92', '90706f14ef1087cf9501b926fe97533e', 'user92', 'user92', '2015-02-27 08:09:16', 2, 'user92'),
(110, 'user93', '538065c753a7d5868f7d19de1cdff3e3', 'user93', 'user93', '2015-02-27 08:09:16', 2, 'user93'),
(111, 'user94', '2a3db66301df919cb3d78ca7411be0c6', 'user94', 'user94', '2015-02-27 08:09:16', 2, 'user94'),
(112, 'user95', 'a132cbbd6a2c2981165a239e22fba6c7', 'user95', 'user95', '2015-02-27 08:09:17', 2, 'user95'),
(113, 'user96', '91d8d21d21d64d8890aae88a01537e24', 'user96', 'user96', '2015-02-27 08:09:17', 2, 'user96'),
(114, 'user97', 'b79fbe59e7c297447e5005b13814cd9f', 'user97', 'user97', '2015-02-27 08:09:17', 2, 'user97'),
(115, 'user98', '88c0f392517ad8ea55bb7643a67dcbeb', 'user98', 'user98', '2015-02-27 08:09:17', 2, 'user98'),
(116, 'user99', '485ddf8dd90940f69b2f2274af864ad3', 'user99', 'user99', '2015-02-27 08:09:17', 2, 'user99'),
(117, 'user100', '2a33a3553c5eb270ef8539bad6cb85d9', 'user100', 'user100', '2015-02-27 08:09:17', 2, 'user100'),
(118, 'vivek', '061a01a98f80f415b1431236b62bb10b', 'vivek', 'vivek', '2015-08-20 09:32:24', 2, 'vivek'),
(119, 'pk', '1cd3c693132f4c31b5b5e5f4c5eed6bd', 'pk', 'pk', '2015-08-20 09:32:40', 2, 'pk'),
(120, 'user101', 'aeda77527e83076ec42b0ec2d880d066', 'user101', 'user101', '2015-08-20 10:35:49', 2, 'user101'),
(121, 'user102', '08f396f5b6e770cbd38d3f8482e01fd3', 'user102', 'user102', '2015-08-20 10:36:34', 2, 'user102'),
(122, 'user103', 'ae3f616591705e892a73f195dde2614b', 'user103', 'user103', '2015-08-20 10:37:41', 2, 'user103'),
(123, 'user104', '279c2ddab764f32252da0f367f5de63d', 'user104', 'user104', '2015-08-20 10:39:08', 2, 'user104'),
(124, 'user105', 'dc3e25c2fcc4745bec2c63a6b7d533ff', 'user105', 'user105', '2015-08-20 10:39:22', 2, 'user105'),
(125, 'user106', 'f33f03fa2ffae853dbd6286eda6fe956', 'user106', 'user106', '2015-08-20 10:39:33', 2, 'user106'),
(126, 'user107', 'abe5a16d74fee59f90e39afda20d83e9', 'user107', 'user107', '2015-08-20 10:39:51', 2, 'user107'),
(127, 'user108', '3e0b60da59272efc2f96e17d69885577', 'user108', 'user108', '2015-08-20 10:40:05', 2, 'user108'),
(128, 'user109', '4af5cc2e4db3f6485af13a1f12e0fdac', 'user109', 'user109', '2015-08-20 10:40:22', 2, 'user109'),
(129, 'user110', 'df44b9c539df5d091ad690600e8b7e8a', 'user110', 'user110', '2015-08-20 10:40:35', 2, 'user110'),
(130, 'user111', '0c534ed3fff7d2bfd32ee19d84644e3f', 'user111', 'user111', '2015-08-20 10:40:47', 2, 'user111'),
(131, 'user112', '31e2aef0101bc6d8dc07a67cfe06f76e', 'user112', 'user112', '2015-08-20 10:41:38', 2, 'user112'),
(132, 'user113', 'a902632a0d514d0742b2afaa469a83ee', 'user113', 'user113', '2015-08-20 10:41:49', 2, 'user113'),
(133, 'user114', '70103367f6a9a7273dab6a05f5a90393', 'user114', 'user114', '2015-08-20 10:42:04', 2, 'user114'),
(134, 'user115', 'f978328d425bb3100da67c3328e63cc1', 'user115', 'user115', '2015-08-20 10:42:15', 2, 'user115'),
(135, 'user116', '409595f1788614253740bef972498026', 'user116', 'user116', '2015-08-20 10:42:28', 2, 'user116'),
(136, 'user117', '7f6ce5fb3e7de92d09f6b00a6b4d0c62', 'user117', 'user117', '2015-08-20 10:42:42', 2, 'user117'),
(137, 'user118', '129a0a720c4b4698c2f5844fd56d8927', 'user118', 'user118', '2015-08-20 10:42:56', 2, 'user118'),
(138, 'user119', 'db9ed813f4bfe56c01a680350b1eca6b', 'user119', 'user119', '2015-08-20 10:43:08', 2, 'user119'),
(139, 'user120', '6ecb47db85de5e16e2b710a80aa8fb44', 'user120', 'user120', '2015-08-20 10:43:36', 2, 'user120'),
(140, 'user121', '79956d617467f7c647191c06d0a10a6a', 'user121', 'user121', '2015-08-20 10:43:48', 2, 'user121'),
(141, 'user122', '92913dcd57aa05251aec0eb8d6cb2e11', 'user122', 'user122', '2015-08-20 10:44:11', 2, 'user122'),
(142, 'user126', '6b9c1fa3229cbd1c7f7969ccdcdbebb1', 'user126', 'user126', '2015-08-20 11:10:33', 2, 'user126'),
(143, 'user127', '669887c44e4cf99b635d2527050a40de', 'user127', 'user127', '2015-08-20 11:11:15', 2, 'user127'),
(144, 'user128', '4dfe1721ef86ac47896623af161be673', 'user128', 'user128', '2015-08-20 11:11:27', 2, 'user128'),
(146, 'user129', '0abe8cb9712b9e1052b944291f7d3b20', 'user129', 'user129', '2015-08-20 11:11:57', 2, 'user129'),
(147, 'user130', '3dcce8efd2286f5bd73801f253bdff37', 'user130', 'user130', '2015-08-20 11:12:12', 2, 'user130'),
(148, 'user131', '599b60f343e0cd5d7623c0e586b44ab6', 'user131', 'user131', '2015-08-20 11:12:22', 2, 'user131'),
(149, 'user132', '3e5136631c0f87215dcf00a6b2ea53d7', 'user132', 'user132', '2015-08-20 11:12:34', 2, 'user132'),
(150, 'user133', 'd47169f5796b1525be1869128f34c0f5', 'user133', 'user133', '2015-08-20 11:12:47', 2, 'user133'),
(151, 'user134', '6e9d4e722290a03fb3dd5e061be5d594', 'user134', 'user134', '2015-08-20 11:13:00', 2, 'user134'),
(152, 'user135', 'fe8ebf28c4d49b955b472a56b68abead', 'user135', 'user135', '2015-08-20 11:13:11', 2, 'user135'),
(153, 'user136', '7a7d35b29ec0a79de027233d614177ae', 'user136', 'user136', '2015-08-20 11:13:28', 2, 'user136'),
(154, 'user137', 'c815840799c2d62af196fc55313c6361', 'user137', 'user137', '2015-08-20 11:13:40', 2, 'user137'),
(155, 'user138', '9f0162db78f2ec3c5bf914d6ed0542d2', 'user138', 'user138', '2015-08-20 11:13:52', 2, 'user138'),
(156, 'user139', 'b7e1ed2f896eab1b8a73c2637526ffdc', 'user139', 'user139', '2015-08-20 11:14:06', 2, 'user139'),
(157, 'user140', 'ec6c96ca6a73096fcb5fbb0c9141cad6', 'user140', 'user140', '2015-08-20 11:14:18', 2, 'user140'),
(158, 'user141', 'ba480fb295a93fa5f892b0b57a463faf', 'user141', 'user141', '2015-08-20 11:14:30', 2, 'user141'),
(159, 'user142', '713f82ea91628af7ff82ce3c5fdfd6df', 'user142', 'user142', '2015-08-20 11:14:54', 2, 'user142');

-- --------------------------------------------------------

--
-- Stand-in structure for view `v_imported_users`
--
CREATE TABLE IF NOT EXISTS `v_imported_users` (
`UserID` int(11)
,`Name` varchar(250)
,`Surname` varchar(255)
,`UserName` varchar(150)
,`Password` varchar(150)
);
-- --------------------------------------------------------

--
-- Structure for view `v_imported_users`
--
DROP TABLE IF EXISTS `v_imported_users`;

CREATE ALGORITHM=UNDEFINED DEFINER=`root`@`localhost` SQL SECURITY DEFINER VIEW `v_imported_users` AS select `imported_users`.`id` AS `UserID`,`imported_users`.`name` AS `Name`,`imported_users`.`surname` AS `Surname`,`imported_users`.`user_name` AS `UserName`,`imported_users`.`password` AS `Password` from `imported_users`;

--
-- Constraints for dumped tables
--

--
-- Constraints for table `answers`
--
ALTER TABLE `answers`
  ADD CONSTRAINT `answers_ibfk_1` FOREIGN KEY (`group_id`) REFERENCES `question_groups` (`id`) ON DELETE CASCADE;

--
-- Constraints for table `assignment_users`
--
ALTER TABLE `assignment_users`
  ADD CONSTRAINT `assignment_users_ibfk_1` FOREIGN KEY (`assignment_id`) REFERENCES `assignments` (`id`) ON DELETE CASCADE;

--
-- Constraints for table `question_groups`
--
ALTER TABLE `question_groups`
  ADD CONSTRAINT `question_groups_ibfk_1` FOREIGN KEY (`question_id`) REFERENCES `questions` (`id`) ON DELETE CASCADE;

--
-- Constraints for table `questions`
--
ALTER TABLE `questions`
  ADD CONSTRAINT `questions_ibfk_1` FOREIGN KEY (`quiz_id`) REFERENCES `quizzes` (`id`) ON DELETE CASCADE,
  ADD CONSTRAINT `questions_ibfk_2` FOREIGN KEY (`quiz_id`) REFERENCES `quizzes` (`id`) ON DELETE CASCADE;

--
-- Constraints for table `user_quizzes`
--
ALTER TABLE `user_quizzes`
  ADD CONSTRAINT `user_quizzes_ibfk_1` FOREIGN KEY (`assignment_id`) REFERENCES `assignments` (`id`) ON DELETE CASCADE;

/*!40101 SET CHARACTER_SET_CLIENT=@OLD_CHARACTER_SET_CLIENT */;
/*!40101 SET CHARACTER_SET_RESULTS=@OLD_CHARACTER_SET_RESULTS */;
/*!40101 SET COLLATION_CONNECTION=@OLD_COLLATION_CONNECTION */;
